事件标题,时间,城市,链接,罪种,置信度
Celina convida deputados do MDB para almoço em meio a possível racha,2026-06-23T03:45:21+00:00,DF / Brasília,https://www.metropoles.com/colunas/grande-angular/celina-convida-deputados-do-mdb-para-almoco-em-meio-a-possivel-racha,outros,95
Juiz ameaça punir vítima de violência em audiência no DF: &quot;Arrogante&quot;,2026-06-23T03:45:21+00:00,DF / Brasília,https://www.metropoles.com/colunas/mirelle-pinheiro/juiz-ameaca-penalizar-vitima-de-violencia-em-sessao-no-df-arrogante,violencia,85
Advogado é condenado após denúncia de falsa agressão durante prisão,2026-06-23T03:45:21+00:00,DF / Brasília,https://www.metropoles.com/distrito-federal/na-mira/advogado-e-condenado-apos-denuncia-de-falsa-agressao-durante-prisao,fraude,90
Homem fecha cortina para agredir namorada; vizinha filma e chama polcia,2026-06-23T00:10:02-03:00,MG / Belo Horizonte,https://noticias.uol.com.br/cotidiano/ultimas-noticias/2026/06/23/homem-fecha-cortina-para-agredir-namorada-vizinha-filma-e-chama-policia.ghtm,violencia,95
"'Meu filho está há dois anos sem o pai em casa', diz viúva de motorista morto no caso Gritzbach após júri ser anulado",2026-06-23T03:00:44+00:00,SP / São Paulo,https://g1.globo.com/sp/sao-paulo/noticia/2026/06/23/meu-filho-esta-ha-dois-anos-sem-o-pai-em-casa-diz-viuva-de-motorista-morto-no-caso-gritzbach-apos-juri-ser-anulado.ghtml,homicidio,95
Entenda por que o júri dos PMs acusados de matar Vinícius Gritzbach foi anulado em Guarulhos,2026-06-23T03:00:40+00:00,SP / Guarulhos,https://g1.globo.com/sp/sao-paulo/noticia/2026/06/23/entenda-por-que-o-juri-dos-pms-acusados-de-matar-vinicius-gritzbach-foi-anulado-em-guarulhos.ghtml,homicidio,95
"Roubo a joalheria termina com mulher refm, tiros e cerco policial no PR",2026-06-22T23:47:12-03:00,PR / Curitiba / Batel,https://tnonline.uol.com.br/noticias/parana/roubo-a-joalheria-termina-com-mulher-refem-tiros-e-cerco-policial-no-pr-1101950,roubo,100
Agricultor morre preso às ferragens após capotar em estrada vicinal,2026-06-22T22:41:00-04:00,MS / Ponta Porã / Nova Itamarati,https://www.campograndenews.com.br/cidades/interior/agricultor-morre-preso-as-ferragens-apos-capotar-em-estrada-vicinal,outros,95
Dupla suspeita de manter família refém durante assalto são presos após tiroteio na BR-040 - O TEMPO,2026-06-23T02:21:40+00:00,MG / Juiz de Fora,https://news.google.com/rss/articles/CBMizgFBVV95cUxPdjhkMHk3SjZFcGhuX2xRblBFdXJSbWg4MEV3dHNHU1lLMm55TjRTRUNfQnJSN204bjdKTkwwSlFybDdkVjRHX2t4UWUwYVlLYjRweVk3TFpXb0pwT0hKUFRkell4UHN4VEtPeDlBclFjYTJCVlZVWTZZaHFEOGJRMDFZbElRUGlCdm5lNE0wZlJlTkRHemE3OW1ZVTY4am81VllIbkNzUGtGRl9oRkxaR2YwSUxMTzlLcVN4UjVqRFFZem53TXRsSkFlZUZ5UdIB0wFBVV95cUxNN2xQOVQ5VVpZOUhiUFBCOHRLYnZEZ1FtbE5lTlVleU14NjJlc2RTdnJscVE3UDNWRUV0Vk5uNUphNXZfanB5d09zTHhnYW9XMC16UE9yZlpiWWVNX2N6d18tTURPb2tUdzZQTnY2bnZGdllFcFdYVWdFYUlEUGpaS2FfNG1sdkNlMllZbGc2YnluaVhrQzRoWmV0dm1hODA2bTRQTUtGYW1iQTh5T09yUndGVE1GU0tUc3NlaVRpVVNJQi1wbjlxbHNOWG9HcDMwYXBj?oc=5,sequestro,95
Hacker que invadiu sistema da Femarh é condenado a multa e serviço comunitário,2026-06-23T02:05:09+00:00,RR / Boa Vista,https://g1.globo.com/rr/roraima/noticia/2026/06/22/hacker-que-invadiu-sistema-da-femarh-e-condenado-a-multa-e-servico-comunitario.ghtml,fraude,85
Corsa Sedan é tomado por assalto na zona rural de Santo André; criminosos fugiram com destino ignorado - Paraíba Mix,2026-06-23T02:02:31+00:00,PB / Santo André / zona rural,https://news.google.com/rss/articles/CBMizAFBVV95cUxPV0FOS0l4WTNaUURBamhoM1VRUUM0QzZLQW80dXJkcXVGMXZPYjR1R1ZFWkt2ZzdRTjBTMzVwMzB3VmE5Z0ZseFVSNkFEOTZUOTV0WHZJcXBYWExQcWlJZ29ocnd5VnlNeFlUeFBCeTFtdERRdFBIMXpGUTZrVHRZdFJwSEJocWN3WFV4MDUyWEhnUXh6ejF0MlN2aEFkWHQ2VHQxa1hZV1NKdzRFVnZSYkpyWXN1SGthSnN2dDZwQ3BySG5FS0lvZDA2NmI?oc=5,roubo,100
Trs instrutores so indiciados por morte de jovem lanada sem corda em SP,2026-06-22T23:02:13-03:00,SP / Limeira,https://noticias.uol.com.br/cotidiano/ultimas-noticias/2026/06/22/policia-civil-indiciamento-caso-rope-jump-sp.ghtm,homicidio,100
Mortes de PC Farias e Suzana completam 30 anos com processo encerrado e memria em disputa,2026-06-22T23:00:00-03:00,AL / Maceió / Jatiúca,https://redir.folha.com.br/redir/online/poder/rss091/*https://www1.folha.uol.com.br/poder/2026/06/mortes-de-pc-farias-e-suzana-completam-30-anos-com-processo-encerrado-e-memoria-em-disputa.shtml,homicidio,100
Quem é Karina Kufa? Advogada que vai se casar com Thiago Brennand em presídio,2026-06-23T01:52:03+00:00,SP / Potim,https://diariodopara.com.br/cotidiano/quem-e-karina-kufa-advogada-que-vai-se-casar-com-thiago-brennand-em-presidio/,outros,85
Denúncia coletiva de servidores de UPA contra Cavala é arquivada,2026-06-22T21:47:00-04:00,MS / Dourados,https://www.campograndenews.com.br/cidades/interior/denuncia-coletiva-de-servidores-de-upa-contra-cavala-e-arquivada,outros,95
PF prende dois investigados por tráfico internacional de armas e drogas em Belém,2026-06-23T01:36:13+00:00,PA / Belém,https://diariodopara.com.br/policia/pf-prende-dois-investigados-por-trafico-internacional-de-armas-e-drogas-em-belem/,policia,95
Pai encontra filho ferido em mata após jovem relatar sequestro,2026-06-22T21:26:00-04:00,MS / Ladário,https://www.campograndenews.com.br/cidades/interior/pai-encontra-filho-ferido-em-mata-apos-jovem-relatar-sequestro,sequestro,100
"'Mulheres têm outras atribuições em casa', diz Zema ao anunciar que, se eleito, pretende exigir estudo só dos homens no Bolsa Família",2026-06-23T01:09:31+00:00,DF / Brasília,https://g1.globo.com/politica/eleicoes/2026/noticia/2026/06/22/mulheres-tem-outras-atribuicoes-em-casa-diz-zema-ao-anunciar-que-se-eleito-pretende-exigir-estudo-so-dos-homens-no-bolsa-familia.ghtml,outros,100
Idoso de 86 anos fica em estado grave após ser atropelado por caminhão na BR-364 no Acre,2026-06-23T01:02:39+00:00,AC / Bujari,https://g1.globo.com/ac/acre/noticia/2026/06/22/idoso-de-86-anos-fica-em-estado-grave-apos-ser-atropelado-por-caminhao-na-br-364-no-acre.ghtml,veiculo,95
Jovem é preso por divulgar montagem sexual com foto de adolescente,2026-06-23T00:51:59+00:00,DF / Brasília,https://www.metropoles.com/distrito-federal/jovem-e-preso-por-divulgar-montagem-sexual-com-foto-de-adolescente,menor,95
Polícia apreende 6kg de skunk em encomenda enviada do RJ para Fortaleza,2026-06-23T00:38:14+00:00,CE / Fortaleza,https://g1.globo.com/ce/ceara/noticia/2026/06/22/policia-apreende-6kg-de-skunk-em-encomenda-enviada-do-rj-para-fortaleza.ghtml,policia,95
Laudo no aponta leses em criana que teria sofrido abuso no clube do Palmeiras,2026-06-22T21:36:00-03:00,SP / São Paulo / Perdizes,https://redir.folha.com.br/redir/online/cotidiano/rss091/*https://www1.folha.uol.com.br/cotidiano/2026/06/laudo-nao-aponta-lesoes-em-crianca-que-teria-sofrido-abuso-no-clube-do-palmeiras.shtml,estupro,95
Julgamento dos PMs acusados de executar Vinicius Gritzbach é anulado; delator do PCC foi morto no aeroporto de Guarulhos em 2024,2026-06-23T00:35:48+00:00,SP / Guarulhos,https://g1.globo.com/jornal-nacional/noticia/2026/06/22/julgamento-dos-pms-acusados-de-executar-vinicius-gritzbach-e-anulado-delator-do-pcc-foi-morto-no-aeroporto-de-guarulhos-em-2024.ghtml,homicidio,95
Vídeo: cão da raça Shih Tzu é resgatado após ficar preso em cerca elétrica,2026-06-23T00:28:59+00:00,CE / Barbalha,https://g1.globo.com/ce/ceara/noticia/2026/06/22/video-cao-da-raca-shih-tzu-e-resgatado-apos-ficar-preso-em-cerca-eletrica.ghtml,outros,95
"Coronel, chefe do tráfico na Favela do Muquiço, é preso no Hospital de Acari",2026-06-23T00:26:39+00:00,RJ / Rio de Janeiro / Acari,https://g1.globo.com/rj/rio-de-janeiro/noticia/2026/06/22/coronel-chefe-do-trafico-na-favela-do-muquico-e-preso-no-hospital-de-acari.ghtml,trafico,95
"Ministério Público estuda investigar reajuste de 11,93% na tarifa de água em Cuiabá",2026-06-23T00:15:37+00:00,MT / Cuiabá,https://g1.globo.com/mt/mato-grosso/noticia/2026/06/22/ministerio-publico-estuda-investigar-reajuste-de-1193percent-na-tarifa-de-agua-em-cuiaba.ghtml,fraude,85
"Cadela resgatada após sofrer zoofilia é morta a tiro em Tucumã, sul do Pará",2026-06-23T00:10:57+00:00,PA / Tucumã,https://g1.globo.com/pa/para/noticia/2026/06/22/cadela-resgatada-apos-sofrer-zoofilia-e-morta-a-tiro-em-tucuma-no-para.ghtml,outros,95
Suspeito de lavagem de dinheiro é preso com R$ 700 mil em espécie na Bahia,2026-06-23T00:09:58+00:00,BA / Porto Seguro,https://g1.globo.com/ba/bahia/noticia/2026/06/22/suspeito-de-lavagem-de-dinheiro-e-preso.ghtml,fraude,95
Julgamento do caso Gritzbach é anulado e terá de recomeçar,2026-06-22T21:00:51-03:00,SP / São Paulo,https://www.cartacapital.com.br/justica/julgamento-do-caso-gritzbach-e-anulado-e-tera-de-recomecar/,homicidio,100
Dono de pizzaria é morto a tiros no estabelecimento comercial em Fortaleza,2026-06-22T23:51:16+00:00,CE / Fortaleza / Henrique Jorge,https://g1.globo.com/ce/ceara/noticia/2026/06/22/dono-de-pizzaria-e-morto-a-tiros-no-estabelecimento-comercial-em-fortaleza.ghtml,homicidio,100
Dono de pizzaria é morto a tiros no estabelecimento comercial em Fortaleza - G1,2026-06-22T23:51:16+00:00,CE / Fortaleza,https://news.google.com/rss/articles/CBMiyAFBVV95cUxQTm9ZRkJZTlBpVENhNE00aTJIcUMyQmgzYWo2QlJlQ1F5b2JjNG4tdG5QUG1GMDg3V2hqdm9FQ2FmUmdMd19ITmdvWDFVQlRNMThfbVRmVGhEYzJwTmFQOU5BWnJXUjl3M25ucVhMQWtSNlFLckg0MVlFSUpfaDBvRUYtU0ZiaWZReXc1eUV2UU5PMXczQVo3VDdBNmJjRFoxdjVpWEJ5TEZUQmlic3VsX0cwOW53My1WQUNFeTloZEdWckl4V25vMNIB1wFBVV95cUxQT3NyU1RGdnVlVXc4T2txdjJkRktpNDFNNkowcDhLUEc4Z3k1cF9rWGdDTldZcjhZeTVkMFE4azlUSkM5MUF3OHhMM2pQWFd0b05wN3dLTDQzME5oQnR0VVpqVmJJTGdoOHI0dUl6YzRUQk5icENCakhoRUpOc295QkVPUzNzMHIwYTV2c2RzdFNiMC1TbWJSTGFwaV9xc0hRMVpBWnV4T1B0TWRMbElnZGQ1bXFhRXV2X0N4UFNrMlA4ekQ2S003Z2tTdXdXZG9UYWh5emtrRQ?oc=5,homicidio,100
Trio é preso por sequestro de casal com pedido de R$ 2 milhões em resgate no Pará,2026-06-22T23:36:03+00:00,PA / Barcarena,https://g1.globo.com/pa/para/noticia/2026/06/22/policia-prende-suspeitos-de-sequestrar-casal-em-barcarena-e-pedir-r-2-milhoes-em-resgate-no-pa.ghtml,sequestro,100
Premiê de Quebec reafirma que Montreal é segura após ataque a tiros,2026-06-22T23:35:56+00:00,QC / Montreal,https://www.cnnbrasil.com.br/internacional/premie-de-quebec-reafirma-que-montreal-e-segura-apos-ataque-a-tiros/,violencia,85
"Ex-professor da USP vira réu por estupro, assédio e importunação",2026-06-22T23:34:58+00:00,SP / São Paulo,https://www.metropoles.com/sao-paulo/ex-professor-da-usp-vira-reu-por-estupro-assedio-e-importunacao,estupro,100
"Light anuncia captação de R$ 1,2 bi para aumento de capital",2026-06-22T23:33:50+00:00,RJ / Rio de Janeiro,https://www.cnnbrasil.com.br/infra/light-anuncia-captacao-de-r-12-bi-para-aumento-de-capital/,fraude,80
PM de folga reage e mata em suspeito dentro de Faculdade em SP,2026-06-22T23:33:39+00:00,SP / São Paulo / Capão Redondo,https://www.cnnbrasil.com.br/nacional/sudeste/sp/pm-de-folga-reage-e-atira-em-suspeito-dentro-de-faculdade-em-sp/,policia,95
Júri popular de PMs acusados de matar delator do PCC é anulado,2026-06-22T23:33:19+00:00,SP / Guarulhos,https://istoe.com.br/juri-popular-pms-acusados-matar-delator-pcc-anulado,homicidio,95
"“Recebeu voz de abordagem e tentou sacar a arma”, diz delegada sobre assalto que terminou com morte em Pelotas - GZH",2026-06-22T23:28:59+00:00,RS / Pelotas,https://news.google.com/rss/articles/CBMirgJBVV95cUxONlVyMk05Ukhya2lTN3E2RFlqTGx6dVRkdU1lS041NFYtZm9Xb3Z5X05JMkJuWERUc01oT3N5dVV4aWFnMVpLcEx0QU1DY2FCQ1JWQmhmS0x6RDVCMVFoOE9lVy00blZqUkR0T2xyN1BWN1ZCYmRoZFhuMnlZQWhjc0F6WS1xbFZWd1VKbTBQbGR6VVZ5aTRXZC1NRlVJWVh0Wm9HVVd5VFpOQ3ozOTMwY2EyaTJzYXl3cTV4Q05IRVRSM3hfVzFJU0xra0hvUmFPcjl6UnZycjBiUkdCX2s0MXMyR094bWJ1S2loOXE4Sl9Fd2dlVWhULTdXbTBhN2tiNW1nS0RiTExIeVlNbzBXNjQxQ2s2RGt6MTBqQ2FFOE03UFI2bGRmV0FtYm9oQQ?oc=5,homicidio,100
Fux mantém exclusividade do BRB sobre depósitos judiciais do Tribunal de Justiça da Bahia,2026-06-22T23:23:42+00:00,BA / Salvador,https://g1.globo.com/df/distrito-federal/noticia/2026/06/22/fux-concede-liminar-e-mantem-exclusividade-do-brb-para-depositos-judiciais-do-tj-da-bahia.ghtml,outros,95
Suspeito é baleado e morto em estacionamento de centro universitário,2026-06-22T23:23:24+00:00,SP / São Paulo,https://www.metropoles.com/sao-paulo/suspeito-e-baleado-e-morto-em-estacionamento-de-centro-universitario,homicidio,95
MP denuncia dois suspeitos de latrocínio de motorista de aplicativo em Porto Alegre - GZH,2026-06-22T23:18:58+00:00,RS / Porto Alegre,https://news.google.com/rss/articles/CBMiggJBVV95cUxOaEt3bS1xZlNWQS1HQV9faUJFdXVHMl9yTVh3bkVYbFc2enlGZW92SWJBYjFYVzZHZkpJUGQxWmhGRjlRTEgwcS1sb0piUWFMaEMzVm1KM1FQdzFoUjR6RHNyMHp4eW5TWEo2Z1RobDZ2cnBQNXE1aGVaakhmempnRnBUYmFTQk9fZkRBVzhvMzJ5V1BHN3dZZ184Zkl0LVFJaWNIZ3czRlRqNHBYZlV1bUExRDE3b01QYURmYThLWm8yRmpUZGdoUGNSNnhoYWxLaGJjM2RyLWR0WkpUMmtnLS1NTFpDYUJFWFRycWxNenVLT2s3THNNTG5oY1RGWkxNN2c?oc=5,homicidio,100
Vídeo mostra momento em que criminosos rendem funcionária e roubam joalheria no Shopping Crystal - Banda B,2026-06-22T23:01:00+00:00,PR / Curitiba,https://news.google.com/rss/articles/CBMijwFBVV95cUxPU3NTajdZUGxIZzAzUjlZWkxhOWJpdUZpcU5XT2UteTQtODY5RlRCRWdnNUsxblpSRkJmcjNPQUROb0NtYjJ3RVVHbHBnX1pJdmd4YTY1U0tlN193VG5WMjhtSVIxcDJMUWs2d1NXOUpWX0ZTZXo3TE1kOUhjU29mbVBva3RibU00R1BHdUQ5d9IBlAFBVV95cUxOVl81SkVmVnMxSHBRLWNQSVNwU2ZhaHZ3MXY5SnNVZGJvNHZraDJSQWVKX01KajhNZXN3bk81M2ZfejRSdVE0dFAxbjlnR3Q5RWtGZWhqWjhITDM1blRHd1c0aUhDUjNhNGVMX3FNZmNnNHFoZ1ZyR1JqTFN4c2lYckhfUVFac2w1YWQ5dUFjZURUMThm?oc=5,roubo,100
Homem morre baleado em estacionamento de faculdade na zona sul de So Paulo,2026-06-22T19:59:00-03:00,SP / São Paulo / Capão Redondo,https://redir.folha.com.br/redir/online/cotidiano/rss091/*https://www1.folha.uol.com.br/cotidiano/2026/06/homem-morre-baleado-em-estacionamento-de-faculdade-na-zona-sul-de-sao-paulo.shtml,homicidio,100
"'Eu tô dilacerada', diz mãe de jovem morta a facadas em Rocha Miranda; ex-marido é suspeito",2026-06-22T22:58:37+00:00,RJ / Rio de Janeiro / Rocha Miranda,https://g1.globo.com/rj/rio-de-janeiro/noticia/2026/06/22/eu-to-dilacerada-diz-mae-de-jovem-morta-a-facadas-em-rocha-miranda-ex-marido-e-suspeito.ghtml,homicidio,100
Fim dos alagamentos: o que muda no Bairro da Paz com a entrega do Canal Mangabeira,2026-06-22T22:50:03+00:00,BA / Salvador / Bairro da Paz,https://atarde.com.br/politica/jeronimo-entrega-obra-que-promete-fim-de-alagamentos-no-bairro-da-paz-1392959,outros,100
Incêndio atinge casarão no centro de Salvador,2026-06-22T22:48:08+00:00,BA / Salvador / Barris,https://atarde.com.br/salvador/incendio-atinge-casarao-no-centro-de-salvador-1392958,outros,95
Concurso público da Assembleia Legislativa do Amazonas é homologado com previsão de início de convocação em julho,2026-06-22T22:43:44+00:00,AM / Manaus,https://g1.globo.com/am/amazonas/noticia/2026/06/22/concurso-publico-da-assembleia-legislativa-do-amazonas-e-homologado-com-previsao-de-inicio-de-convocacao-em-julho.ghtml,outros,90
SSP-PI prende homem condenado por roubo majorado na zona Sudeste de Teresina - A10+,2026-06-22T22:36:10+00:00,PI / Teresina / Zona Sudeste,https://news.google.com/rss/articles/CBMixwFBVV95cUxPUjQyZW5QLTNtQk5IbUlFSV9IUUVpR3VDUmJJZXkyMFMyMmZmZ3lHTHlyd2o0OUJvcUlYc2NrUHhoS2plMVI1bFFkeVRzLUtaMHVXQldwUVhRTjhOcDh4U3RfSEt0OURsTnY4eW40VjkwNmNaVzFBM2UzaURDdXlTQTRkc3otcnYyTnRwVFdYSW5JYjlfSXpfZTBnUnNiWTdKcEdJSHpXVHZpcFdvSkk2UVVfQW8xVk5pNlVHRUg0RUt2VG9OZnFJ0gHHAUFVX3lxTE9SNDJlblAtM21CTkhtSUVJX0hRRWlHdUNSYklleTIwUzIyZmZneUdMeXJ3ajQ5Qm9xSVhzY2tQeGhLamUxUjVsUWR5VHMtS1owdVdCV3BRWFFOOE5wOHhTdF9IS3Q5RGxOdjh5bjRWOTA2Y1pXMUEzZTNpREN1eVNBNGRzei1ydjJOdHBUV1hJbkliOV9Jel9lMGdSc2JZN0pwR0lIeldUdmlwV29KSTZRVV9BbzFWTmk2VUdFSDRFS3ZUb05mcUk?oc=5,roubo,95
Jri do caso Gritzbach  anulado aps defesa abandonar plenrio,2026-06-22T19:36:00-03:00,SP / São Paulo,https://redir.folha.com.br/redir/online/cotidiano/rss091/*https://www1.folha.uol.com.br/cotidiano/2026/06/juri-do-caso-gritzbach-e-anulado-apos-defesa-abandonar-plenario.shtml,homicidio,95
Receita Federal vai indenizar empresa por apreender caminhão indevidamente,2026-06-22T18:35:00-04:00,MS / Corumbá,https://www.campograndenews.com.br/brasil/cidades/receita-federal-vai-indenizar-empresa-por-apreender-caminhao-indevidamente,veiculo,75
Polícia divulga vídeo de investigado por matar homem em Divinópolis; ele pode estar no Norte de MG,2026-06-22T22:33:07+00:00,MG / Divinópolis / Planalto,https://g1.globo.com/mg/grande-minas/noticia/2026/06/22/policia-divulga-video-de-investigado-por-matar-homem-em-divinopolis-ele-pode-estar-no-norte-de-mg.ghtml,homicidio,100
Câmeras de monitoramento registram fuga dos criminosos após assalto a joalheria do Shopping Crystal - CBN Curitiba,2026-06-22T22:30:28+00:00,PR / Curitiba,https://news.google.com/rss/articles/CBMi0gFBVV95cUxOS2xTQm51aUVuZEZxOXZHMWZLWFk3V1lUVC1iSkZSYkpqc1lmeGlOV2RmWi1McDlZNWl2LTV0dURzMjNvWDAybXNSS0R6SjhyWEl3X2duWjI0RndvclM5ajJxdUswRndMOXBVNmlkQUJ2TjNNU21jOENnZ1o2d1lYT0QtMmNkaFhqNEZJQU5uMW1ydDdWZUNIdFFLVHNNY3Y3dkxkWG5pYzBYSUdZNWFnTmlFdVlUVmhuSVpJdEtfUXk1dkZxRUN5RGQ2OFV2OFN6ZHc?oc=5,roubo,95
Vídeo mostra assalto contra pedestres na Zona Norte de Manaus; suspeitos foram presos,2026-06-22T22:28:22+00:00,AM / Manaus / Nova Cidade,https://g1.globo.com/am/amazonas/noticia/2026/06/22/video-mostra-assalto-contra-pedestres-na-zona-norte-de-manaus-suspeitos-foram-presos.ghtml,roubo,100
Vídeo mostra assalto contra pedestres na Zona Norte de Manaus; suspeitos foram presos - G1,2026-06-22T22:28:22+00:00,AM / Manaus / Zona Norte,https://news.google.com/rss/articles/CBMi2gFBVV95cUxPd3d5M2xrck5tNmlQQjhSb29iYVl1RkhVVXpOOVFMdGNmdk5KVnp2R2lKM0RSYUlDTU9pa0Rvb0U5cHlFYVBaR19OR21iUEVNU3Q1S0t4d1c5cjNNSUoyRTgzNG9DUXo4c3FSZENjTmkxaGczNVY1U3VocG1CVTI4bEZDb3RFY2liRjZwbTZBeFNza1lqcTR6Z3FNdzAzZjlLUWNZYXNHWHQ5TlVIQU1rc0NfZnNYNFlKT05IdW5FMDZiR1JIRmJ2Rk8zdzVadElvbTVlUWpxMVZhUdIB6AFBVV95cUxPOGdWZHVYb19oTTZJZDcwYVBHMk5CWExFYndKRURUT29YOUNLSUJlS19kZ29lOG9YTUkyX1JJUUJOWW5WQnYxUWU0bEpkdTgxNERHMURQQjE4VUhIMzQyN05EdV9hZXZsbVY5a3diNWdIY2RraENXd2ZFNzVRaEkxSHZudlJEcWRHMzFHYVdIMjRNVUN2VS1lSXRmemxoR0NfaEhPZGtpUDdBQmRxUmJUQlJfV3h3SFQ1Q3gzdHdfWFUyMW96b1ZXbDhiMFZpRnVVS1E0S3F5dWRnZXY2c09pXzJWYUc5N2Qx?oc=5,roubo,95
Família busca por adolescente desaparecida há 26 dias a caminho da escola no Amapá,2026-06-22T22:28:10+00:00,AP / Macapá / Marabaixo,https://g1.globo.com/ap/amapa/noticia/2026/06/22/familia-busca-por-adolescente-desaparecida-ha-26-dias-a-caminho-da-escola-no-amapa.ghtml,menor,95
Justiça do Rio mantém condenação de segurança do bicheiro Bid pela morte do patrão,2026-06-22T22:23:53+00:00,RJ / Rio de Janeiro,https://g1.globo.com/rj/rio-de-janeiro/noticia/2026/06/22/tj-rj-recurso-seguranca-bicheiro-bid.ghtml,homicidio,100
"Filho mata mãe, a decapita e atitude após o crime choca até policiais: “Matou e colocou uma carne para descongelar”, disse sargento - CGN",2026-06-22T22:21:00+00:00,PR / Cascavel,https://news.google.com/rss/articles/CBMi8wFBVV95cUxOYVBSalBfWDhKSk5vSVIyWWc4YmdVOHJBNkh6RVJsejZYazRGd0dtV1JiX0xLNVpFdVdtWU9PcmROT0U5M0NYY0RPZlI5VGlQdVZZYVEtZ0JQVkxsR0JreTlEYXhjYnVIUDJXOTVXWjNjODNmQm1SUnB6alNtVWQxby1yb1dkbnJ1NWdjQ194cG5fM1JrWHEtYUlUVDc3WUxTTEhiVkRFemRvdzNpSmZpLUIydHZNU0RVbFVPWkNQdURVZmo5dkk3N0dieEcwSmg4RC1kQlB5ZTJOZ0Vzb1NjeW9Na21DZlZmSmlmalZYVzhMREHSAfgBQVVfeXFMUFVzX21VTzQtX0ZPQnZLTmc3UWdTRWE0OGxrcjdqelpCUzV2dU50UTlCTlhJNGhETTAwbEpQQTExNlRUSEZJSjZmZnVBajFMMGVySExKXzJLcEc5ZUlGLU5FOTFOVGU4Qjd5ZUpHMUhHdERLOGt0WXFDSERNTmNfeHdHY29XbkpucnoyZ1VWc1NzNXFQY3czc3MyRjAzMW9BOHZJdnRvdnhoRG8tNUhCVUV4QWd6VVdBVXlZM2ZaVkh2YzdCN0JudHpvWEhUTWRVRGJLM1lLRmU4X0FjZUhmTUJXb2NFdFVKbmdNTkxqeTMzNXR4NFVwWjQ?oc=5,homicidio,100
"Vendedor de milho é morto a tiros no meio da rua em Casa Amarela, no Recife - Diario de Pernambuco",2026-06-22T22:20:00+00:00,PE / Recife / Casa Amarela,https://news.google.com/rss/articles/CBMi3wFBVV95cUxNbldZNXhFSjdhVzhKcXZRRlpjMnpSeTZxS3BjdzVJUjJBaEZYUktpSnVoaDIwanBES2x3Qk9Uc1Zlb3hTOUJMRzhKMHlFQ3M2c1pKblJSOVFaZGJkSl85ZG5fT2lEaWI1VDBhMTRIQ3R0MDVkVjgzdmpuUnpuTTdDODFIcWk1c1ZZdWJxb2ZuRkdIZk8yN1lKU1UyWjNmLUlfQl9EMVlQWUF6OVRhQlhIWFVJOUk4UGQwa05VNi0zNURnWHpwZ3hTX0ZnalZ2QlVyWWNxT05fZVFrQTZ5WXd3?oc=5,homicidio,100
Influenciador registra correria após assalto a joalheria em shopping de Curitiba - CBN Curitiba,2026-06-22T22:19:54+00:00,PR / Curitiba,https://news.google.com/rss/articles/CBMiuAFBVV95cUxOWk9May16azAyQVdjWFdlRGNZcmlZZ3RNNU9sZnZicDk3S1ZiNk8zeFZYS0hxd0dtYXkwLWxtM0wzZ1dNMmhsLV92Sm1XLURiUlBHWXd1ZUxRV2htQmxxR0NMckpSR0Mtb19CcWN2Z0xCZDlaWjA5MUtORnRVN1VrcndrZDV4dkF5Z3dqVDk4dlJ5Ym1PcnBybVMyVVc2ZHFaNTBkem9hRnFVWUd3cTNISUNlelNEdEdH?oc=5,roubo,100
Defesa de PMs acusados de assassinar Gritzbach abandona plenário após briga com promotor e júri é anulado,2026-06-22T22:17:49+00:00,SP / Guarulhos,https://g1.globo.com/sp/sao-paulo/noticia/2026/06/22/caso-gritzbach-briga-entre-promotor-e-advogados-de-pms-acusados-de-assassinatos-marca-1o-dia-de-juri.ghtml,homicidio,95
Diocese denuncia atraso de R$ 20 milhões em repasses do governo a hospital e casa de acolhida no Acre,2026-06-22T22:17:01+00:00,AC / Rio Branco,https://g1.globo.com/ac/acre/noticia/2026/06/22/diocese-denuncia-atraso-de-r-20-milhoes-em-repasses-do-governo-a-hospital-e-casa-de-acolhida-no-acre.ghtml,outros,90
"Dez meses após Justiça devolver vaga, candidato 'reprovado' em banca racial no CNU ainda tenta tomar posse",2026-06-22T22:15:13+00:00,DF / Brasília,https://g1.globo.com/df/distrito-federal/noticia/2026/06/22/dez-meses-apos-justica-devolver-vaga-candidato-reprovado-em-banca-racial-no-cnu-ainda-tenta-tomar-posse.ghtml,outros,95
Técnica de enfermagem é presa por extorquir família de paciente em UTI,2026-06-22T22:14:51+00:00,DF / Brasília,https://www.metropoles.com/distrito-federal/entorno/tecnica-de-enfermagem-e-presa-por-extorquir-familia-de-paciente-em-uti,fraude,95
Suspeito de matar mulher trans é preso sete meses depois do crime em Nova Mutum,2026-06-22T22:07:14+00:00,MT / Nova Mutum / Zona Rural,https://g1.globo.com/mt/mato-grosso/noticia/2026/06/22/suspeito-de-matar-mulher-trans-e-preso-sete-meses-depois-do-crime-em-nova-mutum.ghtml,homicidio,100
Exposição em museu usa IA para dar voz a heróis do hino de Mato Grosso do Sul,2026-06-22T18:07:00-04:00,MS / Campo Grande,https://www.campograndenews.com.br/educacao-e-tecnologia/exposicao-em-museu-usa-ia-para-dar-voz-a-herois-do-hino-de-mato-grosso-do-sul,outros,100
Tentativa de roubo em centro universitário de SP deixa um morto - UOL Notícias,2026-06-22T22:06:54+00:00,SP / São Paulo,https://news.google.com/rss/articles/CBMisAFBVV95cUxQVm9XUExpb21QQ3pfeURRMHlsQjR1NERhOVREa2NvVEphc1NweHN2STVvNTVqc196cGRTMXg5NVZNRmNBT3Zzcl9BS0NYSERCX2E4ZmhzUzB1Q2JLS3BUOXRQYlJyak83bkl3ejd0SGNLclY0V2Q1ZXN3dXlRZGRUbllreU4tX3VYNFhXZF8xWFNFblpqTjBCNFZZU05iSDFNZzhBSFBfdFlDaDdMMGZ2MA?oc=5,homicidio,100
Peão de 19 anos fica ferido ao cair de touro em rodeio de Natividade,2026-06-22T22:05:52+00:00,RJ / Natividade,https://g1.globo.com/rj/norte-fluminense/noticia/2026/06/22/peao-de-19-anos-fica-ferido-ao-cair-de-touro-em-rodeio-de-natividade.ghtml,outros,100
Homem é preso em flagrante por furto ao sair de loja no litoral de SP,2026-06-22T22:01:54+00:00,SP / Praia Grande,https://g1.globo.com/sp/santos-regiao/noticia/2026/06/22/homem-e-preso-em-flagrante-por-furto-ao-sair-de-loja-no-litoral-de-sp.ghtml,furto,100
Segurança morre após batida entre motocicleta e ônibus em Salvador e família denuncia demora em atendimento,2026-06-22T22:01:34+00:00,BA / Salvador / Pituba,https://g1.globo.com/ba/bahia/noticia/2026/06/22/seguranca-morre-apos-acidente-em-salvador.ghtml,veiculo,95
Menino de 7 anos morre após se afogar em rio no Alto Oeste do RN,2026-06-22T21:59:38+00:00,RN / Pilões / Sítio Almas,https://g1.globo.com/rn/rio-grande-do-norte/noticia/2026/06/22/menino-de-7-anos-morre-apos-se-afogar-em-rio-no-alto-oeste-do-rn.ghtml,outros,95
Homem acusado de matar amigo de infância a tiros vai a júri no DF,2026-06-22T21:57:31+00:00,DF / Brasília,https://www.metropoles.com/distrito-federal/homem-acusado-de-matar-amigo-de-infancia-a-tiros-vai-a-juri-no-df,homicidio,100
Homem  preso sob suspeita de matar namorada e forjar suicdio dela em SC,2026-06-22T18:53:00-03:00,SC / Criciúma,https://redir.folha.com.br/redir/online/cotidiano/rss091/*https://www1.folha.uol.com.br/cotidiano/2026/06/homem-e-preso-sob-suspeita-de-matar-namorada-e-forjar-suicidio-dela-em-sc.shtml,homicidio,100
Polícia investiga suspeita de material sexual após menina de 14 anos passar mal em encontro com outros 4 adolescentes,2026-06-22T21:51:40+00:00,SP / Sorocaba,https://g1.globo.com/sp/sorocaba-jundiai/noticia/2026/06/22/investiga-suspeita-material-sexual-sorocaba.ghtml,menor,85
Família de homem que teve corpo desmembrado no Acre começa a ser ouvida pela polícia,2026-06-22T21:48:23+00:00,AC / Rio Branco,https://g1.globo.com/ac/acre/noticia/2026/06/22/familia-de-homem-que-teve-corpo-desmembrado-no-acre-comeca-a-ser-ouvida-pela-policia.ghtml,homicidio,100
Manutenção programada afeta abastecimento de água em 6 bairros de Belém nesta madrugada,2026-06-22T21:47:04+00:00,PA / Belém,https://g1.globo.com/pa/para/noticia/2026/06/22/manutencao-programada-afeta-abastecimento-de-agua-em-9-bairros-de-belem-nesta-segunda-feira.ghtml,outros,100
Jovem de 27 anos morre após carro cair e capotar de ponte no PI; perícia aponta alta velocidade,2026-06-22T21:45:54+00:00,PI / Milton Brandão / Porções,https://g1.globo.com/pi/piaui/noticia/2026/06/22/jovem-morre-carro-cair-capotar-ponte.ghtml,homicidio,90
"Jovem morre vítima de tiros no conjunto George Américo, em Feira de Santana - Grupo Lomes de Comunicação",2026-06-22T21:44:00+00:00,BA / Feira de Santana / Conjunto George Américo,https://news.google.com/rss/articles/CBMingFBVV95cUxNMkwyVThIR1ZpYzRFZ1NlX3VVTnJmUm03RmUzOXJiWlBPOWttRXVkcWt5b1hiaWRKTkxqNmNCcUJHTHZtc0FNOUhpWDlWSUN0N1k3WXJSRGU5ZlU1TUgxY0xZaUpGdzM2a1pfVHM4RjcxOE5QTlFSX2FiSGRtYXdjM1YzZmxtOWF6VEE0M2NVRWxjWGlxSUMyUzkxVDVFZw?oc=5,homicidio,100
"Duas pessoas morrem em acidente de trânsito após caminhão com castanhas tombar na BR-319, no Amazonas",2026-06-22T21:42:08+00:00,AM / Humaitá,https://g1.globo.com/am/amazonas/noticia/2026/06/22/duas-pessoas-morrem-em-acidente-de-transito-apos-caminhao-com-castanhas-tombar-na-br-319-no-amazonas.ghtml,veiculo,95
"Justiça autoriza Bahia a retirar R$ 2 bi do BRB, mas Fux barra decisão",2026-06-22T21:41:50+00:00,BA / Salvador,https://atarde.com.br/politica/justica-autoriza-bahia-a-retirar-r-2-bi-do-brb-mas-fux-barra-decisao-1392952,fraude,85
"Vice-prefeito de Colina, SP, é indiciado por morte de professor de jiu-jitsu",2026-06-22T21:41:37+00:00,SP / Colina,https://g1.globo.com/sp/ribeirao-preto-franca/noticia/2026/06/22/vice-prefeito-de-colina-sp-e-indiciado-por-morte-de-professor-de-jiu-jitsu.ghtml,homicidio,100
Obras de tapa-buracos e asfaltamento avançam em Teresópolis e causam retenções no trânsito,2026-06-22T21:41:28+00:00,RJ / Teresópolis,https://g1.globo.com/rj/regiao-serrana/noticia/2026/06/22/obras-de-tapa-buracos-e-asfaltamento-avancam-em-teresopolis-e-causam-retencoes-no-transito.ghtml,outros,100
Mulher capota carro ao aprender a dirigir com marido em estacionamento na Serra,2026-06-22T21:40:35+00:00,ES / Serra / Colina de Laranjeiras,https://g1.globo.com/es/espirito-santo/noticia/2026/06/22/mulher-capota-carro-ao-aprender-a-dirigir-com-marido-em-estacionamento-na-serra.ghtml,veiculo,85
Repórter vai cobrir atropelamento no Paraná e descobre que vítima era tio dele,2026-06-22T21:35:55+00:00,PR / Mandaguaçu,https://g1.globo.com/pr/norte-noroeste/noticia/2026/06/22/reporter-vai-cobrir-atropelamento-no-parana-e-descobre-que-vitima-era-tio-dele.ghtml,homicidio,90
"Após criança ficar presa em parafuso, prefeitura retira equipamento de academia no Jardim Taquari",2026-06-22T21:32:27+00:00,TO / Palmas / Jardim Taquari,https://g1.globo.com/to/tocantins/noticia/2026/06/22/apos-crianca-ficar-presa-em-parafuso-prefeitura-retira-equipamento-de-academia-no-jardim-taquari.ghtml,outros,90
"Homem morre vítima de pauladas no bairro Jardim Cruzeiro, em Feira de Santana - Grupo Lomes de Comunicação",2026-06-22T21:31:00+00:00,BA / Feira de Santana / Jardim Cruzeiro,https://news.google.com/rss/articles/CBMioAFBVV95cUxOcURvcUFsVVVkR3hxa2R2WTRtejAtam1mSnU1Qkhld24wdzJOV1R0TndlbVZCbm1WZ3ZydklabEtBcG0ySGs4WlBXUGpaMFlkVWR3MTBxVTA3YUhsNXk2MHBaMU04bjg2dFMyZUVwTlRDd0NscktSS2hHbTJwZmZ0dXU2X0JwVzhBYU9aMWI0TGhSOVJ5M3ppdTBYUDdOdzBv?oc=5,homicidio,100
"Preso, Thiago Brennand vai se casar com a própria advogada por procuração",2026-06-22T21:29:11+00:00,SP / Potim,https://g1.globo.com/sp/sao-paulo/noticia/2026/06/22/preso-thiago-brennand-vai-se-casar-com-a-propria-advogada-por-procuracao.ghtml,outros,85
Suspeito de atropelar e matar ciclista na BR-494 é liberado após se apresentar à polícia em Divinópolis,2026-06-22T21:27:49+00:00,MG / Divinópolis,https://g1.globo.com/mg/centro-oeste/noticia/2026/06/22/suspeito-de-atropelar-e-matar-ciclista-na-br-494-e-liberado-apos-prestar-depoimento-em-divinopolis.ghtml,homicidio,100
Esposa de deputado do Paraná e outros três são denunciados por envolvimento em esquema de 'rachadinha' comandado pelo político,2026-06-22T21:27:42+00:00,PR / Curitiba,https://g1.globo.com/pr/parana/noticia/2026/06/22/esposa-de-deputado-do-parana-e-outros-tres-sao-denunciados-por-envolvimento-em-esquema-de-rachadinha-comandado-pelo-politico.ghtml,fraude,100
Homem é condenado a 20 anos de prisão por morte de jovem baleado na cabeça após disputa por pontos de drogas,2026-06-22T21:25:40+00:00,SP / São José do Rio Preto,https://g1.globo.com/sp/sao-jose-do-rio-preto-aracatuba/noticia/2026/06/22/homem-e-condenado-a-20-anos-de-prisao-por-morte-de-jovem-baleado-na-cabeca-apos-disputa-por-pontos-de-drogas.ghtml,homicidio,100
Homem é condenado a 20 anos de prisão por morte de jovem baleado na cabeça após disputa por pontos de drogas - G1,2026-06-22T21:25:40+00:00,SP / São José do Rio Preto,https://news.google.com/rss/articles/CBMimAJBVV95cUxOdnh3R0w3Rmg4LU5wYmgxZG45M212V1dVa2Q5QU9YVGlRNzhEUXhld2lmYUlJbTdTZjJTTjlZRjQteHlMWlhRVnR1akNjLTZJVU5zcWZlTDlodG9POVVET3BIdE9HckRkZWo4MVFVZ1A4UWp0SS1QYkNLSDFXUUZFT3c0Z18zaDR6cGdFZllHeExZOHZ0ZE1CR1A4WkRKR2QweHJZblhPZENTc1djbFQ2dFZFVm5fUm1Rd1FGQkFEcmhxQ21tQ25EeUpQLWJhelhMUHBYSFI2R2ItMDNIcXpZdXd3ZTA4OFhNeW1qdTRPd0k3Z2ZIZV8tdmxKZ3ZnQVh1eDM2ZE0xclZWWllkUnE1QngxSGlxUWxY0gGnAkFVX3lxTE1jQkVIa2x4Smd1S2lZT09nblNMMlRnUWxPQWwwSC00NEdyYWY4V0M5N3lKNnFTY3FSblZ5T3I4N3JibGJwSVF1eWg2dS1NZlZORmJrVHJRelhHOVpOdTRia1U4UmdBTjNIU3hwM25ITnU5MEluQXNFdFd4TFFJOE5VYndfdzkyS0VQVnRKZUVFX3FGUkZJc0xfY2g4TnB4aHFheUZmblp1M29iS1huc0JWZy1aZGlLX2d1RmpTNUp4N2VuWkVXUURod3J1TS0zWjhjX3hrM09uaURxSnh0cXRrSzBickxDeEoxY05SbDRpaktROWxpYW1TekZ2QVpERlNKaTVCZ2x0czE1RGo5WmgxVHh6cE5WeVNpUHNsUklSWXVQN09MdzQ?oc=5,homicidio,100
Ex-BBB se casa em Uberlândia em cerimônia para 300 convidados e decoração formada por cinco caminhões de flores,2026-06-22T21:24:52+00:00,MG / Uberlândia,https://g1.globo.com/mg/triangulo-mineiro/noticia/2026/06/22/ex-bbb-se-casa-em-uberlandia-em-cerimonia-para-300-convidados-e-decoracao-formada-por-cinco-caminhoes-de-flores.ghtml,outros,100
Mãe e filho são presos suspeitos de manter adolescente em cárcere durante ‘tribunal do crime’ em Boa Vista - Roraima 1,2026-06-22T21:23:13+00:00,RR / Boa Vista,https://news.google.com/rss/articles/CBMiyAFBVV95cUxOOFRXQTFZQ1dCWlJsNGpmTkM0Y1IxVVFqMnppbDRUMnRqc0NBcXJKSWprNmZudFRUZDJidkg5WUpHU3I1NGNFZ25oOThmZGlYVS1pTjFXaVZwZV9QLVN5SkRQX3dlcExzTER1Z0VITzlfU2xmQXVMeDJfNll3NVZVNXRscmZWUEFrcU50aVlmUkRSMHdWQ2xNWmRoMHBwdzJUd2IwZWhyY3EwSDBiUXc3YVgyMDRCaXBZcHZrRHI2c0FqQ2pWdk15Rg?oc=5,sequestro,90
Preso suspeito de amarrar e matar companheira com 16 marteladas em Alagoas,2026-06-22T21:20:33+00:00,AL / Jequiá da Praia,https://g1.globo.com/al/alagoas/noticia/2026/06/22/preso-suspeito-de-amarrar-e-matar-companheira-com-16-marteladas-em-alagoas.ghtml,homicidio,100
Roubo em Joalheria de Curitiba: Refém e Ação Policial no Shopping Crystal - partiurolecwb.com.br,2026-06-22T21:18:24+00:00,PR / Curitiba / Batel,https://news.google.com/rss/articles/CBMipAFBVV95cUxQMmFFaEVycTFBcERfTGwxZDdncjRWZTJDOWNCM0ZXM2N3NUQ0S3FYX1FTeE1TNmNIdmtBZ2JtSmlGQ1Vsd2ZDcHM3akZUZ0J4X2xWWndON3VkREhrb0U2OUVmbnY2UlBpZ2c0aWxXcDRZd0VMTGVfaTBsb0NGS29BWkVzT2JUcDJ4OElLUEpXSkE0eEtTMU5IUXFCZXhKaFNWNVhUeA?oc=5,roubo,100
Dupla é presa por matar mulher e filha adolescente; mãe abraçou jovem tentando evitar execução,2026-06-22T21:16:26+00:00,PE / Timbaúba,https://g1.globo.com/pe/pernambuco/noticia/2026/06/22/dupla-e-presa-por-matar-mulher-e-filha-adolescente.ghtml,homicidio,100
Mãe e padrasto são presos acusados de estuprar criança de 9 anos em GO,2026-06-22T21:15:06+00:00,GO / Anápolis,https://www.metropoles.com/distrito-federal/entorno/mae-e-padrasto-sao-presos-acusados-de-estuprar-crianca-de-9-anos-em-go,estupro,100
Criminosos fazem funcionária refém em roubo a joalheria dentro de shopping em Curitiba,2026-06-22T21:12:27+00:00,PR / Curitiba,https://g1.globo.com/pr/parana/noticia/2026/06/22/criminosos-fazem-funcionaria-refem-em-roubo-a-joalheria-dentro-de-shopping-em-curitiba.ghtml,roubo,95
Criminosos fazem funcionária refém em roubo a joalheria dentro de shopping em Curitiba - G1,2026-06-22T21:12:27+00:00,PR / Curitiba,https://news.google.com/rss/articles/CBMi2gFBVV95cUxNZnk5cS1UdERXZGE0QU56TW54YkwxWkVucVlZMC1IeU12VV8wT0JlSzRHckg5d2FPX3ZfWUwtbnNiam03cS1ubHBiT3FrX1ZoUmVyTFhuR2VDcXhXcFEzTDR2TEJ3YlpzT0pRRVRkMzdlU0NKZmZRTDRoYmh2dXR6VEpGdWpmU2tKX1lrRlZRSUk4RkE0RDdTc0QwZktZeTdLZ3J0anN5V0hLVzZFRlFTS2R4QnlLUGk4djhEbWFlc3JjYUZ4N09ucUJ2YkJzRU53ZmY1Y0NuZGFiZ9IB6AFBVV95cUxPLVBrNGYwRVhpWnpxemk3Um5FdWFlRHFqNHc4eTEtTzJweDMzaFgwWkpTdFRXX0VoT0x3U1gxNmVDVURWOEt4U2d6Q0tabUcwLVNCQjdTR3VFNEtmTnZ3Ry10aTNCVG5zSjZqUG5PdEI3ZlEybXRtQXlVWnFQOVo3a2UtRFJiZTZqcTBjVmpiZUdlUWthQ1NVVnZ6VDVCeHlveEllWDVHd3licG1oQU1pOGhpSDBrSGw5WG9NWGpjZHBaazAyRWhvWWZhREpQMUs2SUM0UnZCS0w0MHUwLTlCWUN0aklKMVhI?oc=5,roubo,100
Criminosos fazem funcionária refém em roubo a joalheria dentro de shopping em Curitiba - G1,2026-06-22T21:12:12+00:00,PR / Curitiba,https://news.google.com/rss/articles/CBMi1AFBVV95cUxNV0IwdTJRd3A5QkxtU2JqVGpXS0t4akIxUmVOVGhFYnJnM3JCTTFWcGtMWmNFZTRPaUdfUE8tajk5MEd6SVlLSWdQQVljYUMxMmJnbkNTTWd2UkswSFZZTllUZzZwMlNYRXRKd1p1Q1RrMXFTRUtkYUhJbE9SQ21lT0RIOVlOV2swNUhRZE1hR3BKSDZ4Mm5xamVlRlBQMkNkOHZZd2oxWmhhR2lqSER5NDJkaHpoV1JFMDgtV1NfanAweDNLdGp3SFlrc0tGVkpGSGd4VdIB4wFBVV95cUxNTFV4VVJkc2xvbWFnR2tMbnJ2cmJRa1BPZm5nRkZxMVZ2cGcydUdmMUVKc0hOOHNURDFCR3lRUUt0Z3ZmLVN0dEd3NzRwWUpnRUtOZWdtOWJQaEtvYXFJR2lMUmNsNjlGNTNYWVhGUlNBVUhOUktDbndjdjJtWG1iZEVST0RyTGluNE9Eb09hR09CR2w5WnRMb0RCNGMtNlhsbGRHTWNjdlRWcFlHdll4djFsdE5GU215S1ZjXzBvekVONkREMmpfQTFTTzZlbHliNmFSVG1fYmllNGxIeWc3TnpiZw?oc=5,roubo,95
"Justia torna Alysson Mascaro, ex-professor da USP, ru sob acusao de estupro e assdio",2026-06-22T18:12:00-03:00,SP / São Paulo,https://redir.folha.com.br/redir/online/cotidiano/rss091/*https://www1.folha.uol.com.br/educacao/2026/06/justica-torna-alysson-mascaro-ex-professor-da-usp-reu-sob-acusacao-de-estupro-e-assedio.shtml,estupro,100
Veja o que se sabe e falta esclarecer sobre morte de gerente operacional da Ceasa em Malhador,2026-06-22T21:08:53+00:00,SE / Malhador,https://g1.globo.com/se/sergipe/noticia/2026/06/22/veja-o-que-se-sabe-e-falta-esclarecer-sobre-morte-de-gerente-operacional-da-ceasa-em-malhador.ghtml,homicidio,100
Viúva de motorista assassinado relata dificuldades financeiras após crime brutal - Metrô News Jornal,2026-06-22T21:06:29+00:00,RJ / Rio de Janeiro,https://news.google.com/rss/articles/CBMiqgFBVV95cUxPVE5KZ002MThNLS1tWGpmRjdVenhhRGlfU0Y4WmVyOVVLMUstQ1VFcTR3WmhhQzJwb2FoT3owYmxwVmlrVW5lTWpSUDBtYXcySlczcGFEdkRPWmJNY2x0eTFrWWJaZVNUM0QtWmdhR1R6QUpSYUdpV1Bud1B4LUV4dlVQUXRBVUxpeXBzUF9lRE5VNFcxY2pyV09NbF9UMi13MXdyTlRqYVBkdw?oc=5,homicidio,100
Cinco crianças são resgatadas em situação de abandono após serem encontradas em rua de Manaus,2026-06-22T21:05:16+00:00,AM / Manaus / Lírio do Vale,https://g1.globo.com/am/amazonas/noticia/2026/06/22/cinco-criancas-sao-resgatadas-em-situacao-de-abandono-apos-serem-encontradas-em-rua-de-manaus.ghtml,menor,95
VÍDEO: Avião 'desce de lado' e piloto arremete após fortes ventos em aeroporto de SC,2026-06-22T21:02:14+00:00,SC / Chapecó,https://g1.globo.com/sc/santa-catarina/noticia/2026/06/22/video-aviao-desce-lado-arremete-ventos-chapeco.ghtml,outros,95
Justiça mantém decisão que permite supermercados funcionarem o dia todo aos domingos e feriados,2026-06-22T21:01:02+00:00,GO / Goiânia,https://g1.globo.com/go/goias/noticia/2026/06/22/justica-mantem-decisao-que-permite-supermercados-funcionarem-o-dia-todo-aos-domingos-e-feriados.ghtml,outros,100
Carro usado em assalto no Shopping Crystal é encontrado em Curitiba - band.com.br,2026-06-22T20:59:12+00:00,PR / Curitiba / Batel,https://news.google.com/rss/articles/CBMiwwFBVV95cUxQZGNCOE91aENHVmtKMkc3QVNjdU45aGVuaWpKRDRtV2Frb0xMMnpsV2ZJY0M3ZmtCVXMxM29KVXhKdzh1WVpGTTRDNXdZc2tfajVoTGZlaWdjWGE1dTBoSkVsRzhXRm1aeW0weEE4SS0yTGp1WDRGZ2ZKTzZaci1SbzBobkJPb0pDWHBKR2RRYW03QkFGcjVRVHdwUDFGb3F0MTNNSUVtWFZQakw1SFhxUU0yMHN5T1FxSEJBMGRJTmx0NGc?oc=5,roubo,95
"Filho mata mãe, a decapita e atitude após o crime choca até policiais: “Matou e colocou uma carne para descongelar”, disse sargento - Banda B",2026-06-22T20:58:00+00:00,MG / Belo Horizonte,https://news.google.com/rss/articles/CBMidEFVX3lxTE4wT2dPZXVMYzVlcTRiZGxlYlVrSEx5dVVibW9rU2R3NXc0TVNGMmlMOU1zcGNOdkRiTXB4X3B6QjZ0dEpkUFZIS3lyd0tlMEo5MEUxNUtXTmIycEZGOXduc2RudHdxa3ZBelg5c3hGV080S3Uz0gF6QVVfeXFMT2tfbmkxbktXT3dJUVIxZXdjcjcxZDVWUFB5OXowN1hid0VvUFpjQUh0cmVhY0RrTmxvM29hWlhaYkxxY1pxWFh3WjEyQzBRYTkyQUNOX2psQ3VubmNnWF9lSEU2U2lacEhNWmdQU19HTGNYcTJBWk03QkE?oc=5,homicidio,100
Condomínio é condenado a pagar R$ 250 mil por feminicídio em Salvador,2026-06-22T20:56:43+00:00,BA / Salvador,https://atarde.com.br/salvador/condominio-e-condenado-a-pagar-r-250-mil-por-feminicidio-em-salvador-1392949,homicidio,100
Homem morre baleado pela PM após manter companheira refém em Marília,2026-06-22T20:53:42+00:00,SP / Marília / Jóquei Clube,https://g1.globo.com/sp/bauru-marilia/noticia/2026/06/22/homem-morre-apos-manter-companheira-refem-em-marilia.ghtml,homicidio,95
Casal é encontrado morto dentro de casa em povoado do Pitangui,2026-06-22T20:53:03+00:00,MG / Pitangui / Povoado de Rio do Peixe,https://g1.globo.com/mg/centro-oeste/noticia/2026/06/22/casal-e-encontrado-morto-dentro-de-casa-em-povoado-do-pitangui.ghtml,homicidio,100
"Após roubo em shopping, criminosos deixam veículo para trás e seguem foragidos em Curitiba - Bem Paraná",2026-06-22T20:52:31+00:00,PR / Curitiba,https://news.google.com/rss/articles/CBMi1gFBVV95cUxOMHB0VzNWTEc5aXYtT1V5dUQ1dDFsbmtqc19XcGhSMFpQTDJJNWZqa293T2xaVmhaMEpnejJUMENZVXpqMWh0UGZDUFdmakJWNXlXRm1LNXMwQTh0dnhreHZJYXg2Q3FIdFJlaEVrbTNveEJEdjJvQW02S3o5Zm8xNmMxRlkzRl9INDFrUTlFcnJqOTQ4NFVIUDZyc2RBZ2ZsUWlSQ25KSF9qUVpnRnc0bVNLSUtDMS12SF9NaE9yZTFJcFZYZTlncU1EUkowWmNuYmFrQXR30gHWAUFVX3lxTE4wcHRXM1ZMRzlpdi1PVXl1RDV0MWxua2pzX1dwaFIwWlBMMkk1Zmprb3dPbFpWaFowSmd6MlQwQ1lVemoxaHRQZkNQV2ZqQlY1eVdGbUs1czBBOHR2eGt4dklheDZDcUh0UmVoRWttM294QkR2Mm9BbTZLejlmbzE2YzFGWTNGX0g0MWtROUVycmo5NDg0VUhQNnJzZEFnZmxRaVJDbkpIX2pRWmdGdzRtU0tJS0MxLXZIX01oT3JlMUlwVlhlOWdxTURSSjBaY25iYWtBdHc?oc=5,roubo,100
Filho é condenado por chamar mãe de &quot;crente safada&quot; e ameaçar o pai,2026-06-22T20:52:13+00:00,SP / São Paulo,https://www.metropoles.com/sao-paulo/filho-e-condenado-por-chamar-mae-de-crente-safada-e-ameacar-o-pai,violencia,95
Motociclista de aplicativo é condenado por homicídio culposo contra passageiro atropelado por ônibus em Fortaleza,2026-06-22T20:49:34+00:00,CE / Fortaleza,https://g1.globo.com/ce/ceara/noticia/2026/06/22/motociclista-e-condenado-a-3-anos-de-prisao-por-morte-de-passageiro-atropelado-por-onibus.ghtml,homicidio,100
"Para tentar localizar atirador, polícia divulga vídeo de crime em Divinópolis - G1",2026-06-22T20:47:15+00:00,MG / Divinópolis,https://news.google.com/rss/articles/CBMi7wFBVV95cUxNN1VLeTRBRUJiV2VIaDBIRGFQSmJ5TkN0RHZNdndLaUtSQXlnSU5LR2tXTXkyU24xVm9ZUU15NElqbWpuTjEyQ0pIRnJvcVJYbGx0eDlILU1fc1J0LWxVQk9MWF9CX18xMGFfRE5YbmthVWktLUFyNVNWMkxSX19iNnUxNEdWeXVaaWpTbUI3WTBOU21zWG90QWhWNTB0Q0VwV1cwM2R6Qm81Q2NMZzdwUlNNUm92dDZxYkJEQTBreVljVXlaVk40aG9KVERyOUNZX2ZzRk96UFJNanY3ZGprZU1JX1g3ZFMwdzdoTERyZ9IB_gFBVV95cUxQRVU4eXpCY0F5MktTQ25Qak5vMXZZR2VqUUFuQ3p2RVlpVkhaRUdtRl9BUS1lRlNoOUJ4dS1mN0VreDljWlFYWEtSQXZNXzBPMEt2SzQ3Z005UDcyX2c0OFd5cmhwZThLbW50Q0dGRjUxcDliRXFnUE5MU1loQ2RMUXJVeWw1emdDenFhN1FuanVrYnh1eVBnVjRlVVJFVkdCYzVXZTlndFdXVjMzb3BtS1lhZGphRWx2Tm4ySGNMUHM2OV9SQ19VeUVvY1RiN2g3UWx1eWZSU1NQRGtXd2pSX0Vya3I2V2JiekpsZEVUYzlFVFpYZkxwNWo0VHphUQ?oc=5,policia,95
Caso Gritzbach: viúva de homem morto durante crime relata dificuldades - BOM DIA GUARULHOS,2026-06-22T20:47:00+00:00,SP / Guarulhos,https://news.google.com/rss/articles/CBMitAFBVV95cUxPX0wyY1U2eVhfVGw5b3JVVFI3ZDRWOWd2ZnhkUExHVVUtRHE4YWFMRVE5ajM4ZXBKenNETW1GUHZWeVMxc0xHNDZYX09WZmhhU1dnUDg5aWFsT09UanhlOTU5OVI0NjdTaXQ2SzJ2TlBJdmY3MWxwUGVQb2JLT3FnMWlucGFDd2Q0MTFRR2E4QkV3anEyTTBmaTdLVXJ2dlBJRjdJRFRISE1LY1ZEb3lBdE1JMlA?oc=5,homicidio,100
Marcelo Freixo lança no Terra Santa biografia que revela os bastidores da luta contra o crime organizado no Rio de Janeiro - portalgiro.com,2026-06-22T20:44:07+00:00,RJ / Rio de Janeiro / Terra Santa,https://news.google.com/rss/articles/CBMimgJBVV95cUxNTGdtY1IzZTNzVXViY2Jpd3F4V3E0XzhLVGoxTE54eERzblA1ZUU4UjhNNF9WTUtocW1Qcmlkd2U3MHY3c19IdW4yX3hONVM5YXIyN3FpZ1c0Z0QxMXVoQWxVRnBvWVd4ZFpjZDdMVnM4SGdrUjNIOHRocmxIYnp2OUN0eDhHV1hQTEJnZWpybnJKdjlDOHpNSjlYdFRoUjk0TEgyTnQzWE9FYTFvZFZoMFlFSm5zS3plRDQ5bmVZWVJDaVMyOFJBSkVNbWpWUktva1dvUU1Da1RzelJscEpfUS1KYVJGTGdHQUtKSlVLeFhFakJNSGRZclpvQllpbHEzQm16a0tGdWJGdUIxdGZVUXBzZ1JYM3NweFE?oc=5,outros,95
Motorista tem carro roubado em São Gonçalo e mulher revela desespero - O Dia,2026-06-22T20:43:00+00:00,RJ / São Gonçalo,https://news.google.com/rss/articles/CBMi0gFBVV95cUxQbldPTWZSWEFOU3NFMUZlSTVJZjZBWjV0ZUVpRVA5QzhSODM4eTJsSFVlbVNSd3pKNmxWRldVbnFfMVFFc1MwUHBla1NhYmJ2aGdNdXcwcDRzWk5TTjNMVVVUOHRMSXBTbXRfelpUdVBXQ084UWNvV2dYQ0dRcFVJbWlvSjJEckpSN2Nyd3o5V3FKQnhhQzlEUG4ycVFGa2JTMXQ2aFVfcndQRjBmSDJpSHRCNkdnR0Z4dDgxeGNCR2x0dG50d0M2N2JHb2NPOTlIUVHSAdcBQVVfeXFMTkFxcWVRZVhzNmVudEE2N0QzSXdtMl9LVnNPX0NZeEJqSXFoSTFUV253U1JRZXlLSFB5aFFkTWVsWVhTRlA5Z280UGN2MFllajhpWTlyZVdBOUNESHJCem40WEdUT1Y0bk1rYXBKVy03OGJuamFEcnRFYURzdExIZW5WY0pfYXppbFpudl9kNzNOMzRxRHZaWURBVXpSR2dNMWtqbklsaG9GemhCSWFQTUY1UEV4MHhmZF9hT2JZUlhvWlVMaURwQ1Z6RGI4LUNHU083U1VnZ0U?oc=5,roubo,95
Vídeo com fuzil nas redes leva à prisão de cinco suspeitos em Goiânia após rastreamento por IA,2026-06-22T20:35:56+00:00,GO / Goiânia,https://www.jornalopcao.com.br/ultimas-noticias/inteligencia-artificial-ajuda-pm-a-localizar-suspeitos-e-apreender-fuzil-enterrado-em-goiania-839402/,policia,95
"Justiça torna réu ex-professor da USP por estupro, importunação e assédio sexual contra alunos em SP",2026-06-22T20:34:47+00:00,SP / São Paulo,https://g1.globo.com/sp/sao-paulo/noticia/2026/06/22/justica-torna-reu-ex-professor-da-usp-por-estupro-importunacao-e-assedio-sexual-em-sp.ghtml,estupro,100
Polícia Civil prende dono de clínica veterinária em Bonsucesso após apreender medicamentos vencidos,2026-06-22T20:34:37+00:00,RJ / Rio de Janeiro / Bonsucesso,https://g1.globo.com/rj/rio-de-janeiro/noticia/2026/06/22/policia-civil-prende-dono-de-clinica-veterinaria-em-bonsucesso-apos-apreender-medicamentos-vencidos.ghtml,policia,95
PC apresenta suspeitos de crime em Porto Velho - Tudo Rondônia,2026-06-22T20:34:00+00:00,RO / Porto Velho,https://news.google.com/rss/articles/CBMinAFBVV95cUxPNXlFMkxTakZvSHNMenp1UEY0OVNGeFpoNHltblBRSTRKQmFhRU9yeXplZ0lUM0FfZ0c5MXctNkdieXI3Q3dsYXFYNmFQb3RGQTBsQUJTTTY3TzhGSXZpcllsaEljSk16Tlc4WFVkZHFHWDJGWWJybTBPTlRyM2FJeklRM25POWRfZUdaTzNCdkJEVVRRTW1DMEZkZHY?oc=5,policia,95
"'Policial que tiver família no bairro vai se f*', ameaça traficante procurado por homicídio na Serra; ouça áudio",2026-06-22T20:27:02+00:00,ES / Serra / Jardim Bela Vista,https://g1.globo.com/es/espirito-santo/noticia/2026/06/22/policial-que-tiver-familia-no-bairro-vai-se-f-ameaca-traficante-procurado-por-homicidio-na-serra.ghtml,violencia,85
DFR investiga assalto a joalheria em shopping de Curitiba; veja a fuga - band.com.br,2026-06-22T20:26:22+00:00,PR / Curitiba,https://news.google.com/rss/articles/CBMixgFBVV95cUxPU3Z1c2VzN0NNOTZXNzZ5MDcyMGQ0b05yZHZCaXVFQTlGaHZtQzAySjBqVGVvWllNTzRqb2ZoRXdKZXFlZXdyLWdET1BVMDZzb1Bkak51U2lYeF9CQWtwamwxNks0Y0NMamRTdXJXWW5ldWpPNkN1WkhaMnBEd1A2RlpBOC1vazhkYnZvLTZLc0lGT1hvTkctNXlLRko2dDlLbm5OT19mX0pwcDJnN19fNFEzY3pYbEFyTGJZZVpHend2UHZFVXc?oc=5,roubo,100
Homens armados assaltam joalheria no Shopping Crystal - Tribuna do Paraná,2026-06-22T20:25:00+00:00,PR / Curitiba,https://news.google.com/rss/articles/CBMirAFBVV95cUxNV3JCZndqU2tlbEJPcFM2UU9pbEotSnNmaHE3Q1hWbTR5dWZBX2pONm9Bcm10SHFyNk5mY0VtcFRzQkNpYmVCSkgxd2R4YlUxVnNmQXVVTW51aU1pbEFEMTN5V2VVUG9iWWJXT2M0Ny1zUFJrNktJYkFEd1Rrc25uUDRwQWFLVXdxRmZHblRUVzNEWjJLSnNLVHdWWmtYQU40bUFwU1doVFVDcnBZ0gGyAUFVX3lxTE5QWWt3RU8yQ1JfU1VCc0tBMjN0T0hhNk9vR1ZCWlpEM0FocTBscFI5a1lUVVo3SlRJbTZ2aWRZSzFXdHVqcnZGWWdlNnUtTkNGVG1GcmpEWllscXM0TWp1ZEc1TkFaQ2VmVVVObWZJbnVqbm1KSXRta1I4c0NKcDZxNFpqTEdYNFMtMnc3b1JIazRIM1huRVc5UnVYdlpSUzNSMjdjX05jWVFFeFFVWnNGVEE?oc=5,roubo,100
JUSTIÇA - Viúva de motorista assassinado denuncia dificuldades financeiras em depoimento sobre crime que envolveu empresário delator e policiais no Fórum de Guarulhos. - Repórter Maceió,2026-06-22T20:24:00+00:00,SP / Guarulhos,https://news.google.com/rss/articles/CBMioAJBVV95cUxNZFVYT00tVEhrdWQ3ZXBFdnhaWmhVbzUyN1NMQlM1UmxkdHdPblU4cUJJR3F0R093YzdCNjNsSEZpd1BZRHZiUHBPdEZsc043UW5NVnV4WVViTzQtRmVTSFNrUXpLVTNQZm1DMHI1dDZUTllJQnhvWFFOVEFxVmIzWDVIVnZpM3hCVVVFMlJvck5hVW0zbUpDd1lqcS1XTERDSk8wd244YUhYNXVYdTd1cm5zMmZudHZjeWxLblBuR3NyT1dGdElEUE1nNUdrUEs0dTdJdTlWTTFhWDhxR2NVYlBueTdkQkhrNWRpRGZvQVhpNndmR3hGWF94TjAxRVVtc2EzZzZFT0pzYVZPOXNDS2V0a054bzFPWElOaWxMWkM?oc=5,homicidio,100
Idoso que ganhou repercussão nas redes sociais por pedir ajuda é indiciado por falsa identidade em Volta Redonda,2026-06-22T20:19:59+00:00,RJ / Volta Redonda,https://g1.globo.com/rj/sul-do-rio-costa-verde/noticia/2026/06/22/idoso-que-ganhou-repercussao-nas-redes-sociais-por-pedir-ajuda-e-indiciado-por-falsa-identidade-em-volta-redonda.ghtml,fraude,95
Vídeo flagra fuga e tiros após roubo a joalheria do Shopping Crystal; bandidos fizeram funcionária refém - Banda B,2026-06-22T20:18:00+00:00,PR / Curitiba / Batel,https://news.google.com/rss/articles/CBMijgFBVV95cUxQbk9vclVHY2tfZGo0VnhycjkwTVRJUU5ueXFhTG93OFpOODBGOGtUSTcza2NXdTgyVm9QYzlYMU5VNGlJQUp2MDJyMFQ1TGRJWk9oQ05ndVl2cVVPMzRFOVRaVXBrakh4S3dnSnhURHczaTNmZVZzbm9PeWYyZk9PbElZLVJJVFJmeF81enJR0gGTAUFVX3lxTFBMNklBd195TFRJNFZOUENncmlEdXBVN0hsTmF5SUwzbWVUOWVoSkR0VzdkQnpPOUdnRTcybEkzMjNubjd2Vm0xVTNVQUhheEUwLXJLX29vYjREcE0tSEltenAwSUlnY3FqU2ZVSTlFUk1Qdmh4RXVUNEZvYnZGQk1rc0cyYjZYVXZkRlU0Sjg3YnNONA?oc=5,roubo,100
Homem confessa ter matado idoso por supostamente ter abusado sexualmente de sua noiva e cunhadas em Aparecida de Goiânia,2026-06-22T20:12:45+00:00,GO / Aparecida de Goiânia,https://www.jornalopcao.com.br/cidades/homem-confessa-ter-matado-idoso-por-supostamente-ter-abusado-sexualmente-de-sua-noiva-e-cunhadas-em-aparecida-de-goiania-839329/,homicidio,100
Jacutinga sedia projeto inédito para fortalecimento do setor produtivo das malhas,2026-06-22T20:11:21+00:00,MG / Jacutinga,https://g1.globo.com/mg/sul-de-minas/especial-publicitario/festmalhas-jacutinga/festmalhas-jacutinga/noticia/2026/06/22/jacutinga-sedia-projeto-inedito-para-fortalecimento-do-setor-produtivo-das-malhas.ghtml,outros,100
"Cão farejador ajudou encontrar cocaína diluída em carga de madeira, que pode ser a maior da história do Brasil",2026-06-22T20:11:06+00:00,MS / Corumbá,https://g1.globo.com/ms/mato-grosso-do-sul/noticia/2026/06/22/cao-farejador-foi-essencial-e-ajudou-a-encontrar-cocaina-diluida-em-carga-de-madeira.ghtml,trafico,100
Trecho da Avenida Miguel Sutil será interditado por 5 dias para obra do Complexo Leblon em Cuiabá,2026-06-22T20:10:24+00:00,MT / Cuiabá / Araés,https://g1.globo.com/mt/mato-grosso/noticia/2026/06/22/trecho-da-avenida-miguel-sutil-sera-interditado-por-5-dias-para-obra-do-complexo-leblon-em-cuiaba.ghtml,outros,100
Casal procurado pela Justiça é preso em Campinas,2026-06-22T20:07:09+00:00,SP / Campinas,https://g1.globo.com/sp/campinas-regiao/noticia/2026/06/22/casal-procurado-pela-justica-e-preso-em-campinas.ghtml,veiculo,95
Polícia prende dois funcionários suspeitos de furtar carnes de frigorífico em Teófilo Otoni,2026-06-22T20:00:08+00:00,MG / Teófilo Otoni / Zona Rural,https://g1.globo.com/mg/vales-mg/noticia/2026/06/22/policia-prende-dois-funcionarios-suspeitos-de-furtar-carnes-de-frigorifico-em-teofilo-otoni.ghtml,furto,95
Suspeito de participar de roubo a fazenda é morto em confronto com policiais militares,2026-06-22T20:00:07+00:00,SP / Guapiaçu,https://g1.globo.com/sp/sao-jose-do-rio-preto-aracatuba/noticia/2026/06/22/suspeito-de-participar-de-roubo-a-fazenda-e-morto-em-confronto-com-policiais-militar.ghtml,homicidio,95
Suspeito de participar de roubo a fazenda é morto em confronto com policiais militares - G1,2026-06-22T20:00:07+00:00,SP / São José do Rio Preto,https://news.google.com/rss/articles/CBMi-AFBVV95cUxQQmFoMmNQdjlmalVQeVlLSS0tMUJ2TnRZS1FkQlp1SmIyUGJtVVpleUhNUlgzWmItRU1pTUhBcGxmRkt0UWUxQWp4VzFLbURYeFR1RzgwSmJFa19nNkRzWlBBak9RVHpqeGN3S2FtcklkZVM2ajRfVHJ4RHBUaHg0RWxrZTVja2pES3FXRlIweDZIU2ZfSnprR3V1Q1NEQnRtanVXa1psYVkxenlycWtHY0FDN3JrSkNYMl83NEZCVVd6cnkyM3E0RUxzaWlPN0FMZWNTeS02WUtSdkluUDlqT3E1Z1paY0FOOTg0NE5md003V0tHdXlIYtIBhwJBVV95cUxQTU1BSmRCRUs1MTBvXy1UaVluQzNWdVQ3WlRTc21BUkQwb29lTlpmU3JiVHZYZGRoR29mcjVWVk95XzNuamFNT2pmYmN5NW5pNDFOWUhfaGZrYVJsRVBZZU9oSlJqaG53cm5GZkJlX0ZnVThtNXNHb0dfLXFlREwxUnQwalFCZjhzeGJCYWxwODc0MGxuZjRhT2hIdjB0dHI5eTgzVkVUNlR2SkZnMjNIYlJXMElRNDdSWnYwcmZiZm15WEE0QncyTmNmaTJQOVdJSjJuRDRaR2lYWlB2U25aOTZjVGROTk1MQkVlTnFEMmc4VnBEYjlCeWhsUnZkTlctQ05Ea2NGTQ?oc=5,policia,95
Homem em situação de rua morre após ser agredido com pedaços de madeira em Feira de Santana,2026-06-22T19:57:54+00:00,BA / Feira de Santana / Jardim Cruzeiro,https://g1.globo.com/ba/feira-de-santana-regiao/noticia/2026/06/22/homem-morre-apos-ser-agredido-em-feira-de-santana.ghtml,homicidio,100
Feminicídio? Servidora municipal é morta a tiros na Bahia,2026-06-22T19:56:48+00:00,BA / Campo Alegre de Lourdes / zona rural,https://atarde.com.br/policia/feminicidio-servidora-municipal-e-morta-a-tiros-na-bahia-1392942,homicidio,100
Suspeitos de esquartejar e jogar corpo de mulher no Rio Madeira são identificados pela polícia em RO,2026-06-22T19:54:30+00:00,RO / Porto Velho,https://g1.globo.com/ro/rondonia/noticia/2026/06/22/suspeitos-de-esquartejar-e-jogar-corpo-de-mulher-no-rio-madeira-sao-identificados-pela-policia-em-ro.ghtml,homicidio,100
Caminhonete que atropelou ciclista de Divinópolis é localizada em Perdigão,2026-06-22T19:53:30+00:00,MG / Divinópolis,https://g1.globo.com/mg/centro-oeste/noticia/2026/06/22/caminhonete-que-atropelou-ciclista-de-divinopolis-e-localizada-em-perdigao.ghtml,homicidio,95
Joalheria do Shopping Crystal é alvo de assalto com refém nesta segunda (22) - CBN Curitiba,2026-06-22T19:53:20+00:00,PR / Curitiba,https://news.google.com/rss/articles/CBMisAFBVV95cUxQang2ajV5bFppMVBUc09FZkEtaVYxeFBUOU1yMWRXZ0dtd1NZWE9lNTBRVV9HLXZCSl83c0RTdkFWanNGVGF6MEhTSGs5SkM5MmVOR3R6U1hCbUJDMWt5RnJIS010enAxLUU2alAwQlBUZlNpRkFmZkV5ZkxwSndyX1dVQ0pVNkdvTFZPb21VR1oxMmFyQTFIeEVhXzRCeDZudXo2b2ZCLXBCZXFrM296OQ?oc=5,roubo,95
Cabo Frio (RJ): Vendedor de cachorro-quente é assaltado e suspeito é preso - Diário do Estado,2026-06-22T19:52:33+00:00,RJ / Cabo Frio,https://news.google.com/rss/articles/CBMipwFBVV95cUxOSlNvVncxRUlBbDg0LVNQb3JWQmpjcnJpM3dpczZ5ajFHV0dQMmppWWNlaVJ0YlF4Mzluc2l6X2hBd0gwVTVyYWlTblZqLU1VVFNpZFc5UkplckhXNG1MeG9sdUlxTFVaQWVCX0tja21wMjFDVEhPejI0Q1pTMVVLN1l0cGM4T3BoQU5DcHN6SWZwTzFSM3I3VUxzWHN3TGUyeGZRYk5GYw?oc=5,roubo,95
Foca-leopardo rara da Antártica é registrada em praia de SC; VÍDEO,2026-06-22T19:51:30+00:00,SC / Passo de Torres,https://g1.globo.com/sc/santa-catarina/noticia/2026/06/22/foca-leopardo-rara-antartica-registrada-praia-sc-video.ghtml,outros,100
Dupla suspeita de roubo é presa na zona Norte de Manaus - D24AM,2026-06-22T19:45:21+00:00,AM / Manaus / Zona Norte,https://news.google.com/rss/articles/CBMiigFBVV95cUxObGNoNjNNMFd0LVNNYlBLMXNaUUhxeW0wVng5Y1dyeUZQUWYtY25jMEZPdnZIZVJibkRmTzB3Vk5MZHJJTXJ2WDJrcjRsdlU0TllfQmFvNUE5STFCUndyaDZRejNqM3EyNGo3M2E4TzhEeDg3aENfbF9VMmp3R1llc2pIMF9DcjZlRnc?oc=5,roubo,95
GCN: São José dos Campos reduz a zero número de roubo de veículos - sampi.net.br,2026-06-22T19:44:57+00:00,SP / São José dos Campos,https://news.google.com/rss/articles/CBMiywFBVV95cUxQMThQVG1KVnVTRUV3dld1aXZIV3o1SGNOU0VxcGxtVVdHMjFodlE3UktDMXVEM0IwQl9zM0ZnSDJqTnhaWlN1Sk84TzJ3YUJJZ095cnY4aWxSUXJSZWlYTU9LVUZkX0xfZXAtNHliUC1FWTdLRzViRXljclVITmg4OTdBY2l1NFM1bXY5MWx3UTk3OE1WdDlvSkQ4ZmU5MW9hckF1SUhLLWFkM3NPUjdYbmVfVS1sVWtlOXNJalJPWjZnSGYxaFJ4ZXlmZw?oc=5,roubo,95
Carga de madeira com cocaína líquida estava regular e PF investiga suposto envolvimento de transportadoras em esquema internacional,2026-06-22T19:44:46+00:00,MT / Cáceres,https://g1.globo.com/mt/mato-grosso/noticia/2026/06/22/carga-de-madeira-com-cocaina-liquida-estava-regular-e-pf-investiga-suposto-envolvimento-de-transportadoras-em-esquema-internacional.ghtml,trafico,100
Dupla armada simula assalto em bar e executa homem a tiros,2026-06-22T19:38:24+00:00,SP / São Paulo,https://www.metropoles.com/sao-paulo/dupla-armada-simula-assalto-em-bar-e-executa-homem-a-tiros,homicidio,100
Dupla armada simula assalto em bar e executa homem a tiros Veja vídeo - Metrópoles,2026-06-22T19:38:00+00:00,SP / São Paulo,https://news.google.com/rss/articles/CBMimwFBVV95cUxQT0VpUGxmV2NJM0xMV0czSGRqTmVST1EtOXpZa2ktWVpyZ1ZOUnF0dER6N21vQzl4dlJMRmhXcU5tdm10ejh6ZTNNQ19CWDI1ZmhyYm9GaXVKN0pmdDdnQnRJM2lJTXpBSXVRRzl4U2tiNFp6XzZWNk9zNm1ENDdlb25ZbllKbWIxalMwUDBDT1ctSVRsbU10ekxwQQ?oc=5,homicidio,100
"Após espera no SUS, pacientes com dor crônica são atendidos em mutirão no Sul de Minas",2026-06-22T19:35:06+00:00,MG / Alfenas,https://g1.globo.com/mg/sul-de-minas/noticia/2026/06/22/apos-espera-no-sus-pacientes-com-dor-cronica-sao-atendidos-em-mutirao-no-sul-de-minas.ghtml,outros,100
Homem é golpeado na cabeça com foice pelo próprio irmão em Juiz de Fora - Acessa.com,2026-06-22T19:30:33+00:00,MG / Juiz de Fora,https://news.google.com/rss/articles/CBMiwgFBVV95cUxPWU1SVF9oQl9nZnBtcFpJWjhfSnB1MDdwM0ZUb1B2MnZLdXpZTldaOXdaakVGM2htZHdBVDJja1NGNnladGJLWjdtTFNaOS1md1pTbTlyQUY0SjVhT1dCOGwxWjJ1LWptckp0b0ExR0RrNHlzREt4QWxLNXZobXVnNUVpa2pYWDRUWG5VZzN6ajhSRjRFUTFIem1KcTBDSjNfbEQ0NUEwUWtSY3VlY2pBR3k0cVdtWEpRWTdtajVuRGVSZ9IBwgFBVV95cUxPWU1SVF9oQl9nZnBtcFpJWjhfSnB1MDdwM0ZUb1B2MnZLdXpZTldaOXdaakVGM2htZHdBVDJja1NGNnladGJLWjdtTFNaOS1md1pTbTlyQUY0SjVhT1dCOGwxWjJ1LWptckp0b0ExR0RrNHlzREt4QWxLNXZobXVnNUVpa2pYWDRUWG5VZzN6ajhSRjRFUTFIem1KcTBDSjNfbEQ0NUEwUWtSY3VlY2pBR3k0cVdtWEpRWTdtajVuRGVSZw?oc=5,violencia,95
Comodare Móveis em MDF: 10 anos transformando sonhos em realidade no Amazonas,2026-06-22T19:30:19+00:00,AM / Manaus,https://g1.globo.com/am/amazonas/especial-publicitario/comodare-moveis-em-mdf/noticia/2026/06/22/comodare-moveis-em-mdf-10-anos-transformando-sonhos-em-realidade-no-amazonas.ghtml,outros,100
Vendedor de cachorro-quente é assaltado; suspeito é preso horas depois em Cabo Frio - G1,2026-06-22T19:30:09+00:00,RJ / Cabo Frio,https://news.google.com/rss/articles/CBMi4gFBVV95cUxPeTZ5WnRTMnNIV3hqX093LVN4M29Uajd2REtJQnZrQ0xOZFA4T1JtOHRqY2RUWEdZRUViRTIxMThpS1dGanBsSEVjTHA5VGNfNHBZWWtQTGhXMVh5RlNEWHlXNFhvTVVaSmZtOUVhZDZfdjRGRmtHeXJKLVNsNUlfZGh5N0ZVNnh4Ul9pWjR6amVqajBfUngxSUh4cjZsUXdseXN4Q3ZpTVJRSlV0VmUtWmc4OWNYZnhZZDI2NkpnbmxNYURpZjR3WDFKSm5tNXRrakNERXJPNkM3TXBuRFdtdURB0gHwAUFVX3lxTE5LX3dOdk5oUTVsNzJSN0ExRURaU2tLc0FtajZhT3Y1ZTF1YVhTdTJRYlFvU2RmZVY1MFZtMloxclQ1TDZzbkNBTnF6VzVNVlJEemIxOFZpTm55di1zQnFER0FtTDBqbXJkUXB3cElYYzVMaUhRRkRoc2xDMXZHU0djbk9YaU9NZGhWZ2hqd1YxT1lOZzJxS2tHeVd3TXcwSVJCX3BadWdkZm5XdXRCSkwtc3pNLVlFMlVucW53aXhpcGZxWlo3T2c4YnUya3lIckthUV9sRG84TlM1aHZjN2ZzaDlYWDBRdWYxSFJPN3NsRg?oc=5,roubo,95
"Roubo a joalheria em shopping do Batel, em Curitiba, termina com tiroteio e mobiliza cerco policial; veja vídeo - Banda B",2026-06-22T19:29:00+00:00,PR / Curitiba / Batel,https://news.google.com/rss/articles/CBMilAFBVV95cUxNYk51ZjBITTBJeEZTSTAwQTRQazRrS053UzVPcmZVbjJwOElaOGIxdGdTSWlSS01icFkxRk5qUFBDZHMyLTJqbWNzVW9Wc2YtUVk4aWltWWpxTlF3TFhRMzZ5eGQxUkxfcWY5aFBWVnpodkJxMC1COGFsQmFfbU1Kdng4ZlIwU2VwN3F3OGlLc2JWendV0gHuAkFVX3lxTFBIbkthX2dCdDdWYkZvTW1udzRsN1NDSkZJVUU1Qlg4MHRpTTY4Q25nUi15VlRnUS1kei1NYjVkcXZrbEpyOTRBNF9xazBKS3AtY3Rwektaajc3ZzlpQzdjSHI1b09uZXc5VmxCNmxWVEpOa1BXSWtzU3haM3MxTzFUaVpScWxxVzdfSWE3TEhIM0RTM2NsRGh2TUZmR2gwejFHdm1tUzRDZnJGRko0cFpHRUI2cVIydWE2UWs4NTVzX01wT3JnNW1qT3lzR2p2RVFXcmtpLWpydFRDSDctVUdBYUJyMlIxZGg0XzI5bTZpbUYxdG5KQW9ScWgzdHpCQ3hCYXNhZW9OZE8xWnl4UWExMnFPWVBZbFVwSkdZV0ZJSHBBM2lDZ1QwbFRGSDlRczBPMVlUMm8tRjA1VGpyNnV2M1oxdjhZQTlhdUJHMTBNX1VmXzVCdWI0WnBoVVNDcjNCMFFrblpKTW9uNDNhZw?oc=5,roubo,100
Criança de 3 anos é atingida com golpe de faca no pescoço durante briga dos pais no PI,2026-06-22T19:28:29+00:00,PI / Riacho Frio / Cachoeira do Brejo,https://g1.globo.com/pi/piaui/noticia/2026/06/22/crianca-atingida-briga-pais.ghtml,violencia,90
Mulher morre após carro bater em animal solto na BR-265,2026-06-22T19:27:59+00:00,MG / Tiradentes,https://g1.globo.com/mg/zona-da-mata/noticia/2026/06/22/mulher-morre-apos-carro-bater-em-animal-solto-na-br-265.ghtml,outros,95
Adolescente é resgatado antes de ser morto a facadas em 'tribunal do crime' do PCC em Boa Vista,2026-06-22T19:24:50+00:00,RR / Boa Vista / João de Barro,https://g1.globo.com/rr/roraima/noticia/2026/06/22/adolescente-e-resgatado-antes-de-ser-morto-a-facadas-em-tribunal-do-crime-do-pcc-em-boa-vista.ghtml,sequestro,95
Adolescente é resgatado antes de ser morto a facadas em 'tribunal do crime' do PCC em Boa Vista - G1,2026-06-22T19:24:50+00:00,RR / Boa Vista,https://news.google.com/rss/articles/CBMi5AFBVV95cUxQZ0RRQnpPZzhiUVVBZkFiTzNrUVRGUjhqc2x3bzhHRW5CQnRUSXA3bWNrUjVvN2FNaVFtYy1lZjQwbU1EQUtjOWNibktGVk5Pd0FFWm9qV20wb3FIbE1MTXlVekV1cGstSngwZlhqN3RoeW5mOUc4eXUzYTNIS3FnZGtlamlxLUE0WGlCcFA1VTFzT3RucGMzRXBrMWFveUNYN2pmREh3US0wX1VIM0QzWkdIZDBBSGZCejd1OG5OR2xGZG1JT2NFc0xhZlpqWjB2REhqNFJEQnVDTnJCeFFLdENQSnfSAfMBQVVfeXFMTkp1TkhzekJ5M3c3Z2lCM2ZaLS0yY1I2WjNXcWRDWmpHUzRLVnVMMWMyeDI2bmRoYXh0Y05MLXM5bE5ZTEVfeGlBY0FkM3FFTFNkVXFYRGY3Y3ZXUlBvSmZKWE41NnQtTWlmM1VOSWtrWkpMbzdndk5QQTRsdzVGZHZDMjBCdjdVdmE5akhiOXdzeXQxc0xSY241dW5MYzBBUm9FVGEyTXZPUzFyTXU0VmxVODJIYmFrUkRkM3lCdWxYSXFWbUtKMVprbUdaQVNxRHBhZ00tazdEb1V1WkxlRTFJWDFGaklZZDVtQmY4UFlDRV9Z?oc=5,homicidio,95
Ministério Público denuncia dois homens por assalto a escritório em Porto Alegre - Rádio Solaris,2026-06-22T19:22:46+00:00,RS / Porto Alegre,https://news.google.com/rss/articles/CBMirgFBVV95cUxQZFhheTB6U1YxRTBhREZkaW5SNVIwTGxHbFRybGdLVlRJWXlXQVpkU0xEWkROX1E3NUNidkNJeVFoc1IwNFh3OS1DMV8yOUg4S25UT3FVVzBtbTFYUHRxaV9Tdzh5SDJOUUFud04wdi1FVElCQUxUTnFZUGxHZUpnNnZtUmtaNHdldGtDTmx4Tm9LVE9jcWNWS1VUOHhBRnVEbkJyT2hRZjJqcE9iSVE?oc=5,roubo,95
Operação Cata-treco atenderá 14 bairros em Cuiabá nesta semana; confira lista,2026-06-22T19:20:59+00:00,MT / Cuiabá,https://g1.globo.com/mt/mato-grosso/noticia/2026/06/22/operacao-cata-treco-atendera-14-bairros-em-cuiaba-nesta-semana-confira-lista.ghtml,outros,100
STJ mantém condenação de ex-secretário da Segurança de Ribeirão Pires por furtos em açougues e rejeita recursos de acusados,2026-06-22T19:18:48+00:00,SP / Ribeirão Pires,https://g1.globo.com/sp/sao-paulo/noticia/2026/06/22/stj-mantem-condenacao-de-ex-secretario-da-seguranca-de-ribeirao-pires-por-furtos-em-acougues-e-rejeita-recursos-de-acusados.ghtml,furto,95
Imagem mostra suspeito fugindo após assalto no Shopping Crystal - band.com.br,2026-06-22T19:18:22+00:00,PR / Curitiba / Batel,https://news.google.com/rss/articles/CBMivgFBVV95cUxORWh5RDFTcVhXbjBqLWtXNjd5NnZfdGpVSmVWdjBkRnIxUVZCeU5TT3l6OXh0MDhTdS1HNjYyOU9pTi1pWk5YWnpqM1prTU5xb0s3UkdoRkJlOFJIQk9FTTBjNEVmc0pZYzRBV2NySWdmM05XVWRKUG4tRmV2N2plTDNhUy1IaHUxMTdFQWZUM0hscTBBVHA2TnhrbEVRcG5QV2JkRm1GY1ZmdzB3eHdSempGUDZ2dDFwREFPQlZR?oc=5,roubo,100
Polícia Civil prende foragido apontado como participante de assalto em Manoel Urbano - o rio branco,2026-06-22T19:17:58+00:00,AC / Manoel Urbano,https://news.google.com/rss/articles/CBMirAFBVV95cUxNY2VFNXgzLUR2Q2Z4RlJWOERhQ1lsbGRUYVF2TFE4TlNpZy1JRjJicWp6UndJWEZIak9PZFZpa29FTzlMQy1Gd1g2ZlVrY1UxbTl2ejdidGpYRW85cmpaX040bXhsS2VBM3hOMFJidXV3cVhpak14LU0waHBjanBIVGtvclN3V1U1NGhkSDhubFBlNy00V2JhUzAzWFRhM3A0QlhUVlRSWFZYUDRh?oc=5,policia,95
Militar que matou motociclista disse que começou a beber 6 horas antes do acidente em Campo Grande,2026-06-22T19:13:09+00:00,MS / Campo Grande,https://g1.globo.com/ms/mato-grosso-do-sul/noticia/2026/06/22/militar-que-matou-motociclista-disse-que-comecou-a-beber-6-horas-antes-do-acidente-em-campo-grande.ghtml,homicidio,95
Engavetamento com sete veículos deixa duas pessoas feridas no Quarto Anel Viário,2026-06-22T19:10:18+00:00,CE / Maracanaú,https://g1.globo.com/ce/ceara/noticia/2026/06/22/engavetamento-com-sete-veiculos-deixa-duas-pessoas-feridas-no-quarto-anel-viario.ghtml,outros,95
Caminhoneiro morre após veículo pegar fogo em batida envolvendo três caminhões na BR-070 em MT,2026-06-22T19:09:52+00:00,MT / Várzea Grande,https://g1.globo.com/mt/mato-grosso/noticia/2026/06/22/caminhoneiro-morre-apos-veiculo-pegar-fogo-em-batida-envolvendo-tres-caminhoes-na-br-070-em-mt.ghtml,homicidio,95
Justiça mantém prisão de homem que matou esposa diante do filho no DF,2026-06-22T19:08:57+00:00,DF / Brasília / Recanto das Emas,https://www.metropoles.com/distrito-federal/justica-mantem-prisao-de-homem-que-matou-esposa-diante-do-filho-no-df,homicidio,100
Homem é flagrado por câmeras ao rasgar pneus de carro em São Roque; vídeo,2026-06-22T19:06:47+00:00,SP / São Roque / Centro,https://g1.globo.com/sp/sorocaba-jundiai/noticia/2026/06/22/homem-e-flagrado-por-cameras-ao-rasgar-pneus-de-carro-em-sao-roque-video.ghtml,veiculo,95
Justiça de SP nega pedido de Renan Santos para remover postagens de redes sociais sobre acusação de estupro,2026-06-22T19:06:45+00:00,SP / São Paulo,https://g1.globo.com/sp/sao-paulo/noticia/2026/06/22/justica-de-sp-nega-pedido-de-renan-santos-para-remover-postagens-de-redes-sociais-sobre-acusacao-de-estupro.ghtml,estupro,100
Presos dois envolvidos em assalto em Carandaí que parou a BR-040 - Barbacena Online,2026-06-22T19:04:50+00:00,MG / Carandaí,https://news.google.com/rss/articles/CBMitgFBVV95cUxQaG9fSWlnekRsQXVVb1lEY3J1MmJzbDNJT1pOTERKRkJieVZwU1RXV1hZVTA1THQzdkdhRXBzck5XeU55Y083bWs4REVCVDRZakFCZ0RNT3dUbU05SnZzaFJ0eHRGV0JkZFozY3ZFY0tDYWROM3NFYmxVWWZSSDZ2LUVDNHdVT0RVYVVLTkR0ZzVqVkhBWUppVUwxdVJRRk5jM1c0Y05TSXBmRTVwMTBGYTVQRUVtQQ?oc=5,roubo,90
Ambulante é baleado acidentalmente por guarda municipal durante fiscalização em Porto de Galinhas,2026-06-22T19:01:26+00:00,PE / Ipojuca / Porto de Galinhas,https://g1.globo.com/pe/pernambuco/noticia/2026/06/22/ambulante-e-baleado-acidentalmente-por-guarda-municipal-durante-fiscalizacao-em-porto-de-galinhas.ghtml,policia,95
Padeiro é sequestrado e morto por colega de trabalho após demissão,2026-06-22T18:59:45+00:00,SP / Piracicaba / Cecap,https://atarde.com.br/policia/padeiro-e-sequestrado-e-morto-por-colega-de-trabalho-apos-demissao-1392937,homicidio,100
Homem é preso por decapitar a própria mãe em BH - Estado de Minas,2026-06-22T18:57:00+00:00,MG / Belo Horizonte,https://news.google.com/rss/articles/CBMingFBVV95cUxPVVo0XzZsTHhhX3RsRmJQZURLc051VWQtVTdCNTlzUlpvcFRia3FJREtxcTBRSXYwcUcyV3ZJZ2RzU2pJMWpCUXpVdEtYMlhNR0RrRVpTdmlidVNEdV9pU0dsbHJwUS1vWW5aSFJ1UkgtN1E2QUdjZV9pcG1VRHU5YWhZRHRYMnZnRUx4dmdISjFMNnc0SUY0YmZiWExZd9IBowFBVV95cUxQVWZNLVZlTHMzZ0ZPMll4X1JYODBTUXpHcGVicFZuc3dFRUwwOEJwNGRvWHltMFo0UW41azEta1owNjNoeHVIWmpUVjhISDFON24wQkdiLWEzLWtZX0lTTXlmblJKaHVzRGFFa3VUWlo1bUNNZGZ2SGh5TEQ1QnNmeVB0U0NWQUh3dzl6RHcxajNJa1R5MjVXY29CRjM4NndxNDVN?oc=5,homicidio,100
Caso raro: bezerro com duas cabeças nasce em cidade do interior; VÍDEO,2026-06-22T18:56:59+00:00,MA / Apicum-Açu,https://atarde.com.br/brasil/caso-raro-bezerro-com-duas-cabecas-nasce-em-cidade-do-interior-video-1392936,outros,100
Seis pessoas feitas reféns: Os detalhes do roubo de R$ 500 mil em joias na Padre Chagas em Porto Alegre - Terra,2026-06-22T18:53:00+00:00,RS / Porto Alegre / Padre Chagas,https://news.google.com/rss/articles/CBMiogJBVV95cUxNZFBJbUxJRHZqR1pPblVQQ2NuLTRndzRUUm1ISjZMY3plaXplUVhtZDJPaHVHU0ZFVVo4bzY0QVNuLTBiaGxUSjA0bmlodTFHQ28tU09vNl9EYlliTXVQbkYxbHlYQXprRmVleHIzc1BKMnA0MHdHOHhKVzVzeHd4blhpMzA4UGFTNndsQnJBZm1hY1gyRFJoTlM1WDloakhzeEM4bWNGazBOeWZlTnQ5VEIxZTRmb2RwTElYWWlvX3c5a0MzNWVwT1A1Snc4a1pjLV9ZdWxQLUpUMEY0NEx5a3hhR25YbkpZeWgwSHRSV0V5ZHlOSjZQbWsza0lGd1lDcTJBcWZVV1hNeTdNQlpNN0dyY1pEdDl0MXAwUEh2OTBHZw?oc=5,roubo,100
MP-MA denuncia ambulante por injúria racial após falsa acusação de furto contra mototaxista em Açailândia,2026-06-22T18:50:25+00:00,MA / Açailândia,https://g1.globo.com/ma/maranhao/noticia/2026/06/22/mp-ma-denuncia-ambulante-por-injuria-racial-apos-falsa-acusacao-de-furto-contra-mototaxista-em-acailandia.ghtml,outros,95
VÍDEO: jovem imita criança com paralisia cerebral em parque e mãe denuncia caso à polícia em Vitória,2026-06-22T18:50:13+00:00,ES / Vitória / Enseada do Suá,https://g1.globo.com/es/espirito-santo/noticia/2026/06/22/video-jovem-imita-crianca-com-paralisia-cerebral-em-parque-e-mae-denuncia-caso-a-policia-em-vitoria.ghtml,outros,80
Assaltantes armados atacam joalheria do Shopping Crystal - band.com.br,2026-06-22T18:49:58+00:00,PR / Curitiba / Batel,https://news.google.com/rss/articles/CBMivAFBVV95cUxOS3dIaUVGallIMTVhRE9kYk9fcEVubTRXa290UkgxNHBnX3p3WjFmamRMM1RaUi1POHRWdjlvV19ESThiM0NmbjRyemRralpNcGp1VUFHNHhmTml0ajVXUGRROFBFN19SLWN6RzNVUnBvLURERWlfTTdPYVBqUGV6cEs1SjBkN3JCeFo1VVJfTTI4Y3VoeWxiclo2NF9hZVJlQVo0RUQ4ajdYVDJsV0xTZ09GMFpaaFYyaVFuRg?oc=5,roubo,100
Empresária de 70 anos morre após passar por face lifting em clínica de SC e polícia investiga,2026-06-22T18:47:56+00:00,SC / Lages,https://g1.globo.com/sc/santa-catarina/noticia/2026/06/22/empresaria-70-anos-morre-passar-face-lifting-clinica-sc-policia-investiga.ghtml,homicidio,95
Mãe denuncia morte de bebê minutos após o parto e arquivamento de BO no PI; caso é investigado,2026-06-22T18:46:50+00:00,PI / Picos,https://g1.globo.com/pi/piaui/noticia/2026/06/22/mae-denuncia-morte-de-bebe.ghtml,homicidio,100
Discussão por cão sem focinheira termina em briga em parque de Curitiba,2026-06-22T18:44:20+00:00,PR / Curitiba / Bacacheri,https://g1.globo.com/pr/parana/noticia/2026/06/22/discussao-por-cao-sem-focinheira-termina-em-briga-em-curitiba.ghtml,violencia,95
"Grande quantidade de drogas é apreendida em casa abandonada, em Barra do Piraí",2026-06-22T18:43:26+00:00,RJ / Barra do Piraí / Coimbra,https://g1.globo.com/rj/sul-do-rio-costa-verde/noticia/2026/06/22/grande-quantidade-de-drogas-e-apreendida-em-casa-abandonada-em-barra-do-pirai.ghtml,trafico,100
Wagner aciona STF para anular busca e apreensão em sua residência,2026-06-22T18:41:08+00:00,BA / Salvador,https://atarde.com.br/politica/wagner-aciona-stf-para-anular-busca-e-apreensao-em-sua-residencia-1392933,policia,85
Homem morre após colisão entre motocicleta e carro em estrada vicinal no interior da Bahia,2026-06-22T18:39:22+00:00,BA / Barrocas / Zona Rural,https://g1.globo.com/ba/feira-de-santana-regiao/noticia/2026/06/22/homem-morre-apos-colisao-entre-motocicleta-e-carro-em-barrocas.ghtml,outros,85
Mulher que denunciou estupro em delegacia de MT volta a ser presa e é encaminhada à mesma unidade,2026-06-22T18:38:20+00:00,MT / Sorriso,https://g1.globo.com/mt/mato-grosso/noticia/2026/06/22/mulher-que-denunciou-estupro-em-delegacia-de-mt-volta-a-ser-presa-e-e-encaminhada-a-mesma-unidade.ghtml,estupro,95
Homem morre após receber descarga elétrica e cair de cima de carreta ao tentar ajudar motorista no oeste da Bahia,2026-06-22T18:38:15+00:00,BA / Luís Eduardo Magalhães,https://g1.globo.com/ba/bahia/noticia/2026/06/22/homem-morre-na-bahia.ghtml,outros,95
Homem com tornozeleira eletrônica é preso suspeito de incendiar salão da ex-companheira em Natal,2026-06-22T18:38:14+00:00,RN / Natal / Nossa Senhora da Apresentação,https://g1.globo.com/rn/rio-grande-do-norte/noticia/2026/06/22/homem-com-tornozeleira-eletronica-e-preso-suspeito-de-incendiar-salao-da-ex-companheira-em-natal.ghtml,policia,95
Segunda pessoa mais velha do Brasil completa 115 anos em Pernambuco,2026-06-22T18:37:36+00:00,PE / Jaboatão dos Guararapes,https://atarde.com.br/brasil/segunda-pessoa-mais-velha-do-brasil-completa-115-anos-em-pernambuco-1392932,outros,100
Cabo Frio (RJ): Mulher é investigada por matar companheira a facadas. - Diário do Estado,2026-06-22T18:32:31+00:00,RJ / Cabo Frio,https://news.google.com/rss/articles/CBMinwFBVV95cUxQTUZQbWpCUm1aZlk3Y291bHRsdTVVRktkR1hhUnZ0UFdqbTFSdXlWZjNxcXczZ0pRUDFDdGY2ZHQyNHpqd3dQLXZzeGZPVnQzUEo2dy11T1dQSUF3LTNRdWJYeFZTYlQ5UzFEQS12MUJ1NUlYWXNGc3l0YzV3ZkM5M3VQME1QRS1DMnd1ZHhjMmVmMllyUlpxMDFENjdNak0?oc=5,homicidio,100
Julgamento do caso Gritzbach  interrompido por discusso entre advogados e promotor,2026-06-22T15:28:00-03:00,SP / São Paulo,https://redir.folha.com.br/redir/online/cotidiano/rss091/*https://www1.folha.uol.com.br/cotidiano/2026/06/julgamento-do-caso-gritzbach-e-interrompido-por-discussao-entre-advogados-e-promotor.shtml,homicidio,100
"Homem é morto a tiros em frente a comércio no Xaxim, em Curitiba; polícia apura motivação - Banda B",2026-06-22T18:28:00+00:00,PR / Curitiba / Xaxim,https://news.google.com/rss/articles/CBMieEFVX3lxTFBIZmNkZWUwZmRoSEhVWTVSeGdhbUdkR0JTSW1DcXAtdGdvT3FpWk5SS0diTXdTQUUteFVFa1dpaUtHbExGTUxsLVR0NHVoUGE3MGFsc0otd3hibDJPaHYxZkRvazZKcWdqWVhxd0hhNUJLWEswLXRYTdIB0gJBVV95cUxNM3dlVC0yLWZVQ2NjbG5NbXpZWlJRVXFMdFV4R3NEcTRaNmlHMi1WUU92ZjM4OXVwd0stVVYtX3A5STN2bVhoY2hOMmVMQzVCaGllT1FuQ1ZhSGVud25xQXJNM3N3MWxUdnVCZGE3elNXaUtSaTE4TERJRHlzZGZTT1E0MFp0em5CTjF1VWljQXdwSmw4Nzk4U1dXS1FIMllIZmZLNlliRi1aMnA4Ukk2bUV5My1wSXBnSEVNU1I5eUhLcmZOTlpJMTFBMzVKdUNrQ3hZZWEwMGpvWkRyNGU5N1ZlelU4QjlHaGl2NGFWSXpsdjk3bzB1Z0JEWXpUV3hoelU0Z3h0ek44THhObHVvQlU5bGVWWXk3WDhiSG1OYXQ2QUhaNER4eHpfcVItU3NrZU9ZejJtV0RrSVl4TUw2dUxrRlJuNjItXzZzLWd5STJhZw?oc=5,homicidio,100
Terceirizados de companhia de energia são presos por furto de cabos em Porto Alegre,2026-06-22T18:25:37+00:00,RS / Porto Alegre,https://g1.globo.com/rs/rio-grande-do-sul/noticia/2026/06/22/terceirizados-de-companhia-de-energia-sao-presos-por-furto-de-cabos-em-porto-alegre.ghtml,furto,95
Terceirizados de companhia de energia são presos por furto de cabos em Porto Alegre - G1,2026-06-22T18:25:37+00:00,RS / Porto Alegre,https://news.google.com/rss/articles/CBMi5AFBVV95cUxPdGdLWTVlN3ZtMjJ1OTFlQXdmcjZvb2RQZnI2M0xCZkN0eW43VnFuNVpSSF80WWNRLXQ4RWo1UGJ1bjVWOUoxRE15WjNBaXJZZ00yaFE2LVZiblB3NHlBQ0VzR24tVm9yNmtSUEpZTVlOTFRYcjFDNm9hZjVpU0J6bnU4eUQyeU42cUJvTmpSWTVkN29TZzZFelozb2k1cmxNTHdkdjl3enZaajVnN3NPMlpocVJJWkNWdTRCOU51ZmRVbk14UlVPYWpWSFl0T09Fd0FJOHRTOEduMFpkNW1ZeU0yUHDSAfMBQVVfeXFMTlJGeVVZTW50R1VmYVVLQTNheUVaYUQyUzRkTlljXzM5bTZtRDcwdGozcnY1YmVSZ015MDNEaTZpNkw0S01Fb1BVeDFiZnRfVWFmNkdIQ3VPX1ZtMm90OUU5cWFVajZrNzVsOWp0c3ZYSS1SVlpoVjRmdTNzWlBrOTlONzNjRHVTX3NHclNMWVJ0UFpTVHNpS2xZWTFUVXFGVVFBQ3p6SnlWQ0FBYjBIWDNqTTRKZ2l3dnRxa2ZvU1VHRVhMRk5XVVFKMUxmbVJsSWtWVUNfcXppS0Q4Z1NQdEFZWjM4SVVfWGdCTENLWm95RDFr?oc=5,furto,100
"Ex-PM é condenado a 20 anos de prisão por morte do advogado Arnaldo Lopes, em Belém",2026-06-22T18:25:31+00:00,PA / Belém / Jurunas,https://g1.globo.com/pa/para/noticia/2026/06/22/juri-em-belem-julga-quarto-acusado-no-caso-do-advogado-arnaldo-lopes-morto-em-2017-no-para.ghtml,homicidio,100
Motorista de aplicativo morto em Porto Alegre: MPRS denuncia dois homens por latrocínio - Clic Camaquã,2026-06-22T18:24:41+00:00,RS / Porto Alegre,https://news.google.com/rss/articles/CBMivAFBVV95cUxPY0pqWWV1dmhfNkc2TXllQm5MT3VUZ2pRbTVFaXdoYm1pcFc4M3p6Z3duNDg4RDQzYTEtYjZ4T05ieUpuYjNib1pmcEpfOWZvYnJxTjV4eFZIX1NMT3BBN3V6MzRnc2RFNndWdjJwakZWUWNnVkxBbHhwVG1xOFE0LTBoMWF4dmpXa0RGcWxBdUZqejl1QU9ibDIzQmQ5M1BJTkFmOTR2dDgxSmlBV1VRcWF0WHNQd3pDZjBCRA?oc=5,homicidio,100
Ministério do Trabalho investiga morte de trabalhador após acidente em mina da CSN,2026-06-22T18:19:46+00:00,MG / Congonhas / Casa de Pedra,https://g1.globo.com/mg/minas-gerais/noticia/2026/06/22/ministerio-do-trabalho-investiga-morte-de-trabalhador-apos-acidente-em-mina-da-csn.ghtml,outros,95
Motorista morre em acidente entre dois carros e moto no Eixinho Sul,2026-06-22T18:18:55+00:00,DF / Brasília / Asa Sul,https://www.metropoles.com/distrito-federal/motorista-morre-em-acidente-entre-dois-carros-e-moto-no-eixinho-sul,veiculo,95
Mulher é morta a facadas em Cabo Frio; companheira tem prisão temporária decretada,2026-06-22T18:13:33+00:00,RJ / Cabo Frio,https://g1.globo.com/rj/regiao-dos-lagos/noticia/2026/06/22/mulher-suspeita-de-matar-companheira-a-facadas-tem-prisao-temporaria-decretada-em-cabo-frio.ghtml,homicidio,100
Mulher é morta a facadas em Cabo Frio; companheira tem prisão temporária decretada - G1,2026-06-22T18:13:33+00:00,RJ / Cabo Frio,https://news.google.com/rss/articles/CBMi7gFBVV95cUxOOTlKcjhFeWsyZ3ZqQlk0SFh2VGZBMi0zZzZKSG1BeGVuRXhWcC1aWEZGQl9hbG1TbXJpb0h1ZEtzZTcxR3U0Wk05aXVPSlZfWDdVNHVMYXM2Q3g0TjBrNjJnTnZlRFRXWjM5OUR1Vm95TU1DbTFDOUhVZjZ3VlpJSzN2OFR1UDd3dFBLUGMwZUdQWWxkV2NWN2NwWjU5bkQwSkxBQkFxbWNiXzA2TUVYREdmQzVTLVBrekl4eXVSTkRUV1RwSGI4OTIwZ214X3FHNC10bFc4dV9SUDFMMXNPaXlXVGVQc2FxR3BLSnFn0gH8AUFVX3lxTFA1SUlVNFFrMERwdzNhcmU0bzZXeWM2aDdRN1V3ZzVQNld6UEt6cTBhVUtZdmlPd1B0Wk5YNXZSNzlhNTNzXzBaOVlncVhJb2pWM1dERXByLVZCbURPNENjR3JibGYxQkpYZm1vVGNsTnR5TkZ6cVp5ZmljZkpaMXZ5TXZuWXFHSWZUTjVha04tY09FY3lfXzR6S2ZoZmZIWWRxWTNZMVIyeXZ4NXJKVmxGZm16dzF0SjEzM2J2TWxnM1dJVkk5V2paX2JsNmVsTzBsbVNkMmJnVnZPdU1tb0JoV3JmSUtDdnZYQ2FPYk5NaWhMOXFhRThIWWxZRw?oc=5,homicidio,100
Homem de 63 anos é encontrado morto dentro de casa em Conchas,2026-06-22T18:11:03+00:00,SP / Conchas / Vila São José,https://g1.globo.com/sp/itapetininga-regiao/noticia/2026/06/22/homem-de-63-anos-e-encontrado-morto-dentro-de-casa-em-conchas.ghtml,homicidio,95
PF prende suspeito de fornecer fuzis AK-47 ao Comando Vermelho que estava no Suriname,2026-06-22T15:11:00-03:00,RJ / Rio de Janeiro,https://redir.folha.com.br/redir/online/cotidiano/rss091/*https://www1.folha.uol.com.br/cotidiano/2026/06/pf-prende-suspeito-de-fornecer-fuzis-ak-47-ao-comando-vermelho-que-estava-no-suriname.shtml,policia,95
Homem foge com filho de 7 anos após agredir companheira em MG,2026-06-22T18:10:05+00:00,MG / Serra do Salitre / Zona Rural,https://g1.globo.com/mg/triangulo-mineiro/noticia/2026/06/22/homem-foge-com-filho-de-7-anos-apos-agredir-companheira-em-mg.ghtml,violencia,95
Comerciante reage a assalto e morre em troca de tiros em Bacabeira,2026-06-22T18:06:47+00:00,MA / Bacabeira,https://g1.globo.com/ma/maranhao/noticia/2026/06/22/comerciante-reage-a-assalto-e-morre-em-troca-de-tiros-em-bacabeira.ghtml,homicidio,95
Meta é condenada por derrubar perfil 'Café com teu pai'; entenda,2026-06-22T18:06:06+00:00,SP / São Paulo,https://atarde.com.br/brasil/meta-e-condenada-por-derrubar-perfil-cafe-com-teu-pai-entenda-1392930,outros,90
Homem é morto e suspeito é preso após ataque violento em Periquito,2026-06-22T18:02:28+00:00,MG / Periquito,https://g1.globo.com/mg/vales-mg/noticia/2026/06/22/homem-e-morto-e-suspeito-e-preso-apos-ataque-violento-em-periquito.ghtml,homicidio,95
Homem é encontrado morto dentro de caminhonete em Macaé,2026-06-22T17:58:53+00:00,RJ / Macaé / Glória,https://g1.globo.com/rj/norte-fluminense/noticia/2026/06/22/homem-e-encontrado-morto-dentro-de-caminhonete-em-macae.ghtml,homicidio,100
Homem é morto com tiro de arma artesanal após discussão em Imperatriz,2026-06-22T17:54:07+00:00,MA / Imperatriz / Parque Alvorada,https://g1.globo.com/ma/maranhao/noticia/2026/06/22/homem-e-morto-com-tiro-de-arma-artesanal-apos-discussao-em-imperatriz.ghtml,homicidio,100
TSE absolve denunciados de crime em VG - FOLHAMAX,2026-06-22T17:54:00+00:00,SP / Guarulhos / Vila Galvão,https://news.google.com/rss/articles/CBMihgFBVV95cUxOU3hqSVhNZlgwZzNIYjVCdEl1cGRSVmo4djhzVERGQW5nUWVFVTJNajZnTUh4Ti14Mk82ZDdmX3hUSmNmQ1VYLUo0bVgyYy1VdWs0WEItQ2Q5eUxaZDEzbFN6NlF0anVsdF9tdjA1Rmk0TTBBcVlFRDNTSThZZ2R4Yk1jRU5Vdw?oc=5,fraude,75
"""Sala do Crime"" do Museu de Ciências Forenses transforma perícia em experiência interativa - Jornal Ponta Grossa",2026-06-22T17:50:32+00:00,PR / Ponta Grossa,https://news.google.com/rss/articles/CBMi2gFBVV95cUxOeVE0aXA4Qkp6TDJvaWc1aUk3bXZJZGxVQVBHd2d0X2hlTExqTGlDemZTQktEdm9JLXh4b0dDd29LT1ZaY0Jkd0h5c3ItMXg0X1hoUjg2bk5GSDl3RGZIal84d2tiNk1WT0VOOUJkWHptN0tjSFJFci05R3J3SzhhbjlLbFhXRHpKamZ1Mjc4RVduQ09ibzJEdmdYQTMtazZtZnRJX0pxdlpabURSSmtyaXBFSUROMmhxRlVqT2dvSWl5LUx5VWQ5STdIalM0WTVWT1A0S3dCZE8yZw?oc=5,outros,95
Jovem é preso por suspeita de agredir e manter companheira em cárcere privado em Sapucaia,2026-06-22T17:49:54+00:00,RJ / Sapucaia / Jamapará,https://g1.globo.com/rj/sul-do-rio-costa-verde/noticia/2026/06/22/jovem-e-preso-por-suspeita-de-agredir-e-manter-companheira-em-carcere-privado-em-sapucaia.ghtml,sequestro,85
Orquestra e companhias de dança apresentam 'Lago dos Cisnes' em Cuiabá; entrada é gratuita,2026-06-22T17:47:10+00:00,MT / Cuiabá,https://g1.globo.com/mt/mato-grosso/noticia/2026/06/22/orquestra-e-companhias-de-danca-apresentam-lago-dos-cisnes-em-cuiaba-entrada-e-gratuita.ghtml,outros,100
Tragédia em lua de mel: marido morre após pular de ponta-cabeça no mar,2026-06-22T17:46:34+00:00,TR / Fethiye,https://www.metropoles.com/mundo/tragedia-em-lua-de-mel-marido-morre-apos-pular-de-ponta-cabeca-no-mar,outros,95
Homem é morto a tiros enquanto jogava sinuca em bar de Feira de Santana,2026-06-22T17:46:17+00:00,BA / Feira de Santana / Campo Limpo,https://g1.globo.com/ba/feira-de-santana-regiao/noticia/2026/06/22/homem-e-morto-a-tiros-em-bar-de-feira-de-santana.ghtml,homicidio,100
Brasil Terrenos chega a Formosa com o Residencial Vista do Lago,2026-06-22T17:45:26+00:00,GO / Formosa / Residencial Vista do Lago,https://g1.globo.com/go/goias/especial-publicitario/brasil-terrenos/noticia/2026/06/22/brasil-terrenos-chega-a-formosa-com-o-residencial-vista-do-lago.ghtml,outros,100
Aluno de 12 anos morre durante aula de basquete em escola militar de MT,2026-06-22T17:40:22+00:00,MT / Pontes e Lacerda,https://g1.globo.com/mt/mato-grosso/noticia/2026/06/22/aluno-de-12-anos-morre-durante-aula-de-basquete-em-escola-militar-de-mt.ghtml,outros,95
"Quem é a tocantinense que viralizou ao revelar que recebia R$ 0,16 por saco de carvão ensacado",2026-06-22T17:36:40+00:00,TO / Almas / Zona Rural,https://g1.globo.com/to/tocantins/noticia/2026/06/22/quem-e-a-tocantinense-que-viralizou-ao-revelar-receber-r-016-por-saco-de-carvao-ensacado.ghtml,outros,80
Restos mortais achados em bolsa são de homem que teve perna amputada e estava sumido no Acre,2026-06-22T17:36:11+00:00,AC / Rio Branco,https://g1.globo.com/ac/acre/noticia/2026/06/22/restos-mortais-achados-em-bolsa-sao-de-homem-que-teve-perna-amputada-e-esta-sumido-no-acre.ghtml,homicidio,95
"'Arrombaram a nossa casa, falando que eram do Bope', diz mãe de criança morta a tiros em Nova Iguaçu, RJ",2026-06-22T17:35:26+00:00,RJ / Nova Iguaçu,https://g1.globo.com/rj/rio-de-janeiro/noticia/2026/06/22/mae-crianca-baleada-nova-iguacu.ghtml,homicidio,95
Seguem buscas por integrantes de grupo envolvido em roubo em Carandaí (MG) - Rádio Itatiaia,2026-06-22T17:34:00+00:00,MG / Carandaí,https://news.google.com/rss/articles/CBMisgFBVV95cUxPRHZCSnRVNGhMdUo2cjZpcGNBNkVZSzBpcU8tczdsbzY4Y1VGMzlEZ0tMeGpYYTFfWmtSd0p0MWE5blhGdjg5UmhZSGdBVVVxbFNyMHM0UkkzTDYwdVM2OUlMcmJDSXZtUFZiWHE0M21uenJaUTdJaE50X3JZQnlldmhkaGw1bHdta0Q1QUFLRnNzUnFLdTJDcUkxSUczcW9zSW5zbklKTFRiZl92aDZDdUNR?oc=5,policia,85
"Coiotes, barcos e rotas na mata por US$ 10 mil: a perigosa saga dos cubanos para chegar ao Brasil em número recorde",2026-06-22T17:30:38+00:00,RR / Cantá,https://g1.globo.com/mundo/noticia/2026/06/22/coiotes-barcos-e-rotas-na-mata-por-u-10-mil-a-perigosa-saga-dos-cubanos-para-chegar-ao-brasil-em-numero-recorde.ghtml,trafico,85
"PM de folga reage a assalto e mata criminoso em Pelotas, diz polícia",2026-06-22T17:27:56+00:00,RS / Pelotas,https://g1.globo.com/rs/rio-grande-do-sul/noticia/2026/06/22/pm-de-folga-reage-a-assalto-e-mata-criminoso-em-pelotas-diz-policia.ghtml,homicidio,95
"PM de folga reage a assalto e mata criminoso em Pelotas, diz polícia - G1",2026-06-22T17:27:56+00:00,RS / Pelotas,https://news.google.com/rss/articles/CBMizwFBVV95cUxOdFNmcDdiUWFGUi1ldHFrcmhySkROekU3blNCOFNsMWZ4T29URFlPWTBwcHVhalM1cmtzRDN3RzdDemNtalRPZkpKSUUtSl9TT3c4RXVBR2Vpa05saDMza0NqalFxaW5yVGdoWFBJVU05Z2NwNVBqRFpEelo3cEFONi11eEVxaGhvM2NfNzRLT1RMV1JwS2c0YXNsZWlwckVzZ0tLb3JhM3hFNWtPeGpyUnVfdzEtbGhJaHBSWWtESHZPU19YUVQ3WVZqNzFBaHfSAd4BQVVfeXFMTk1Bc3VyU05aTWlaQXVwRGNSTEJsWVUyc0hMOHRsamlpSUhmZjNXYkJKZGVfd0lsajBpMW9GQU1SSzFESG5HcVFxanhWNHg4eWcyRWJWOVQzaVh5Umo2SkI4UWxJUzlXTFhZNS1jb093X3I1aGtab3h1Vl9MM2pILWJrakpWc2VNWk9SWFBVYXFKaGVDN1pJVFJBV3Ffc0RFMGg3UFdITm1BelJpZzBCTEJYRWZHLTRsT1hYRWVLWmFzTUF1dmpXblZCakxxWVFLa1RRRlYyVnRwcDZ5MVdn?oc=5,homicidio,95
Homem morre e outro fica gravemente ferido após ataque a tiros em Magé,2026-06-22T17:27:55+00:00,RJ / Magé / Suruí,https://g1.globo.com/rj/rio-de-janeiro/noticia/2026/06/22/homem-morre-e-outro-fica-gravemente-ferido-apos-ataque-a-tiros-em-mage.ghtml,homicidio,100
Homem que morreu na antessala de UPA no DF passou mais de 12 horas no local; veja imagens,2026-06-22T17:24:53+00:00,DF / Recanto das Emas,https://g1.globo.com/df/distrito-federal/noticia/2026/06/22/homem-que-morreu-na-antessala-de-upa-no-df-passou-mais-de-12-horas-no-local-veja-imagens.ghtml,homicidio,95
Criminosos são atropelados após assalto em Belém - DOL,2026-06-22T17:23:44+00:00,PA / Belém,https://news.google.com/rss/articles/CBMilgFBVV95cUxOVjRKckcyZ3pkTG1ub0lwQ0x4MEFhWkd2M0hqdDNRVVRrN204a19lS1k1cS1LOURJZE92WFB3MTZVSW1lUE9MVm1kenJpMnFvVnhnVVJtcVc3QWdtY2JaaWJ1dmF3NG1LTFBBRlE0X25vT2tDbEFESE1lekUyLVFGcXZQelpzU1phcmI5dEVHYjJ4c0NqdEHSAZ4BQVVfeXFMTXc3NzBVamNsQWtvWUphX1k4MGRLNFBkMTEzcERxZDJYRVN2STJGV3MwaC1VTGh0ekRjT3NFcnNTVUgzcUJkZ1h1SXdOUGsydG5OVU9JZkVmeW5QaXV6THF5MmRhckZTU3VraEk4Z3BzbVRGVUcyUV9iWW1FMXF6XzJWODN1ZnZ1OXJlLUJvbjdEU1R2dld3S091VkViSUE?oc=5,roubo,100
Praça histórica do Ribeirão da Ilha é revitalizada,2026-06-22T17:22:34+00:00,SC / Florianópolis / Ribeirão da Ilha,https://g1.globo.com/sc/santa-catarina/especial-publicitario/prefeitura-municipal-de-florianopolis/florianopolis-uma-cidade-para-todos/noticia/2026/06/22/praca-historica-do-ribeirao-da-ilha-e-revitalizada.ghtml,outros,100
"Pedreiro é baleado na nuca por suspeito de bicicleta em São Vicente, SP; VEJA",2026-06-22T17:19:24+00:00,SP / São Vicente,https://g1.globo.com/sp/santos-regiao/noticia/2026/06/22/servente-de-pedreiro-e-baleado-na-nuca-por-suspeito-em-bicicleta-em-sao-vicente-sp.ghtml,violencia,85
Homem morto a tiros por PM após briga entre crianças em Campo Grande é velado nesta segunda-feira,2026-06-22T17:17:20+00:00,RJ / Rio de Janeiro / Campo Grande,https://g1.globo.com/rj/rio-de-janeiro/noticia/2026/06/22/homem-morto-a-tiros-por-pm-apos-briga-entre-criancas-em-campo-grande-e-velado-nesta-segunda-feira.ghtml,homicidio,100
Morador que recebeu imóvel novo com infiltrações e rachaduras será indenizado no RN,2026-06-22T17:14:30+00:00,RN / São Gonçalo do Amarante,https://g1.globo.com/rn/rio-grande-do-norte/noticia/2026/06/22/morador-que-recebeu-imovel-novo-com-infiltracoes-e-rachaduras-sera-indenizado-no-rn.ghtml,outros,95
Homem é preso com drogas em Paraty,2026-06-22T17:07:32+00:00,RJ / Paraty / Condado,https://g1.globo.com/rj/sul-do-rio-costa-verde/noticia/2026/06/22/homem-e-preso-com-drogas-em-paraty.ghtml,trafico,100
Homem é preso após ameaçar e agredir ex-companheira em Governador Valadares,2026-06-22T17:05:13+00:00,MG / Governador Valadares / Jardim do Trevo,https://g1.globo.com/mg/vales-mg/noticia/2026/06/22/homem-e-preso-apos-ameacar-e-agredir-ex-companheira-em-governador-valadares.ghtml,violencia,95
Polícia encontra roças de maconha e apreende estrutura de cultivo em Grajaú; suspeito morre em confronto,2026-06-22T17:04:17+00:00,MA / Grajaú / Reserva Bacurizinho,https://g1.globo.com/ma/maranhao/noticia/2026/06/22/policia-encontra-rocas-de-maconha-e-apreende-estrutura-de-cultivo-em-grajau-suspeito-morre.ghtml,policia,90
"Vídeo: Suspeitos de assaltos são atropelados após suposta tentativa de roubo próximo à Doca, em Belém - A Província do Pará",2026-06-22T16:59:54+00:00,PA / Belém / Doca,https://news.google.com/rss/articles/CBMizAFBVV95cUxORDN2cUhuUFk5STJvN0ZWUzloaURPZmtob0ZMS0x3S2NQRmVTZUlPWmhlS0wxdW5PTGU3LTJVdmNOTFg2cmp6dDJFeTdBa1ZjaWNKUTNidjV0VmNFVEtnU3RDelJaQy1XaENaSlVPMG1TMzBSYjFzR21Ld09tNEV6eWJRdU82NE9LQ2FSNGxRSlpMczNENEZ6YVFTT2xDVzRiNFRMemZpTjhUMXRwNGN6QXQ5NTdBQURkUjJYeENMVGlEMXU0aUVaTnBzNGE?oc=5,roubo,95
Crime organizado em aluguel por temporada entra na mira de autoridades - Gazeta News Guarulhos,2026-06-22T16:59:20+00:00,SP / Guarulhos,https://news.google.com/rss/articles/CBMiqgFBVV95cUxQaE5yMVNBUzV0S2ZKc2U4RWNCeXlRWEplcjh4em9XZVZPWnhiQkZlYW5jb1FZU2xWdFloazdRQkFYSFh4RThVczc3cmhlQ0plWEl2VndqclcxakhSM085MnltRXh5WldhMWFpYnU2NExjcEdIcUxDb3NaMkF4ckR5Vm04TUJjNERadDF5RXA4aGdaNGpqM24zU0ROMUpiYXRyNEFTQ280X1Rkdw?oc=5,faccao,95
Famílias de comunidades tradicionais no AC podem receber até R$ 8 mil para manter floresta em pé; Saiba mais,2026-06-22T16:57:00+00:00,AC / Feijó,https://g1.globo.com/ac/acre/noticia/2026/06/22/familias-de-comunidades-tradicionais-no-ac-podem-receber-ate-r-8-mil-para-manter-floresta-em-pe-saiba-mais.ghtml,outros,90
"Vídeo: Assaltante persegue vítima e aplica rasteira durante roubo em Guadalupe, no Rio de Janeiro - A Província do Pará",2026-06-22T16:56:36+00:00,RJ / Rio de Janeiro / Guadalupe,https://news.google.com/rss/articles/CBMixwFBVV95cUxOaEFQeDRzREp3YzRhd3BZQTRhdk5CTVZDY212bjVHSU9seXcwX0JSdzNxRGZJQ095dldqMVNMUEJVcnJpT1k0c1FhU1FNVWExME9Ja21xVVRWNWpVWHBjcmJzTm45Q1h5WUVEb3lUa0tVMW9WTWV1bVdyTGNhYm85NTFjQ1YtZmZRYnlMWngyVDJPTXktcV9wTENnRVN0Y2VxdVZPN1I1dlF3MGVES3oxS3FUQXYzMGd2Ny1la05kYnc3VmNGRVVN?oc=5,roubo,100
Vereador do PI é preso por agressão contra mulher e embriaguez ao volante; parlamentar foi solto após fiança,2026-06-22T16:54:00+00:00,PI / Baixa Grande do Ribeiro,https://g1.globo.com/pi/piaui/noticia/2026/06/22/vereador-preso-agressao.ghtml,violencia,90
Chefe da segurana do Metr diz que episdios de violncia foram isolados,2026-06-22T13:53:00-03:00,SP / São Paulo / Parada Inglesa,https://redir.folha.com.br/redir/online/cotidiano/rss091/*https://www1.folha.uol.com.br/blogs/andancas-na-metropole/2026/06/chefe-da-seguranca-do-metro-diz-que-episodios-de-violencia-foram-isolados.shtml,violencia,95
Piloto de ultraleve é encontrado morto após perder comunicação com a torre em Várzea Grande (MT),2026-06-22T16:52:43+00:00,MT / Várzea Grande / Trevo do Lagarto,https://g1.globo.com/mt/mato-grosso/noticia/2026/06/22/apos-horas-de-buscas-piloto-e-encontrado-morto-ao-lado-de-ultraleve-que-desapareceu-em-varzea-grande-mt.ghtml,homicidio,95
"Empresária suspeita de ser lobista em contrato de R$ 139 milhões das UPAs fugiu minutos antes da chegada da polícia, diz relatório",2026-06-22T16:52:38+00:00,RJ / Rio de Janeiro,https://g1.globo.com/to/tocantins/noticia/2026/06/22/lobista-em-contrato-de-r-139-milhoes-das-upas-fugiu-minutos-antes-da-chegada-da-policia-diz-relatorio.ghtml,fraude,95
Jovem tem uniforme de trabalho roubado em assalto na zona sul de São Paulo - R7,2026-06-22T16:52:22+00:00,SP / São Paulo,https://news.google.com/rss/articles/CBMixAFBVV95cUxOQU85U3FZY05RMHQxdS1xcGNNUTVMdzFrenBjWmpuOGs1T0Rfa3M5OVdxSnRzUHNLOVQ5Y0k2ZU5Gdjc4T1M3SEpBdXVvN3lSQ2JOWHRlMHhUYlBJUVl6MkVsNWJuNlFGUmgwVWJjOUZYZWppOEk5SEpZcGZ2UndZVEhKNjdRVjVTNzZfS3NTc0JsZ0lVa0JRVmJCZk52Ti1BUVd3dk9sZzVKbWNvbnRDekxPWDlaWm1zRzMwWjNTVGRfSm04?oc=5,roubo,100
"Mulher morre após ser esfaqueada, e mãe fica ferida em ataque em Rocha Miranda",2026-06-22T16:48:07+00:00,RJ / Rio de Janeiro / Rocha Miranda,https://g1.globo.com/rj/rio-de-janeiro/noticia/2026/06/22/mulher-morre-apos-ser-esfaqueada-e-mae-fica-ferida-em-ataque-em-rocha-miranda.ghtml,homicidio,100
Motorista bêbado invade festa religiosa e atropela fiéis em Santa Teresa,2026-06-22T16:47:39+00:00,ES / Santa Teresa,https://g1.globo.com/es/espirito-santo/sul-es/noticia/2026/06/22/motorista-bebado-invade-festa-religiosa-e-atropela-fieis-em-santa-teresa.ghtml,outros,85
Suspeito morre após troca de tiros com a Polícia Militar em Macapá,2026-06-22T16:30:39+00:00,AP / Macapá / Jardim Marco Zero,https://g1.globo.com/ap/amapa/noticia/2026/06/22/suspeito-morre-apos-troca-de-tiros-com-a-policia-militar-em-macapa.ghtml,policia,95
"Júri do caso Gritzbach: &quot;Perdi tudo&quot;, diz viúva de motorista de app",2026-06-22T16:24:00+00:00,SP / São Paulo,https://www.metropoles.com/sao-paulo/juri-caso-gritzbach-viuva-motorista,homicidio,95
Polícia investiga morte de auxiliar de classe esfaqueada em Cabo Frio - O Dia,2026-06-22T16:23:41+00:00,RJ / Cabo Frio,https://news.google.com/rss/articles/CBMixwFBVV95cUxNakVhcU9KYnppTHlBQUdxeGdfSVpnLVVtNlh3eEVBMERFdEFrZEJUTDBidUs5Zl8xZ0NHdGVtYTlyaFhEaFBmbndOTU1rV3hpNlUtNmVsVXZMRm4wRzNHcWZjOGNXdEtiRGJOZ1d4NXo0ek1iRnhNc3g2MWRESDdnQVlRQUVsTkJQNTZnaE0wMGRwVEhiZENUTmpKREE3ZkNZZ3ZHOER2UE5CMkFQWUFCcFRlMlh4TDBRWXItemtBckh3Mk5ubzRZ0gHMAUFVX3lxTE5mSXlWODRoVkVIdDZYYy11bFVzcWJkMTlUSmxWSFFKXzl1Rlc5LXJha2UzNzVCUWtzY2tEb2xVRDY1a1lKdGFUNGpoTG9wYktFWjVOQWU3bkt6WkU4SGFTNWs2VVIzT0tjZDVDUVU2ZnRLdDFkaXBTd1hWTHp0RHFMd1ZnbmtueWh0cTdwUE1UNFNhM1oyemJtN2NJZnhfSnI0WmQ4cEhheU1tNTlINVg5LW9qSi01TDFiODBRaFFHVTE4Q05iUzg3UWJoSg?oc=5,homicidio,100
"Após fechar fábricas, JBS, dos irmãos Batista, anuncia expansão de R$ 772 milhões",2026-06-22T16:21:46+00:00,US / Cactus,https://atarde.com.br/brasil/jbs-anuncia-expansao-milionaria-apos-fechar-duas-unidades-1392918,outros,95
Peça de torre de telefonia cai sobre casa no Paraná e destrói banheiro enquanto morador escovava os dentes,2026-06-22T16:15:44+00:00,PR / Foz do Iguaçu / Três Lagoas,https://g1.globo.com/pr/oeste-sudoeste/noticia/2026/06/22/peca-de-torre-de-telefonia-cai-sobre-casa-no-parana.ghtml,outros,100
Mulher morre ao ser esfaqueada nas costas em bar e suspeito é preso após ser encontrado escondido em lona,2026-06-22T16:14:22+00:00,SP / Santa Adélia,https://g1.globo.com/sp/sao-jose-do-rio-preto-aracatuba/noticia/2026/06/22/mulher-morre-ao-ser-esfaqueada-nas-costas-em-bar-e-suspeito-e-preso-apos-ser-encontrado-escondido-em-lona.ghtml,homicidio,100
Mulher morre ao ser esfaqueada nas costas em bar e suspeito é preso após ser encontrado escondido em lona - G1,2026-06-22T16:14:22+00:00,SP / São José do Rio Preto,https://news.google.com/rss/articles/CBMilAJBVV95cUxNMXo0TlBGYkhSR2JVOEtZTzBkOWhzbWZ2OHlVb0t0SGU5VWM2NVluTUZsRGp2UlhtSTRzNnlVaU9jaVFkSWt3RzVZdWdrTi1lR3hLRjhsa0p4V3NIVmFGWk9NMGN0eUZhZGdCUEhIQkNwU3hPX2VaclpMMjBmbFVqRkJGMDN4NXlrQk1ic2dTT2FyTzdpQ1lubTJGYTVBNjYzcGJVMV9DLTJWS1otMlhuTkZMczZmcTF3UndVc0R5MEhkbUh2aXV1ajNCNWRldmw4WGxwWkF0Z1JVRkU2aTVha1JhSDltNHQ3eGppVG1KR1BZTTFNUV9RSmdSZnJNeFlOMFI3YzM1aUpRQjlUQUN5RE9RUjbSAaMCQVVfeXFMTlQteDZ1VGI4TEt6U1dwYXJSeFFqeDljNG9KQThhcVdjUkNBOGtnQlNIbHBXcnI2cjQxRTVueEU3SnBsQzlZaFplWVRuVE9MOTJzZkZsem1yNzRGR2dpYVlLOFAtUzVSVWpmY0Z0dmNZZlZwWTJpd2RCYTNsaEtneUYzeXlFT25kVm1HWnFVRnNXMXdUQnFDZk1lRVRvMTFDSG5LM21xNVhTS0V5anRnQ0RCR29tajV4Z3hjUWdQdGNVNjJQanNRSlFLdnNOTG9fTEtEcUFPZGlmWFZiQ1FQdEJnZEp0Sl9GNjIwYzV5NkpQSHNkbFBaYUh5aVFxTUFHbDRRUVVLbUNFaEgxRjBJTVZ3bHYtS0hEYVA2UU1vTTVtMTlr?oc=5,homicidio,100
Homem é preso por importunação sexual contra jovem dentro de ônibus na Castello Branco no interior de SP,2026-06-22T16:13:56+00:00,SP / Pardinho,https://g1.globo.com/sp/bauru-marilia/noticia/2026/06/22/homem-e-preso-por-importunacao-sexual-contra-jovem-dentro-de-onibus-na-castello-branco-no-interior-de-sp.ghtml,estupro,95
"Adolescente e jovem morrem em acidente dois dias antes de ela fazer aniversário, na GO-070",2026-06-22T16:11:22+00:00,GO / Goianira / Zona Rural,https://g1.globo.com/go/goias/transito/noticia/2026/06/22/adolescente-e-jovem-morrem-em-acidente-dias-antes-de-ela-fazer-aniversario-na-go-070.ghtml,veiculo,95
Homem é preso após vizinha filmá-lo agredindo jovem em apartamento no Centro de BH,2026-06-22T16:07:47+00:00,MG / Belo Horizonte / Centro,https://g1.globo.com/mg/minas-gerais/noticia/2026/06/22/homem-e-preso-apos-vizinha-filma-lo-agredindo-jovem-em-apartamento-no-centro-de-bh.ghtml,violencia,100
Cerca de 500 detentos passam mal em presídios de Mossoró; suspeita é de intoxicação alimentar,2026-06-22T16:06:02+00:00,RN / Mossoró,https://g1.globo.com/rn/rio-grande-do-norte/noticia/2026/06/22/detentos-passam-mal-presidios-mossoro-suspeita-intoxicacao-alimentar.ghtml,outros,95
Idoso descobre que viveu 60 anos com nome da mãe incorreto nos documentos em RO,2026-06-22T16:04:08+00:00,RO / Porto Velho,https://g1.globo.com/ro/rondonia/noticia/2026/06/22/idoso-descobre-que-viveu-60-anos-com-nome-da-mae-incorreto-nos-documentos-em-ro.ghtml,outros,95
"PM de folga reage a assalto e mata criminoso em Pelotas, diz polícia - G1",2026-06-22T16:03:10+00:00,RS / Pelotas,https://news.google.com/rss/articles/CBMiygFBVV95cUxNcWFKUkNnTTlIMkwzWElFcjVhQmZja3lEZ0doU011SDJwZk9vUEppWi04X2JpQ0NMdlJSZnlzTk9QeGRXc1hzVzRrX3l2ZGJVbldRWGNvN2FVYm5haGNicVdpbnNiaUFmdDUwZFhnZ3d5dUU3azNEdWNHR0UwYmZzZWdLdWhDUjJSZTlodWZzMlA1aVVFdXYtdk9kRWQ0S05vdGRWODFieUtwVjYyQ2RXc1FPVE1QT1A5NnF2TGRaZEtCelBYS0piX3FB0gHYAUFVX3lxTE5RMVBVa01rdEtVZWRhcV9CTjV4NlM2ZHNDZUdHMVBxUVlQYWJNWE5LbURUbTl4aER5QnZydktxMm1GTXZzNkk2TFZkclhnTGtmMHdlWk5zdkNOVXdQVWJtRHRwY3kwV0RoV2xjZk1PUUxjazlEV1JCNEJLOVhrZHBsZjdCSmp0WUFNTWJhZG9EWnFyai1maXIyLUVWdU5BNm9ZXzJlYWRIT0dxWGtodUJBSGRIM3VqZTlTa1BZN0RFWEhwZmhpVURjSElmUmRsZVlNNjhHTGdKUw?oc=5,homicidio,95
"Filho que decapitou a mãe em BH chorou ao confessar o crime, diz PM - Rádio Itatiaia",2026-06-22T15:58:51+00:00,MG / Belo Horizonte,https://news.google.com/rss/articles/CBMiswFBVV95cUxOVzNqSWJzWXA4eER5S2daTFktNHZKVVc1Z1ExM1dBam16dDY4WEdwM2t5cEF1SzZWRnR2TDMyWnRJd2VUU0Q5Q3B1X2l6LTFtVWtFZjV0OXdabV8wcTVxME1NSGlveWwwUE9GZG1kdTNJM3JFU3lwTUhpYkJxNVNqSkhWZVN6X2hnUmlOalBvWGFEcFNldXJrR3hQdW5TVWtpalV6MjI5V25wR25INjlkTzNQcw?oc=5,homicidio,100
"Homem morre, outro fica ferido em ataques a tiros em Campos; carro é incendiado",2026-06-22T15:54:41+00:00,RJ / Campos dos Goytacazes / Guarus,https://g1.globo.com/rj/norte-fluminense/noticia/2026/06/22/homem-morre-outro-fica-ferido-em-ataques-a-tiros-em-campos-carro-e-incendiado.ghtml,homicidio,100
Rinha de galos: PM encontra animais feridos e desarticula esquema no DF,2026-06-22T15:53:02+00:00,DF / Planaltina,https://g1.globo.com/df/noticia/2026/06/22/rinha-de-galos-pm-encontra-animais-feridos-e-desarticula-esquema-no-df.ghtml,policia,95
Primas estão desaparecidas no Paraná há 60 dias: veja tudo o que se sabe sobre o caso,2026-06-22T15:43:44+00:00,PR / Cianorte,https://g1.globo.com/pr/norte-noroeste/noticia/2026/06/22/primas-estao-desaparecidas-no-parana-ha-60-dias-veja-tudo-o-que-se-sabe-sobre-o-caso.ghtml,homicidio,100
"Carreta desgovernada carregada com cana-de-açúcar desce rua, atinge árvores, poste e invade casa; VÍDEO",2026-06-22T15:43:24+00:00,MG / Capinópolis,https://g1.globo.com/mg/triangulo-mineiro/noticia/2026/06/22/carreta-desgovernada-carregada-com-cana-de-acucar-desce-rua-atinge-arvores-poste-e-invade-casa-video.ghtml,veiculo,90
"Polícia Civil investiga morte de jovem encontrada ferida em Varginha, MG",2026-06-22T15:41:25+00:00,MG / Varginha,https://g1.globo.com/mg/sul-de-minas/noticia/2026/06/22/policia-civil-tenta-esclarecer-morte-de-jovem-encontrada-ferida-em-varginha-mg.ghtml,homicidio,100
MP investiga denúncia de 'sala do castigo' em presídio de Juiz de Fora; Sejusp nega,2026-06-22T15:39:23+00:00,MG / Juiz de Fora,https://g1.globo.com/mg/zona-da-mata/noticia/2026/06/22/mp-investiga-denuncia-de-sala-do-castigo-em-presidio-de-juiz-de-fora-sejusp-nega.ghtml,violencia,85
Filho é preso após matar e decapitar a própria mãe em Belo Horizonte - Impactto News,2026-06-22T15:37:36+00:00,MG / Belo Horizonte,https://news.google.com/rss/articles/CBMisgFBVV95cUxOb3VZQ0Y4dGc1SEEzZVJfNE0wNFltc0djXzYtcDRvTXpGcU9DSmIyemxlWGV5SmZ0T1NVZUxMOWhUUzJfMUdBV2pKTFVJSm1VMElGNVFKZW05N2kzZWFBR3ROcFhpQjlGRXJXMmZBaFRDb1V0YmVuOUtPOENCc3NyU3ZCUXNJR2dfSnV2azVhSmE1VXljUHB3bHpRUmd4d2FpVzlicWstR3Q1dURpakR0RFl3?oc=5,homicidio,100
"Suspeito de matar namorada e manter corpo em apartamento em SC tentou simular cena de suicídio, diz MP",2026-06-22T15:35:57+00:00,SC / Criciúma,https://g1.globo.com/sc/santa-catarina/noticia/2026/06/22/suspeito-matar-namorada-sc-simular-cena-suicidio-diz-mp.ghtml,homicidio,100
"Homem agride irmão com foice no bairro Santa Luzia, em Juiz de Fora",2026-06-22T15:31:13+00:00,MG / Juiz de Fora / Santa Luzia,https://g1.globo.com/mg/zona-da-mata/noticia/2026/06/22/homem-agride-irmao-com-foice-no-bairro-santa-luzia-em-juiz-de-fora.ghtml,violencia,95
Homem é preso suspeito de invadir casa e estuprar mulher no Seridó da Paraíba,2026-06-22T15:29:05+00:00,PB / Juazeirinho,https://g1.globo.com/pb/paraiba/noticia/2026/06/22/homem-e-preso-suspeito-de-invadir-casa-e-estuprar-mulher-no-serido-da-paraiba.ghtml,estupro,100
Defesa de PMs acusados de matar delator do PCC diz que provas foram forjadas,2026-06-22T12:28:00-03:00,SP / Guarulhos,https://redir.folha.com.br/redir/online/cotidiano/rss091/*https://www1.folha.uol.com.br/cotidiano/2026/06/defesa-de-pms-acusados-de-matar-delator-do-pcc-diz-que-provas-foram-forjadas.shtml,homicidio,100
"Suspeito de furtar sítio de Robert Rios e outros imóveis é preso ao voltar ao local, diz delegada",2026-06-22T15:27:59+00:00,PI / Teresina / Zona Rural Sudeste,https://g1.globo.com/pi/piaui/noticia/2026/06/22/suspeito-de-furtar-sitio-preso.ghtml,furto,95
Encontro de secretários da Segurança em Foz do Iguaçu discute ações integradas de combate ao crime - Jornal Ponta Grossa,2026-06-22T15:24:00+00:00,PR / Foz do Iguaçu,https://news.google.com/rss/articles/CBMi6gFBVV95cUxNRnJaOXdac1h6SDA4U3NtNVJsSWVydGZocHhNazRCdTV5VjZJUnRpUEdSdTdRZnhwZmNKcHVIUEhhd2FqX2Q4R2thNDk1MmZRT2d2eDZMODZUZGl3UzVWcmpWRWxLRUN3V1NPNTE5dWVYSzlQdU9MbmJ3MVBOTzNpaHcwRW1xSlhoczk3S1VCNU55dVZ5V0V1S3pja1l3YzVLX0otWjdxcjlySHNFZ0xvbTlTbWNfWWNSVXZ2MlRhVlZUWXJYS2pieHpEMkFoNFB6ODZXZFFPN0JSQTZyT01RMjNOYTJESVREMWc?oc=5,policia,95
"Casado, pai e avô: saiba quem era o comerciante que foi assassinado em mercearia de Jacareí, SP",2026-06-22T15:23:32+00:00,SP / Jacareí / Santo Antônio da Boa Vista,https://g1.globo.com/sp/vale-do-paraiba-regiao/noticia/2026/06/22/casado-pai-e-avo-saiba-quem-era-o-comerciante-que-foi-assassinado-em-mercearia-de-jacarei-sp.ghtml,homicidio,100
Jovem baleado após motorista reagir a tentativa de assalto morre em BH,2026-06-22T15:22:16+00:00,MG / Belo Horizonte / Pampulha,https://g1.globo.com/mg/minas-gerais/noticia/2026/06/22/jovem-baleado-apos-motorista-reagir-a-tentativa-de-assalto-morre-em-bh.ghtml,homicidio,95
Jovem baleado após motorista reagir a tentativa de assalto morre em BH - G1,2026-06-22T15:22:16+00:00,MG / Belo Horizonte,https://news.google.com/rss/articles/CBMizAFBVV95cUxQbFFqNnpWUGdickdlckU1MVpkamF3c1RIaTFtR0FkbURra2ZLbkN5ZE1Obll1SW1TUW94RmdpZGdMSWMwMnNoMHZ1Y3gyS0xzWlFDczZnYjZxaUhtMURHOHhyS2VpaHRuYU1sbC1mQUJFOWVYcHNqOGd6ZV9VRzVCTkNWS3NpWlFyOXFtUzhHZkxxdkF5VjhfX0N4UUVZYWFKZHhQdVhyLV9SelZDOEJ0N2k2Vnp2Mmd5Zk5kYWVrRWFtTXhCZEwzdlYteTTSAdsBQVVfeXFMUExoN3RQQzJiVEFWSjZuQzZucWhraFgtWTljbmRIVXl3ZmFzbWdYcmVRQUg4aktRaUVnTk9Dbnc1eFFuRWt6TVZ1ZzRoSWxJMlVTaE1TdzN6NWhWR3hBU3hnWlNZR3gzS1EySU9lMEJUOXI4RE55R2VJd2NseVV5NmhKM2YzRm56Z2ZYeEgwUjZ4RDZRTUxqZG4wRHM5YlRtcjhRcmtzeVJTblFfc3VhNkpUREMtLXVjSTNJZFVuaWxEbnJzQ1k5ZHVhazJuM2RVaEdzNlEwSUtzQ01V?oc=5,homicidio,100
"Universitária do TO morre após carro capotar em rodovia e comove internautas: 'Era uma menina doce', diz pai",2026-06-22T15:19:48+00:00,PA / Santana do Araguaia,https://g1.globo.com/to/tocantins/noticia/2026/06/22/universitaria-do-to-morre-apos-carro-capotar-em-rodovia-e-comove-internautas-era-uma-menina-doce-diz-pai.ghtml,homicidio,100
Julgamento do caso Gritzbach tem segurana reforada e alterao de rotina no Frum de Guarulhos,2026-06-22T12:17:00-03:00,SP / Guarulhos,https://redir.folha.com.br/redir/online/cotidiano/rss091/*https://www1.folha.uol.com.br/cotidiano/2026/06/julgamento-do-caso-gritzbach-tem-seguranca-reforcada-e-alteracao-de-rotina-no-forum-de-guarulhos.shtml,homicidio,95
Homem em situação de rua morre durante noite fria em Pelotas e polícia investiga possível hipotermia,2026-06-22T15:15:42+00:00,RS / Pelotas,https://g1.globo.com/rs/rio-grande-do-sul/noticia/2026/06/22/morte-homem-situacao-rua-pelotas.ghtml,outros,95
"Funcionárias denunciam colega de trabalho por assédio dentro do HPS, em Juiz de Fora",2026-06-22T15:13:18+00:00,MG / Juiz de Fora,https://g1.globo.com/mg/zona-da-mata/noticia/2026/06/22/funcionarias-denunciam-colega-de-trabalho-por-assedio-dentro-do-hps-em-juiz-de-fora.ghtml,violencia,85
Espiritualista revela &quot;recado&quot; de ex-noivo morto de Ana Paula Arósio,2026-06-22T15:10:32+00:00,RJ / Rio de Janeiro / Itanhangá,https://www.metropoles.com/colunas/fabia-oliveira/espiritualista-revela-recado-de-ex-noivo-morto-de-ana-paula-arosio,homicidio,90
"'A gente via de perto o descaso', diz família de homem que morreu em sala de espera de UPA no DF",2026-06-22T15:07:58+00:00,DF / Brasília / Recanto das Emas,https://g1.globo.com/df/distrito-federal/noticia/2026/06/22/descaso-diz-familia-de-homem-que-morreu-em-sala-de-espera-de-upa-no-df.ghtml,homicidio,90
Ex-vereador de Santana do Paraíso morre após acidente com caminhão na Serra da Viúva,2026-06-22T15:07:01+00:00,MG / Santana do Paraíso / Serra da Viúva,https://g1.globo.com/mg/vales-mg/noticia/2026/06/22/ex-vereador-de-santana-do-paraiso-morre-apos-acidente-com-caminhao-na-serra-da-viuva.ghtml,outros,95
Vazamento de gás natural em obras do metrô interdita ruas de Fortaleza e restringe circulação da população,2026-06-22T15:06:01+00:00,CE / Fortaleza,https://g1.globo.com/ce/ceara/noticia/2026/06/22/vazamento-de-gas-natural-em-obras-do-metro-interdita-ruas-de-fortaleza-e-restringe-circulacao-da-populacao.ghtml,outros,100
Bombeiros localizam corpo de homem que se afogou em Bernardo Sayão,2026-06-22T15:02:21+00:00,TO / Bernardo Sayão / Zona Rural,https://g1.globo.com/to/tocantins/noticia/2026/06/22/bombeiros-localizam-corpo-de-homem-que-se-afogou-em-bernardo-sayao.ghtml,outros,95
Justiça mantém prisão de militar que atropelou e matou motociclista em Campo Grande,2026-06-22T15:01:53+00:00,MS / Campo Grande / Centro,https://g1.globo.com/ms/mato-grosso-do-sul/noticia/2026/06/22/justica-mantem-prisao-de-militar-que-atropelou-e-matou-motociclista-em-campo-grande.ghtml,homicidio,100
Servidora municipal é morta a tiros no interior da Bahia; suspeito foi preso em flagrante,2026-06-22T14:58:47+00:00,BA / Campo Alegre de Lourdes / Zona Rural,https://g1.globo.com/ba/bahia/noticia/2026/06/22/servidora-municipal-e-morta-a-tiros-no-interior-da-bahia-suspeito-foi-preso-em-flagrante.ghtml,homicidio,95
"Mãe, padrasto e tio são presos em flagrante após criança de 8 anos morrer com tiro em casa em Natal",2026-06-22T14:58:19+00:00,RN / Natal / Guarapes,https://g1.globo.com/rn/rio-grande-do-norte/noticia/2026/06/22/presos-caso-crianca-morte-tiro-casa-natal.ghtml,homicidio,100
Aeronave cai em área rural do Paraná,2026-06-22T14:56:43+00:00,PR / Marialva / Área rural,https://g1.globo.com/pr/norte-noroeste/noticia/2026/06/22/queda-aviao-parana.ghtml,outros,100
"Barco de madeira afunda no Rio Iriri, em Altamira, e piloto sobrevive",2026-06-22T14:55:15+00:00,PA / Altamira / Desvio Terra Firme,https://g1.globo.com/pa/para/noticia/2026/06/22/barco-de-madeira-afunda-no-rio-iriri-em-altamira-e-piloto-sobrevive.ghtml,outros,100
"Homem mata mulher e diz à polícia que tentava 'expulsar demônios', na Serra",2026-06-22T14:55:13+00:00,ES / Serra / Jardim Limoeiro,https://g1.globo.com/es/espirito-santo/noticia/2026/06/22/homem-mata-mulher-e-diz-a-policia-que-tentava-expulsar-demonios-na-serra.ghtml,homicidio,100
Mulher é sequestrada durante assalto à salão de beleza em São Paulo #HojeEmDia #Shorts - R7,2026-06-22T14:55:09+00:00,SP / São Paulo,https://news.google.com/rss/articles/CBMixwFBVV95cUxOMlFra2dKN0dkSEd0NXdWNjBhRHBnNE1IWHphZE5oVkxlaHBrb29vTVhISnY3bXoyZU4xcjlJSlp6YmJ1WXI5OFVjblBUek1hQkJmSW9MamQ1amVVc1N5azl0eVlHSU5scU1zLUo1RGFoZmFsLWZoNzNsOE9naURaQVNxMFNhejVJbjRDWDBsbG9FNUNwY3pvZ2dxOG94UkluRkdvZjBWOWd2QzZlcV9oSnZHQXJqTEZYVU5tTDc4R1pFUG9Ed1lZ?oc=5,sequestro,95
"PM combate perturbação do sossego e crimes de trânsito na avenida Segismundo Pereira, em Uberlândia",2026-06-22T14:55:04+00:00,MG / Uberlândia,https://g1.globo.com/mg/triangulo-mineiro/noticia/2026/06/22/pm-combate-perturbacao-do-sossego-e-crimes-de-transito-na-avenida-segismundo-pereira-em-uberlandia.ghtml,policia,95
Polícia indicia colombiana que ofereceu banana a capoeirista na Rocinha,2026-06-22T14:51:41+00:00,RJ / Rio de Janeiro / Rocinha,https://g1.globo.com/rj/rio-de-janeiro/noticia/2026/06/22/policia-indicia-colombiana-banana-capoeirista-rocinha.ghtml,policia,95
Vereador de Divinópolis é suspeito de agredir homem com garrafa após desentendimento em casa noturna,2026-06-22T14:51:30+00:00,MG / Divinópolis,https://g1.globo.com/mg/centro-oeste/noticia/2026/06/22/vereador-de-divinopolis-e-suspeito-de-agredir-homem-com-garrafa-apos-desentendimento-em-casa-noturna.ghtml,violencia,95
Amazonas registra prisões por roubo em Manaus e investigação sobre corpo em decomposição em Itacoatiara (vídeo) - Radar Amazônico,2026-06-22T14:51:08+00:00,AM / Manaus,https://news.google.com/rss/articles/CBMi1wFBVV95cUxQT19YMGZsb1E0TzFObTVBejF0UlB6bFVZbHVTdm5JYkxpd2p6NjhfNjdtS20xX3FGcDJGb3hZOTZTQ042VE5rWnlzaDJ5cWktYkQ3azdfZWh5aTZEUk04YURRS1FKbUluZlRRemZXQVVwX203d2w1SGZmZWhNRHQ3NDM2ZWZJZUNnWE9lbjBrZk9mYW9mZVplTlZHS1pqNmZnTFg3Z0dIZGR1X01tcDRMOVR5anBGSDFmdXp3SzZ0bHAwLTEtNGNxME1BeWgwTWJyRWxZRHJZbw?oc=5,homicidio,100
Homem é preso com arma e drogas em Paracambi,2026-06-22T14:50:58+00:00,RJ / Paracambi / Vila São José,https://g1.globo.com/rj/sul-do-rio-costa-verde/noticia/2026/06/22/homem-e-preso-com-arma-e-drogas-em-paracambi.ghtml,trafico,95
PM reage a assalto e mata suspeito em Pelotas - G1,2026-06-22T14:48:19+00:00,RS / Pelotas,https://news.google.com/rss/articles/CBMizwFBVV95cUxNdDNjMVpNamJaa0FNRElxaEZ1aGstdXNubHNWejNiNjNZVGhadmZ0aDBnZlNzYjNwb0E0U212TnlNeDVYRWtacDY2bElCejkxUWNRWGtFdUxZM0FPOEpkdkpydEs2Tmd2eGRqckVkenVuTlBFbkxtMXhHbWd5UUdUN3U4NjZSRHVjNXRZb2w0UWhaeUJ6Y3lzaTFPNmlxaHNESm9nb201QTdUMVlKal9PU09Qem9tUnBpRFFadU9XVGdBX0xHT3ZNZTdiVDRSWkXSAd4BQVVfeXFMTzd3TXdIcmU3c1NJQWpJbDRWdm0wdDcxdmZ6QmtDWG5aeDI1dmdVZzlBUGtxYU1rR0hGeV8zMUxSelZabWR3N3pJTXBiN2ltTkdXbDI3ektNSVFwaTJZd3dPbVFBeWlveVZjNzJmUS1adk1OUGJBTklKTzBSaDFNUjQ5RDY5Y256Z3QwOGt6cklCQU5YM1BRdW9Say1uQ2NDQzJtQW51bWxmWWJjNGQzTjJ1MlRQajhpc1J2UlV2OUoxbktLb2FDRzZYc0xZejVhUE9zdDZpUk5ETkxrb3RR?oc=5,homicidio,95
"Filhote de baleia cachalote é encontrado morto em praia de Carutapera, no Maranhão",2026-06-22T14:44:18+00:00,MA / Carutapera / Praia do Remanso Grande,https://g1.globo.com/ma/maranhao/noticia/2026/06/22/filhote-de-baleia-cachalote-e-encontrado-morto-em-praia-de-carutapera-no-maranhao.ghtml,outros,100
Caso Gritzbach: júri de PMs acusados de matar delator do PCC ouve sobreviventes e viúva de vítima de ataque em Guarulhos,2026-06-22T14:41:14+00:00,SP / Guarulhos / Aeroporto Internacional de São Paulo,https://g1.globo.com/sp/sao-paulo/noticia/2026/06/22/caso-gritzbach-juri-de-pms-acusados-de-matar-delator-do-pcc-ouve-primeiras-testemunhas-em-guarulhos.ghtml,homicidio,95
Suspeito de tentativa de assalto é baleado na cabeça durante reação de vítima na Pampulha - Impactto News,2026-06-22T14:41:10+00:00,MG / Belo Horizonte / Pampulha,https://news.google.com/rss/articles/CBMizgFBVV95cUxNZVZMbVhvWGhhSHFkR3RnX21oT0EzZUUwbnc0Ym5jWTdUdXFsTm4za1hDaFR4RFZza2tqSkZtNTFtMmgwY0ZQOHR4bDlXVmp0MmtTX3hSNUcydHE1MGw4enFTREZsa0o3dEhmdHFQMmdmLTVRUnFxOEloLW1MZGZTYUUwb0RxX3RVUlptdGw0TlM5R1pXSFNPLUNDaXFJNUhvQll1UjVHZjIxRzJPRG0yaVEwYWNSMHA3ME9tOV9zalZIamcxTWx3QWk0UG5Qdw?oc=5,roubo,90
Bebê de um ano morre no Paraná após carro da família capotar e parar a mais de 60 metros da rodovia,2026-06-22T14:41:01+00:00,PR / Nova Prata do Iguaçu,https://g1.globo.com/pr/oeste-sudoeste/noticia/2026/06/22/bebe-de-um-ano-morre-no-parana-apos-carro-da-familia-capotar-e-parar-a-mais-de-60-metros-da-rodovia.ghtml,veiculo,95
Operação prende grupo investigado por matar jovem por engano em MT,2026-06-22T14:40:48+00:00,MT / Jaciara,https://g1.globo.com/mt/mato-grosso/noticia/2026/06/22/operacao-alvo-errado-e-deflagrada-para-investigar-morte-de-jovem-confundido-com-integrante-de-faccao-criminosa.ghtml,homicidio,100
Duas pessoas são encontradas mortas dentro de casa em Colinas,2026-06-22T14:38:34+00:00,TO / Colinas do Tocantins / Santo Antônio,https://g1.globo.com/to/tocantins/noticia/2026/06/22/duas-pessoas-sao-encontradas-mortas-dentro-de-casa-em-colinas.ghtml,homicidio,100
Balneabilidade: Áreas alagadas na Praia de Ponta Negra têm alta concentração de coliformes e risco de contaminação,2026-06-22T14:35:16+00:00,RN / Natal / Ponta Negra,https://g1.globo.com/rn/rio-grande-do-norte/noticia/2026/06/22/balneabilidade-areas-alagadas-na-praia-de-ponta-negra-tem-alta-concentracao-de-coliformes-e-risco-de-contaminacao.ghtml,outros,100
Casal de inquilinos é preso suspeito de matar morador em casa de MT; presos alegam que homem cometeu estupro,2026-06-22T14:33:36+00:00,MT / Tangará da Serra,https://g1.globo.com/mt/mato-grosso/noticia/2026/06/22/casal-de-inquilinos-e-preso-suspeito-de-matar-morador-em-casa-de-mt-presos-alegam-que-homem-cometeu-estupro.ghtml,homicidio,100
Quadrilha especializada em roubos de cargas de medicamentos é presa no Rio - UOL Notícias,2026-06-22T14:28:39+00:00,RJ / Rio de Janeiro,https://news.google.com/rss/articles/CBMilwJBVV95cUxPLUdpbzVOTmZvaUd4NzVGb212VS1SQ2FLODh6T0twU2xBLWtlT19IbjhJa3FaakJGYlp6c0pHZW1vZ292bnBMR1ZBVkdKbmlSMFZPbmVDTXhtdjFaVU5XUUZGZ1dVYWEyNk1RdHF6Y1lweWVFd09kc0lJUnJqc2J4blBPZy1xbDhvVnRHSl9raGdRUmQ1c3FZUmxpQ2dBOWt2S3lEa0hsMG9kdTZVQWNNNmJJNjFmdVF0QVRVLWhTSVJiRzFURlVRdmxwOEhMRXVybXF6LWhELVRKQkhYUlMydGxXeEEzUEtpT1ZHVzZHM0NZSHFRQUt5am1VUWFMZ0Jnal9ycm5iS0pFazFpalhsZWNjdGpDWDA?oc=5,policia,90
Ônibus com carga de contrabando é apreendido pela polícia em Florínea,2026-06-22T14:28:15+00:00,SP / Florínea,https://g1.globo.com/sp/bauru-marilia/noticia/2026/06/22/onibus-com-carga-de-contrabando-e-apreendido-pela-policia-em-florinea.ghtml,policia,95
Motorista bêbado e sem CNH é preso após bater em moto e matar motoboy em Itupeva,2026-06-22T14:25:06+00:00,SP / Itupeva / Jardim Vitória,https://g1.globo.com/sp/sorocaba-jundiai/noticia/2026/06/22/motorista-bebado-e-sem-cnh-e-preso-apos-bater-em-moto-e-matar-motoboy-em-itupeva.ghtml,homicidio,95
"Casal é preso com quase 80 kg de drogas em Pindamonhangaba, SP",2026-06-22T14:22:04+00:00,SP / Pindamonhangaba,https://g1.globo.com/sp/vale-do-paraiba-regiao/noticia/2026/06/22/casal-e-preso-com-quase-80-kg-de-drogas-em-pindamonhangaba-sp.ghtml,trafico,95
Jovem desaparecido é encontrado morto e enterrado em terreno de MS,2026-06-22T14:21:08+00:00,MS / Três Lagoas,https://g1.globo.com/ms/mato-grosso-do-sul/noticia/2026/06/22/jovem-desaparecido-e-encontrado-morto-e-enterrado-em-terreno-de-ms.ghtml,homicidio,100
Homem é atropelado após esfaquear cliente de bar e tentar fugir em Araguari,2026-06-22T14:20:25+00:00,MG / Araguari / Novo Horizonte,https://g1.globo.com/mg/triangulo-mineiro/noticia/2026/06/22/homem-e-atropelado-apos-esfaquear-cliente-de-bar-e-tentar-fugir-em-araguari.ghtml,violencia,95
Homem é preso suspeito de tentar matar filho recém-nascido e agredir companheira no interior de SP,2026-06-22T14:13:29+00:00,SP / Laranjal Paulista / Vila Zalla,https://g1.globo.com/sp/itapetininga-regiao/noticia/2026/06/22/homem-e-preso-suspeito-de-agredir-recem-nascido-e-companheira-no-interior-de-sp.ghtml,homicidio,100
Mãe e filhas mortas na BR-285: mulher levava jovem de volta para casa quando sofreu acidente,2026-06-22T14:12:14+00:00,RS / Porto Alegre,https://g1.globo.com/rs/rio-grande-do-sul/noticia/2026/06/22/mae-e-filhas-mortas-na-br-285-mulher-levava-jovem-de-volta-para-casa-quando-sofreu-acidente.ghtml,homicidio,90
"Como Brasil, EUA e Bolívia se uniram em operação que apreendeu uma das maiores cargas de cocaína líquida do país",2026-06-22T14:11:32+00:00,MT / Cáceres,https://g1.globo.com/mt/mato-grosso/noticia/2026/06/22/como-brasil-eua-e-bolivia-se-uniram-em-operacao-que-apreendeu-uma-das-maiores-cargas-de-cocaina-liquida-do-pais.ghtml,trafico,100
Casal é preso com mais de 9 mil pinos de cocaína em pedágio na SP-255 interior de SP,2026-06-22T14:08:50+00:00,SP / Boa Esperança do Sul,https://g1.globo.com/sp/sao-carlos-regiao/noticia/2026/06/22/casal-e-preso-com-mais-de-9-mil-pinos-de-cocaina-em-pedagio-na-sp-255-interior-de-sp.ghtml,trafico,100
"Drogas escondidas em caixa de presente são apreendidas pela PRF na BR-101, em Campos",2026-06-22T14:05:43+00:00,RJ / Campos dos Goytacazes,https://g1.globo.com/rj/norte-fluminense/noticia/2026/06/22/drogas-escondidas-em-caixa-de-presente-sao-apreendidas-pela-prf-na-br-101-em-campos.ghtml,trafico,95
Foragido da Justiça é preso durante investigação de suposto sequestro de criança em Barra Mansa,2026-06-22T14:05:26+00:00,RJ / Barra Mansa,https://g1.globo.com/rj/sul-do-rio-costa-verde/noticia/2026/06/22/foragido-da-justica-e-preso-durante-investigacao-de-suposto-sequestro-de-crianca-em-barra-mansa.ghtml,policia,85
Senai Araripina abre 200 vagas gratuitas em cursos de qualificação,2026-06-22T14:04:59+00:00,PE / Araripina,https://g1.globo.com/pe/petrolina-regiao/noticia/2026/06/22/senai-araripina-abre-200-vagas-gratuitas-em-cursos-de-qualificacao.ghtml,outros,100
VÍDEO: Tio é suspeito de matar sobrinho após desentendimento em festa no Acre,2026-06-22T14:03:57+00:00,AC / Sena Madureira / Seringal Porongaba,https://g1.globo.com/ac/acre/noticia/2026/06/22/video-tio-e-suspeito-de-matar-sobrinho-apos-desentendimento-em-festa-no-acre.ghtml,homicidio,100
Suspeitos de integrar quadrilha de roubo de medicamentos são presos em Caxias e no Rio - Tribuna do Sertão,2026-06-22T14:00:00+00:00,RJ / Duque de Caxias,https://news.google.com/rss/articles/CBMi5AFBVV95cUxOZWNWaEJHakdZSXlldTI2S3hfckpjSG1QcE9mTEstRmc1OHRBR3hTODBicFE1bkZKSFBieTlfNlY0WFgzVUlHSlNBOTZVYTM2bVM2OGRpZXktN2ZEMC0wV2JjQnNNbm5Wbm5MNkdvV05nUDdJWmJQa2dpNjRWVXM3TkZHNzJVZ2MzLTFzZ2YwNXQ4cXN2cVFXVlQwTlh0R1JWemkwd25HY0lHOTZ0UlUtbG9TNjVBQlc4SmhVU093aVA3am1hX3lwTUExNUxtQ0VEZFhJdzVvcmlLcTVuU0s2Mm92SzQ?oc=5,roubo,95
"Motorista morre após caminhão tombar na BR-163, em Itaituba, no PA",2026-06-22T13:59:39+00:00,PA / Itaituba / Moraes Almeida,https://g1.globo.com/pa/para/noticia/2026/06/22/motorista-morre-apos-caminhao-tombar-na-br-163-em-itaituba-no-pa.ghtml,homicidio,95
Primos morrem após terem moto atingida por carro e caminhão em rodovia do Paraná,2026-06-22T13:59:38+00:00,PR / Pitanga,https://g1.globo.com/pr/campos-gerais-sul/noticia/2026/06/22/primos-morrem-apos-terem-moto-atingida-por-carro-e-caminhao-em-rodovia-do-parana.ghtml,homicidio,85
Sequestro em SP: o que se sabe sobre o caso de mulher levada por criminosos após assalto a salão de beleza na Vila Sônia - O Globo,2026-06-22T13:58:15+00:00,SP / São Paulo / Vila Sônia,https://news.google.com/rss/articles/CBMilAJBVV95cUxNQ3VlWjRLQkVtcGM4OUJKMlJIR1JwZ0Z3ZWVVUUNpOE5kb1N4MkprekJ5MFRnbU5XNnBLaWR5Si1Rdzcxd296YlZNUDNoTTBENDJZczdrUzE0NV91QmFsc1JBM0V5WHExZEdZT0MySGhTYjItSTRfc3BFdzFZbGpSLWtOeF96aHozQXVxVHRQUmxpOU1EdVluNHlEZTFaSE9fQ3NyN3VmNWpWRGRvdlltdDI3SU5sQUdKbTJUdzJZdFRPM0tSYUVQY3drb1BWVTBxaEtGWEFpeXlOWWZKeGFQTTRYVHdWVkVDMGR5bU9XOXl1cWpHRzROY2hidWJza3Etb1phLXZxTWR5c0VtcVVjUEdxLTbSAaMCQVVfeXFMT0g0TjNJa2JudmdyUUdWUG1UQTZTcThVbWJaQllDTmNucV9MdkVrOVRfeGlENmJrM0xzV085Vkx5RHZqTWZaSkR1Z3JOcm52b3lUNmZLQUdranNxNnlIckNiZ3FsYTdHNE9nYXVudUhfdWJpVWRZdWFsTi1TNUZ0VHFsejFra0RaaDctYXlQNEpEbk9nRWZHQXJKVUllamhJWTBhdmdtbUZyRURZTGlhMlViQVgwVzIxcWEyNWZqWU1JSE85NW1QUUE2Vmx3c0xoWE1CM1RyVV9yYVdrbGFuNHlOd21tVjRneEN2RmdpSUphSUtoRTFzUDlSeEx1clhNWXRmYkk3Q0FqUTRrU0dnbURwR18xOVpmRFVEUFNYRWhHeDhz?oc=5,sequestro,100
"Rebelião que terminou com dois presos mortos começou após visitantes terem entrada barrada, diz Polícia Civil",2026-06-22T13:57:31+00:00,SP / Potim,https://g1.globo.com/sp/vale-do-paraiba-regiao/noticia/2026/06/22/rebeliao-em-presidio-de-potim-comecou-apos-visitantes-terem-entrada-barrada-diz-policia-civil.ghtml,homicidio,95
"Médica, enfermeira e paciente ficam feridas em acidente entre ambulância e carro na BR-262",2026-06-22T13:56:47+00:00,ES / Domingos Martins,https://g1.globo.com/es/espirito-santo/noticia/2026/06/22/medica-enfermeira-e-paciente-ficam-feridas-em-acidente-entre-ambulancia-e-carro-na-br-262-no-es.ghtml,veiculo,95
"Empresário morre após ser atropelado por motorista bêbado enquanto pedalava em rodovia, diz polícia",2026-06-22T13:55:32+00:00,GO / Rio Quente,https://g1.globo.com/go/goias/transito/noticia/2026/06/22/empresario-morre-apos-ser-atropelado-por-motorista-bebado-enquanto-pedalava-em-rodovia-diz-policia.ghtml,homicidio,95
Suspeito de roubo milionário a joalheria no RJ é preso em BH e pode estar ligado a furto de jet ski - R7,2026-06-22T13:52:50+00:00,RJ / Rio de Janeiro,https://news.google.com/rss/articles/CBMi3wFBVV95cUxOVWxOZ0xZMlpKLXN6LVNTQnhMU0JiQWh5bEthOW1CXzg5MWQtQm5aZmpoX3hYcjVjUEphVy1sR0JyZmZQLWF5QXFzbUYzSTR5Y1Q1UURHTmQtQ0JPWndBNlEwRUk2dDdZVjhkWDlRc0dWd3JvVjJGZ3hURW9jU0N0WjNiY1N6RjdvVmdGdWdGbHlvaGdEalQtT0VwNHJkUmpuaDQyV0hBc3RVR09Ec2RMakhiMEE4RGZxSmh1R0JSTk02b0hJdE1SZTAyMW12YVYzNlc4OE9pdEM4YjBuUFhv?oc=5,roubo,95
Polícia Civil prende três homens acusados de roubo de carga de medicamentos no Rio - O São Gonçalo - O São Gonçalo,2026-06-22T13:52:45+00:00,RJ / Rio de Janeiro,https://news.google.com/rss/articles/CBMi1AFBVV95cUxNLUFTSDNVQjFhN3BmYjFBMFlxMWdsUXY3T1BZYU1nWXR5V1I2RGpLV3Fvc2FveXlFOVBZVWVHWG83ZERJcjB2eWZqRUdpYW1wd3diTlZxX0M2ZjczVlMzUWVDUUNPenRLZjlQcnE0RlpqRGloNHFzT0poVHJicWU0cGhtZDY2RGhxejllbkhnRE5SZnZJa21EMi16YTRWMXRvYTBIdHhxWElSQXhDMFZXU2Z5NkxiaERxUm1ZU1RWT0VvV1ZiSDJpbnJqYkY5andJb1MxNtIB3AFBVV95cUxNVkJjeDFFMFlRZHVkRGtIV3VWTG4ybmpVLTV1SzFuajNxRDFwZlFpS01MUUN4RnAyNTBXNmRPNG80MTZRQVZNOUpLZW14dnE0TGZNOUZ2VXNDamhfdVk1YmhuczlHeUo5M1RKUWdTOW9KUnZjNTJQRm5XMHhFUlYzZzVNVmxyNTg5ZFVhVExpVllUa1Vva1Z1b2hELTdiYldTSi0yTTI4SURrekppNjhBQWhaYTU2S2dtaVczR1dsb3h5MFV2WW1YUU5zUDNLYmRDSF9GQVNVMmkzb3N3?oc=5,policia,95
Receita federal apreende 21 toneladas de produto usado na fabricação de cocaína na fronteira com a Bolívia,2026-06-22T13:50:23+00:00,MS / Corumbá,https://g1.globo.com/ms/mato-grosso-do-sul/noticia/2026/06/22/receita-federal-apreende-21-toneladas-de-produto-usado-na-fabricacao-de-cocaina-na-fronteira-com-a-bolivia.ghtml,trafico,95
Apontado como líder do tráfico em Campo Grande é executado a tiros - msemfoco.com.br,2026-06-22T13:37:09+00:00,MS / Campo Grande,https://news.google.com/rss/articles/CBMipgFBVV95cUxOalUycHFtRzJtc1pZUDZGbTN4bHNVVkxwbEpveUtxbDAxN2pQdDlBbUZUMHZGZ1ZENVV0SW9MZElCSlI5cGMtTXR2WXZWQW5vbGVqTm5tRVVabUMtb0IxaTNpOTkxcnNORWhnVWdiOWZ6dVBHZXdPZmVEandscGdWMU5HSEVBLUs1ZmhpQTFLbEN4SlhqSUY3dkNKT0lGNnktbHp5R3Rn?oc=5,homicidio,100
"Homem preso com R$ 1 milhão em Teresina havia solicitado três saques de grandes quantias, diz investigação",2026-06-22T13:33:10+00:00,PI / Teresina / Centro,https://g1.globo.com/pi/piaui/noticia/2026/06/22/homem-preso-com-r-1-milhao.ghtml,fraude,95
Adolescente é morto após roubo em Olinda; suspeito de 15 anos é apreendido com arma e munições - Folha PE,2026-06-22T13:28:25+00:00,PE / Olinda,https://news.google.com/rss/articles/CBMiqgFBVV95cUxOSThQVE5qTzR6U1FuOEhkLU9MUUh3elBnTjNtRWdfV2s3MGU1MlllU2hDUnZTQ0Q3QVVZQWJ1SlJBVFB0bFJ1QXZwQmZrbk9tZWQ3TG9MV0ViUC1mZ21CbjhrRV9hVGtBSXZjaXAtaGhiVDhLY1hDdmQ4dWRDbzQwdEJndFRQekdwQnRfSnFZRldGR0VmazNrdTNaa0tNMGc5aTB4UU0ybVdjd9IBrgFBVV95cUxPR1lqalBmckM0cDZ0MGhPbGNtS1RsUXg3QWR0Z1lEZkNHSkVJbnRpX25zTHNOeW5vSUNNRzJWM0hJYTlIR0p5TmFRU2phQXZrcG1HcXh1UVBSNjdvRGQ5eGJDeFJtckM5aHp4cWlTUUdnUXN5VGt0ZmN3dUNIY0dkNmJkZDhXamhlVTJXUmF1UF92VGVHZkNDLVhMOWdwQU11bDFHT0lQeTk3TENUWUE?oc=5,homicidio,95
Casal morre após moto ser atingida e arrastada por caminhão na Grande Natal,2026-06-22T13:28:16+00:00,RN / Monte Alegre,https://g1.globo.com/rn/rio-grande-do-norte/noticia/2026/06/22/acidente-moto-caminhao-monte-alegre-grande-natal.ghtml,homicidio,95
Prefeitura de Manaus firma contrato de R$ 251 mil sem licitação para treinar comunicação de gestores,2026-06-22T13:26:34+00:00,AM / Manaus,https://g1.globo.com/am/amazonas/noticia/2026/06/22/prefeitura-de-manaus-firma-contrato-de-r-251-mil-sem-licitacao-para-treinar-comunicacao-de-gestores.ghtml,fraude,85
MACEIÓ - Guarda Municipal de Maceió Frustra Assalto e Prende Suspeitos em Flagrante na Serraria - Repórter Maceió,2026-06-22T13:26:04+00:00,AL / Maceió / Serraria,https://news.google.com/rss/articles/CBMixwFBVV95cUxNR2F5R2VNWjBqb3NjekJFSGN4cGxHZjlUTkR5d3Z0TzU4SnJreGN1RXZYeFlCRkN5bFU2U0ZEOXpwdDBHbmwxXzJMSkNJbG9ScjRWMzc2bWtROENPOU5kTDhRQW9udkxWbk1jNUNZWVNGZkRyZHdOLTM3ZGx4UTNMdzEzYTFlM2pzc2h2SHBleTNSMWNiQ3VrWWVIVTlYbHNhRUotTFpQblFaeElKVFNadExjdVQ2WktCajB3NU1wTTZjWWxJRkY4?oc=5,policia,95
Homem foragido condenado por roubo é preso na zona rural de Timon,2026-06-22T13:22:04+00:00,MA / Timon / Lagoa Grande,https://g1.globo.com/ma/maranhao/noticia/2026/06/22/homem-foragido-condenado-por-roubo-e-preso-na-zona-rural-de-timon.ghtml,policia,95
Homem é preso por descumprir medida protetiva no MA; ele ameaçou a filha por abrigar a mãe,2026-06-22T13:16:44+00:00,MA / Parnarama,https://g1.globo.com/ma/maranhao/noticia/2026/06/22/homem-e-preso-por-descumprir-medida-protetiva-no-ma-ele-ameacou-a-filha-por-abrigar-a-mae.ghtml,policia,95
Três pessoas morrem após colisão entre carros de passeio em rodovia de MT,2026-06-22T13:16:12+00:00,MT / Rosário Oeste,https://g1.globo.com/mt/mato-grosso/noticia/2026/06/22/tres-pessoas-morrem-apos-colisao-entre-carros-de-passeio-em-rodovia-de-mt.ghtml,outros,95
Jovem é morto a facadas após discussão em posto de combustíveis em Dianópolis,2026-06-22T13:14:05+00:00,TO / Dianópolis,https://g1.globo.com/to/tocantins/noticia/2026/06/22/jovem-e-morto-a-facadas-apos-discussao-em-posto-de-combustiveis-em-dianopolis.ghtml,homicidio,100
Motorista bêbado atinge duas motos durante ultrapassagem e mata motociclistas em rodovia de MG,2026-06-22T13:13:52+00:00,MG / Sacramento,https://g1.globo.com/mg/triangulo-mineiro/noticia/2026/06/22/motorista-bebado-atinge-duas-motos-durante-ultrapassagem-e-mata-motociclistas-em-rodovia-de-mg.ghtml,homicidio,95
Moradores denunciam cobrança de até R$ 500 pelo tráfico para liberar acesso à água e outros serviços em comunidade de Vargem Grande,2026-06-22T13:12:14+00:00,RJ / Rio de Janeiro / Vargem Grande,https://g1.globo.com/rj/rio-de-janeiro/bom-dia-rio/noticia/2026/06/22/moradores-denunciam-cobranca-do-trafico-em-vargem-grande.ghtml,faccao,90
Classificados do Edimilson: veja as vagas de emprego da semana de 22 a 26 de junho,2026-06-22T13:10:44+00:00,RJ / Rio de Janeiro / Zona Sul,https://g1.globo.com/rj/rio-de-janeiro/blog/edimilson-avila/post/2026/06/22/classificados-do-edimilson-veja-as-vagas-de-emprego-da-semana-de-22-a-26-de-junho.ghtml,outros,100
Fotgrafo  sequestrado e queimado aps ser vtima de golpe do amor em SP,2026-06-22T10:10:00-03:00,SP / Osasco,https://redir.folha.com.br/redir/online/cotidiano/rss091/*https://www1.folha.uol.com.br/cotidiano/2026/06/fotografo-e-sequestrado-e-queimado-vitima-de-golpe-do-amor-em-sp.shtml,sequestro,95
Criança de 7 anos morre após ser baleada na cabeça em Nova Iguaçu; pai presta depoimento,2026-06-22T13:07:01+00:00,RJ / Nova Iguaçu,https://g1.globo.com/rj/rio-de-janeiro/noticia/2026/06/22/crianca-baleada-em-nova-iguacu.ghtml,homicidio,100
Bombeiro é encontrado esfaqueado na rua e morre após discussão com namorado da ex em SC,2026-06-22T13:06:18+00:00,SC / Palma Sola,https://g1.globo.com/sc/santa-catarina/noticia/2026/06/22/bombeiro-e-encontrado-esfaqueado-na-rua-e-morre-apos-discussao-com-namorado-da-ex-em-sc.ghtml,homicidio,100
"Adolescente é apreendido após ameaças, danos e roubo em Santa Maria do Oeste - Paraná Centro",2026-06-22T13:01:47+00:00,PR / Santa Maria do Oeste,https://news.google.com/rss/articles/CBMiwgFBVV95cUxPQm1kSHN2UjhzX0hNNmZjZlViSEVIMDZXOWlQVDU0ellqaW5KaG14Y1NQblZaVEdua0ZJc0J6Y2JaNmlUT0xmczJmeDRnQkVWUG9YSmVFQXVUcVZ3eEdGWXBJZy0zNzVjX19wTUFxcEpJb253S1NxNzN4NDN5UXR1RW5zT3RGYVpEalNPc0tybnVTeUZfTHNCNng0Tms0a3J3eW5IRWJvV2pNYkZBUUpWbjFMSHBqMUZ2bkJQUDE1b215Zw?oc=5,menor,85
Carreta carregada com madeira tomba e bloqueia trânsito no Anel Viário Ayrton Senna em Uberlândia,2026-06-22T12:59:47+00:00,MG / Uberlândia / Distrito Industrial,https://g1.globo.com/mg/triangulo-mineiro/noticia/2026/06/22/carreta-carregada-com-madeira-tomba-e-bloqueia-transito-no-anel-viario-ayrton-senna-em-uberlandia.ghtml,veiculo,100
Motociclista é baleado ao desobedecer ordem de parada e atirar contra PMs durante perseguição em Teresina,2026-06-22T12:58:10+00:00,PI / Teresina,https://g1.globo.com/pi/piaui/noticia/2026/06/22/motociclista-baleado-perseguicao.ghtml,policia,95
Morre jovem baleado por motorista que reagiu a assalto em BH - Rádio Itatiaia,2026-06-22T12:57:30+00:00,MG / Belo Horizonte,https://news.google.com/rss/articles/CBMiqwFBVV95cUxOYlFfZ0otLVhrZjJwWG1UUUpQWGtoOHJMSElpNlNORktrYTdRLWJUb3dHN2t3eW9UT1R4OTViRUJvUDJBRjJ5Um5uTFZBRTNHV2h6aXEtbDVrNjlHSzVhVFZqYndyUDE4T1dVUHRsODB6UndLWldSdGxYVUd2dWdyajd0NHpwMWcwR0doN1Z4VnA0N3VnUkVEbU4tai0wdm1QLVdIWlFKaDdIY3c?oc=5,homicidio,100
"Operação apreende 2,5 toneladas de drogas no interior Amazonas",2026-06-22T12:55:50+00:00,AM / Coari,https://g1.globo.com/am/amazonas/noticia/2026/06/22/operacao-apreende-25-toneladas-de-drogas-no-interior-amazonas.ghtml,trafico,95
GCM detém quatro suspeitos de roubo e recupera celular de vítima no Centro de Sorocaba - Cruzeiro FM,2026-06-22T12:55:39+00:00,SP / Sorocaba / Centro,https://news.google.com/rss/articles/CBMi2AFBVV95cUxOMkJDdUFuSm9DWFZITG02VjdDeDhzOUxPRl8xdnBxcVVRajNQS0xCWkJxVUtnTXdqZlZPZUxwSVdxSXdhMDFMS0lyT3VPZEZYcjE3a3A2bFZZYnNKRlo3SFNwa2hPSU9yNWQtMHVScDJqNWZMNFFIRmxhbTBhZl9LU2tiNGd3TkpBQTdocVVYdWd4UEhLcU1zQ0pWY29DTkw4bDJ3clR2ajlCRkpUeW53VDVINFJLWUV2Vk5KWEZzUGM2aTJaUm1hUFQ5bFcwYXBPV0hhV0hvUE8?oc=5,policia,95
Homem é preso em flagrante após esfaquear o irmão na nuca em Tupã,2026-06-22T12:55:36+00:00,SP / Tupã,https://g1.globo.com/sp/bauru-marilia/noticia/2026/06/22/homem-e-preso-em-flagrante-apos-esfaquear-o-irmao-na-nuca-em-tupa.ghtml,homicidio,95
"Motorista reage a assalto e atinge suspeitos no bairro Umarizal, em Belém | Polícia | O Liberal - O Liberal",2026-06-22T12:52:13+00:00,PA / Belém / Umarizal,https://news.google.com/rss/articles/CBMitgFBVV95cUxPMkszV1ppSE5iQm1jd3NIa1dyVlpMOUpwbGpRS08xcktVQWJkT0ppaURMMjRwR0k1X1NkVmdyLWpuOS1XUVNqbV9mTms4VS1qT3JFY2JhQXIzYkZvX2JZeHZtMkw1cHdqMlUyNGh5T1pzVkowNjRPMDFZZ1h5M0N2b1NJN0NSN0ZiajFVQWJNaElhaElGTFlyc3pZVUVpUWJhYlNwY2x6TndIcU1EUWtQS3FCXzZld9IBuwFBVV95cUxOMDdVa2VHWEhRRWI1UlZIOHFmcWZZbk5wNDAtLVVvRGZkRDh2c0t1WUNmUXBrcHZxcE5ENzdfaWFmd0JKZWVCa2VWUlo1dERWaEUxU2ZicDR0MGFlUXdKQXV0ZWxYdG5qX3JoS3d2Zmc3eExxcDJMdnk2S0tHM0xhbTE3ZXVLM2lEQzNJZEdPS0NucVRELV95VEI0Y25kbzBCVEpRTUctZ2VCS0owcVRYUFdkYnI1NVRoWXd3?oc=5,roubo,90
"Motorista foge de blitz, se tranca em cabine de caminhão por mais de 1h e acaba preso com haxixe na MGC-393",2026-06-22T12:52:08+00:00,MG / Estrela Dalva,https://g1.globo.com/mg/zona-da-mata/noticia/2026/06/22/motorista-foge-de-blitz-se-tranca-em-cabine-de-caminhao-por-mais-de-1h-e-acaba-preso-com-haxixe-mgc-393.ghtml,trafico,85
Perseguição policial termina em acidente e prisão em Saquarema,2026-06-22T12:51:10+00:00,RJ / Saquarema,https://g1.globo.com/rj/regiao-dos-lagos/noticia/2026/06/22/perseguicao-policial-termina-em-acidente-e-prisao-em-saquarema.ghtml,policia,95
Apontado como chefe do crime na Kelson's é encontrado morto dentro de carro roubado na Penha - O Globo,2026-06-22T12:47:15+00:00,RJ / Rio de Janeiro / Penha,https://news.google.com/rss/articles/CBMigwJBVV95cUxPcWNYd3Y2LTE4NEo1eTlOTGFkUHdZMDRHdDJlcHg5cmpNVGNvRlZlay1Dc1F6NzhlMTNpZUJqUkhNTnZSR2NNbmdCWGZjdExWWDhJTElRYmNwZXBWUDBGUWZENFg4UURQSDBtQ2dvQ0hUR01DQWpHVWJOa1lsVDc0a0UwY3ZTNWh3Sk5ENFhrY3AyenhwMVQtTmhEZUJqd1V5cnVnYkVlTEkzalMtREZON3FDMlRrWFlUM3JPNzhEZkNRalJidW1hanR1V2hhWUNKdllYc2hfRE1TQzdKM255TS1EcVhDYjM3OGRuTlhoeHVzMHozQ0NxT3BaQmlRVWFQYUFV0gGSAkFVX3lxTE9Ca3dKWFpLUmxqWm01SUZyMFJqTElLQ0RaMlpvLS1WUjZLRTk5VFdLR2VEU1RKUnFqcUxvbUt1UTY2Q2REdE05Tk0yWVJnalFWakpaNnJBUmxCWmJJaG9NRU5IS1F3RVpXVGJvdUFQWjZjcHpaMWJ2LV94SE5NLThpbzUwTV8zNmt2bkhGcVhhZWU5elhRN25CSzFIN2tWLVNPS0lrNkhFRmhWSlJZX2VGOVdBOGpuZVRKUkw3aWpaUWN1WHlmVkVpcjYzczhQSEIyajJ5cFhheDF5dXp1Q0kyR1lfUHNlV1J0ZGZObWhNbUVYZlQ3T1BzOHRfNDN4UEJLTkp4UnRabUg3ZUFuV2pScmc?oc=5,homicidio,100
Mulher morre em acidente entre bicicleta elétrica e ônibus em MS,2026-06-22T12:43:24+00:00,MS / Bonito,https://g1.globo.com/ms/mato-grosso-do-sul/noticia/2026/06/22/mulher-morre-em-acidente-entre-bicicleta-eletrica-e-onibus-em-ms.ghtml,veiculo,95
Gusttavo Lima canta em guindaste e vai a 'espetinho' com fãs em Aracaju,2026-06-22T12:41:30+00:00,SE / Aracaju / Orla da Atalaia,https://g1.globo.com/se/sergipe/noticia/2026/06/22/gusttavo-lima-canta-em-guindaste-e-vai-a-espetinho-com-fas-em-aracaju.ghtml,outros,100
Acusada de matar duas crianças com ovo de Páscoa envenenado no MA será julgada nesta segunda-feira (22),2026-06-22T12:40:56+00:00,MA / Imperatriz,https://g1.globo.com/ma/maranhao/regiao-tocantina/noticia/2026/06/22/acusada-matar-duas-criancas-com-ovo-de-pascoa-envenenado-no-ma-sera-julgada-nesta-segunda-feira-22.ghtml,homicidio,100
"Motorista é preso em flagrante após atropelar e matar motociclista no Guamá, em Belém",2026-06-22T12:40:34+00:00,PA / Belém / Guamá,https://g1.globo.com/pa/para/noticia/2026/06/22/motorista-e-preso-em-flagrante-apos-atropelar-e-matar-motociclista-no-guama-em-belem.ghtml,homicidio,100
Homem em situação de rua é morto em praça de Maceió; PC investiga circunstâncias,2026-06-22T12:40:04+00:00,AL / Maceió / Poço,https://g1.globo.com/al/alagoas/noticia/2026/06/22/homem-em-situacao-de-rua-e-morto-em-praca-do-poco-em-maceio-pc-investiga-circunstancias.ghtml,homicidio,100
"Duplex em Petrópolis, apartamentos em Ponta Negra e mais: TJRN faz leilão com mais de 80 imóveis",2026-06-22T12:36:58+00:00,RN / Natal / Petrópolis,https://g1.globo.com/rn/rio-grande-do-norte/noticia/2026/06/22/duplex-apartamentos-leilao-tjrn-imoveis.ghtml,outros,95
Duas pessoas morrem e seis ficam feridas em colisão entre três carros no Ceará,2026-06-22T12:35:11+00:00,CE / Tianguá / Sítio Bom Jesus,https://g1.globo.com/ce/ceara/noticia/2026/06/22/duas-pessoas-morrem-e-seis-ficam-feridas-em-colisao-entre-tres-carros-no-ceara.ghtml,veiculo,95
"Ciclista atropelado na BR-494 fazia treino e trafegava pelo acostamento, diz polícia",2026-06-22T12:30:43+00:00,MG / Divinópolis,https://g1.globo.com/mg/centro-oeste/noticia/2026/06/22/ciclista-atropelado-na-br-494-fazia-treino-e-trafegava-pelo-acostamento-diz-policia.ghtml,homicidio,95
Padrasto é preso no Paraná suspeito de estuprar enteada de 15 anos enquanto mãe estava fora de casa para trabalhar,2026-06-22T12:25:41+00:00,PR / Cascavel,https://g1.globo.com/pr/oeste-sudoeste/noticia/2026/06/22/padrasto-e-preso-no-parana-suspeito-de-estupro.ghtml,estupro,100
"VÍDEO: funcionários e clientes de farmácia são rendidos por assaltantes em busca de canetas emagrecedoras, no Paraná",2026-06-22T12:25:25+00:00,PR / Ibiporã,https://g1.globo.com/pr/norte-noroeste/noticia/2026/06/22/roubo-farmacia-ibipora.ghtml,roubo,100
Mulher é rendida durante roubo em residência em São Carlos - Jornal Primeira Página,2026-06-22T12:24:28+00:00,SP / São Carlos,https://news.google.com/rss/articles/CBMiogFBVV95cUxQYnRmYlBZcFRIaHRHVlUxWkQyYVJWNV9vTUNEak1IM3FHeFhlaDNDR0J0cDBMV0VyV0xLc0xKTDczUzZQbHM5dXJ3WFRnTG13TURwdkxvbFVoZlFRSm42eFM5Q1JGODhRVDFpN1lXeHJxTUhEOHBUZnlpcTRLdks0NV9PUmhpOUg0bXdVblVGMGJMdlI3ckljR3NPdXNhS0g4bVE?oc=5,roubo,95
"Criminosos atiram em portão, invadem casa e matam homem em Araguaína",2026-06-22T12:24:01+00:00,TO / Araguaína,https://g1.globo.com/to/tocantins/noticia/2026/06/22/criminosos-atiram-em-portao-invadem-casa-e-matam-homem-em-araguaina.ghtml,homicidio,100
Mãe e filhas morrem em acidente entre carro e carreta na BR-285,2026-06-22T12:22:08+00:00,RS / Colorado,https://g1.globo.com/rs/rio-grande-do-sul/noticia/2026/06/22/mulheres-morrem-acidente-carro-carreta-carazinho-br-285.ghtml,homicidio,95
"Amigos de Franca, SP, morrem em batida com caminhonete em rodovia entre SP e MG",2026-06-22T12:20:25+00:00,MG / Sacramento,https://g1.globo.com/sp/ribeirao-preto-franca/noticia/2026/06/22/amigos-de-franca-sp-morrem-em-batida-com-caminhonete-em-rodovia-entre-sp-e-mg.ghtml,homicidio,95
VÍDEO: Motociclista é arremessado após sequência de batidas em Governador Valadares,2026-06-22T12:19:01+00:00,MG / Governador Valadares / São Cristóvão,https://g1.globo.com/mg/vales-mg/noticia/2026/06/22/video-motociclista-e-arremessado-apos-sequencia-de-batidas-em-governador-valadares.ghtml,outros,85
"Péricles, Simone Mendes, Dennis DJ e mais: confira a programação do Macapá Verão 2026",2026-06-22T12:15:51+00:00,AP / Macapá,https://g1.globo.com/ap/amapa/noticia/2026/06/22/pericles-simone-mendes-dennis-dj-e-mais-confira-a-programacao-do-macapa-verao-2026.ghtml,outros,100
Homem é preso no interior do AM suspeito de integrar rede financeira do Comando Vermelho,2026-06-22T12:13:40+00:00,AM / Tabatinga,https://g1.globo.com/am/amazonas/noticia/2026/06/22/homem-e-preso-no-interior-do-am-por-suspeita-de-integrar-rede-financeira-do-comando-vermelho.ghtml,faccao,95
40 aves são resgatadas após serem encontradas em gaiolas e dentro de um saco de estopa no Norte do Piauí,2026-06-22T12:11:14+00:00,PI / Buriti dos Lopes,https://g1.globo.com/pi/piaui/noticia/2026/06/22/aves-resgatadas-buriti-dos-lopes.ghtml,policia,85
VÍDEO: veja momento em que policiais encontram cocaína líquida em madeira durante operação,2026-06-22T12:08:34+00:00,MT / Cáceres,https://g1.globo.com/mt/mato-grosso/noticia/2026/06/22/video-veja-apreensao-de-cocaina-liquida-misturada-a-madeira-em-mt.ghtml,policia,95
"Motociclista morre após ser atingido por caminhonete na BR-070, em Várzea Grande (MT)",2026-06-22T12:05:41+00:00,MT / Várzea Grande / Trevo do Lagarto,https://g1.globo.com/mt/mato-grosso/noticia/2026/06/22/motociclista-morre-apos-ser-atingido-por-caminhonete-na-br-070-em-varzea-grande-mt.ghtml,homicidio,95
Bezerro nasce com duas cabeças no interior do Maranhão; mãe sobreviveu,2026-06-22T12:03:31+00:00,MA / Apicum-açu / Recanto dos Monteiros,https://g1.globo.com/ma/maranhao/post/2026/06/22/bezerro-nasce-com-duas-cabecas-no-interior-do-maranhao-mae-sobreviveu.ghtml,outros,100
"VÍDEO: porteiro ameaça motoboy com arma, e entregadores depredam prédio em protesto",2026-06-22T12:02:41+00:00,RJ / São Gonçalo / Alcântara,https://g1.globo.com/rj/rio-de-janeiro/noticia/2026/06/22/porteiro-ameaca-motoboy-com-arma-e-entregadores-depredam-predio-em-protesto.ghtml,violencia,85
Polícia prende envolvidos em roubo de carga de medicamentos - O Dia,2026-06-22T11:54:00+00:00,RJ / Rio de Janeiro,https://news.google.com/rss/articles/CBMiugFBVV95cUxOTklJcnh0VVUwakJKTzhHRUk4TlFqUzVmclUxeG54aEZwdGFBSlpEOTJSZ0NhTEtpcHFVVTFaU3ptOE96OGx1alJkUktkN2hxWGx0UjNYczl4NkczWkxub3IxazJzN1lWeHNKeUxPMzYzWEFKZklDd1puLUU5T3h4SERfLVliN0thb2c4YjlfenVwQ3BJOTlsX1pJYnRkSmtSVmJ6eGcyVlpHcDJwRkFrUnFqLUJqMVd3RFHSAb8BQVVfeXFMT0tzd1MwRGk4LWtBcy1wdzZubF9pQ0VkNF9LM3lHUkl4MWZwLWFKT0QyaDZ0Z0FxMzhhdWJxQ09HOHpEWldyX2xPcWhDRDk2RkdrZzZhekUzSlA4WVJJMFRGaGwxZ1l3aVM0aXhCcmN1N3huc21iRDNXQl9jSmdLUlBQTXJ2QVVjek1yZk1EWDNHTE1hNlFrM2tBQXJBOGc5ak0zQkFFamhfQnVJamR3NVJFc1RoMkI1aVZEX2JmdUE?oc=5,policia,95
Homem de 29 anos é assassinado a tiros em rua de Teresina; 2º caso em 1 hora,2026-06-22T11:52:36+00:00,PI / Teresina / Parque Progresso,https://g1.globo.com/pi/piaui/noticia/2026/06/22/assassinado-tiros-rua.ghtml,homicidio,100
Homem de 29 anos é assassinado a tiros em rua de Teresina; 2º caso em 1 hora - G1,2026-06-22T11:52:36+00:00,PI / Teresina,https://news.google.com/rss/articles/CBMiggFBVV95cUxPcklCb2UxaEduNHdwUjFldDlFRnloejNVOUcwUDJjSVJyS0Npc3Z3dmVkZ1FSd083WTlXVmtTcWY4ZnlUbUZXM2ctQTl1NnNuQ0JpX3FEQ09Ja2I0cng4WlYtcW5FTDl4TnZTQWpFdWtQRGg1bk01RUpyS3lyYW9od0NB0gGQAUFVX3lxTE5OeVV2RV9oblNWb3ktVTJuYm5rQkxTa2VLeE9BYjV3TWM0bUxEQTNrZXAtRWRmbkFPQ2VxZ2wxc2xpTXVhVjVRYWdwM3Z4UTVKM0FmNWJhb1lJaGwyNkpMX2JGRzBHOEl3aGxUaU5yNnpzLU1XYUtqT3lKRlVsY1YtMHZ2R0YtS296NVdHRnBZcA?oc=5,homicidio,100
Vereador do Paraná é preso pela 2ª vez no ano por crimes contra a ex; homem bateu e arrastou carro dela com filho criança dentro,2026-06-22T11:50:34+00:00,PR / Laranjeiras do Sul,https://g1.globo.com/pr/campos-gerais-sul/noticia/2026/06/22/vereador-do-parana-e-preso-pela-2a-vez-no-ano-por-crimes-contra-a-ex-homem-bateu-e-arrastou-carro-dela-com-filho-crianca-dentro.ghtml,violencia,90
"Filhos de mecânico que estava desaparecido o encontraram morto dentro de carreta parada em posto, diz família",2026-06-22T11:46:55+00:00,GO / Goiânia,https://g1.globo.com/go/goias/noticia/2026/06/22/filhos-de-mecanico-que-estava-desaparecido-o-encontraram-morto-dentro-de-carreta-parada-em-posto-diz-familia.ghtml,homicidio,100
Motorista atropela família no RS e foge sem prestar socorro; mulher morre,2026-06-22T11:46:51+00:00,RS / Mato Leitão,https://g1.globo.com/rs/rio-grande-do-sul/noticia/2026/06/22/motorista-atropela-familia-no-rs-e-foge-sem-prestar-socorro-mulher-morre.ghtml,homicidio,100
"Morre o jornalista Fernando Campos, defensor do automobilismo goiano",2026-06-22T11:43:27+00:00,GO / Goiânia,https://g1.globo.com/go/goias/noticia/2026/06/22/morre-o-jornalista-fernando-campos.ghtml,outros,100
Quadrilha especializada no roubo de canetas emagrecedoras é desmantelada em São Paulo - R7,2026-06-22T11:40:26+00:00,SP / São Paulo,https://news.google.com/rss/articles/CBMi2wFBVV95cUxORXo4NHZpeGk1My1XempfOURqWmhodFl4TXB5X01DbDVEdHVfUWlsT3lCZS1MYjhlMGpWUUVPNjJGRnlIejJEQUFpRzNRVWNTY3dSbHEyLVFuU1JreHRYcjgzWUkxZGhlTnpMcmVBNnFUaXlfaHBlWE1PRDBpVThERm1ObUFHVnZDaTZXMTkxZnM1b2RhdjlqUUZjbkFJWnV4dTZaN1NYZWd4b2g4MEhSckZBNmNGQUdEaUg4dFRya09PQTJLN2NDZGRqZFRtSDlpV0dPeDNOdGZjNFE?oc=5,policia,95
Polícia prende três suspeitos por roubo de carga de medicamentos no RJ - CNN Brasil,2026-06-22T11:37:36+00:00,RJ / Rio de Janeiro,https://news.google.com/rss/articles/CBMivAFBVV95cUxPaDFseEZpQ3FlWk1weUtWcWotbjNMbHdKVUxxY2x2LUctU1drMEZ4MEdzVU1XSW5jNFJlTlBRNmEzZHZCRkNEM2hyMGZNRjZLTTF2aHFva1dZX20wUjZUWjNZWnB6Z1BZTDcyWjg5TGdJWThvalotaHdLeURJeXJDWjNBTUdfMzNaSHJmMUVnRmppem1NT0tSS1dZSW1acnM5UzlTMWtoVjZKalkzeFZILTBaTUVaN0NvaHRlWQ?oc=5,policia,95
Busca por pets mobiliza tutores em Petrolina com promessas de recompensa de até R$ 2 mil,2026-06-22T11:37:20+00:00,PE / Petrolina,https://g1.globo.com/pe/petrolina-regiao/noticia/2026/06/22/busca-por-pets-mobiliza-tutores-em-petrolina-com-promessas-de-recompensa-de-ate-r-2-mil.ghtml,furto,90
Guarda Municipal impede assalto e prende dois suspeitos em flagrante em Maceió - O Alagoano,2026-06-22T11:35:00+00:00,AL / Maceió,https://news.google.com/rss/articles/CBMiyAFBVV95cUxQVGRybHduekEzb3lVd0NMcUVVejZKWHZNSHJ4T0VsX2dtMHhvVHFhd19oRG9GWDY0NF8yWWFfY1V1c0F5Z1ppVENlMHZuLUNuZEpaTHVzd2M2T1JnREE4WEFzN1R3MjVUWmlJazkzdEg0LW1Nb01wdm9LQmxKY3ZTa2FnWUg1anRfWWRTUFh4WXdVS21Vc1RQNnI1cmV2Ylk1UlRrS3NKaEJhZVZCcUlkLWR4LXJNNjlzSEFBa295RHF5b1JRU3o5cA?oc=5,policia,95
Morre cadela policial atropelada durante fuga de suspeitos em moto roubada em Vila Velha,2026-06-22T11:24:59+00:00,ES / Vila Velha,https://g1.globo.com/es/espirito-santo/noticia/2026/06/22/morre-cadela-policial-atropelada-durante-fuga-de-suspeitos-em-moto-roubada-em-vila-velha.ghtml,policia,85
"Morre Maria Ivete, irmã do humorista Renato Aragão",2026-06-22T11:23:57+00:00,CE / Fortaleza,https://g1.globo.com/ce/ceara/noticia/2026/06/22/morre-maria-ivete-irma-do-humorista-renato-aragao.ghtml,homicidio,95
Duas pessoas e cachorro morrem em incêndio no DF,2026-06-22T11:21:01+00:00,DF / Brasília / Estrutural,https://g1.globo.com/df/distrito-federal/noticia/2026/06/22/2-pessoas-e-1-cachorro-morrem-em-incendio-no-df.ghtml,homicidio,95
"Acidente entre três veículos deixa pessoa presa às ferragens na Rodovia Rio-Santos, em Angra dos Reis",2026-06-22T11:18:14+00:00,RJ / Angra dos Reis / Gambôa do Belém,https://g1.globo.com/rj/sul-do-rio-costa-verde/noticia/2026/06/22/acidentes-rio-santos-em-angra-dos-reis.ghtml,veiculo,90
Torneiro mecânico é assassinado a tiros em Rio Preto - Jornal A Cidade de Votuporanga,2026-06-22T11:17:41+00:00,SP / São José do Rio Preto,https://news.google.com/rss/articles/CBMirAFBVV95cUxOYmJvTk5ZRWl6MzZBcmlVRmJZLVNCRFptRy1paEIwdzhVc1hUYTZDeU5QcFFXUnBqeUVxTm5NX3FOU3pGeGpNWnYtZFhsUFV6YlE5ajJiT3VxZ1p0VFIwUHRoSGtYOXpOVHlyem9MZWVmX01OaFMtem9kbE1xWC04QncyQUMxR2hnM194OU9sWlV0TFJOVVE3Rk1LcDAyaVNDY0xHSGxCOWkyd0Y0?oc=5,homicidio,100
Gerente operacional da Ceasa é morto a tiros em assentamento em Malhador,2026-06-22T11:16:24+00:00,SE / Malhador / Assentamento Marcelo Déda,https://g1.globo.com/se/sergipe/noticia/2026/06/22/gerente-operacional-da-ceasa-e-morto-a-tiros-em-assentamento-em-malhador.ghtml,homicidio,100
Adolescente de 13 anos morre afogado em rio após sair de festival de pipas em Teresina,2026-06-22T11:15:21+00:00,PI / Teresina / Povoado Cerâmica Cil,https://g1.globo.com/pi/piaui/noticia/2026/06/22/adolescente-morto-rio.ghtml,outros,95
Homem agride mulher grávida e ateia fogo em casa no DF,2026-06-22T11:09:14+00:00,DF / Sobradinho / Sobradinho II,https://g1.globo.com/df/distrito-federal/noticia/2026/06/22/homem-agride-mulher-gravida-e-ateia-fogo-em-casa-no-df.ghtml,violencia,95
Policial militar de folga reage a assalto e suspeito morre em farmácia de Pelotas - Terra,2026-06-22T11:05:00+00:00,RS / Pelotas,https://news.google.com/rss/articles/CBMihwJBVV95cUxNUXpjcHc1bFBtY280N09Nb2ZhMWlyc2dWNS1Bd1I5Ml9rQVBlM09FSlk0aVhaZ1VSemZLemJQY21xMXRyWW1wY1ZjVHB1OU9qX3VCNFBBeElmdF9fbHY3YWthaXhFU0RPaXlJYU9PUjJWSm9XUUpzNVFBTi01ZnVUeTBBSWtPRk0wVTlMZy1nbzYtRHdjNmktcjA3WlVwNjJobGhNXzVPeUNSU0ZfaGdkNXRZelRpd3NiYi1XQzV1X1dhN0N2UjJoXzRnZEJEd0ZSNUNGSUl4eVJWMEd1YktXVUxmRTBBWUJXanZWcUplRU9aZFN5VExmRXZkNG1GRUU5LUFRRW9rOA?oc=5,homicidio,95
Entenda como esquema internacional usava madeira para esconder cocaína; carga pode ser a maior da história do Brasil,2026-06-22T11:04:11+00:00,MS / Corumbá,https://g1.globo.com/ms/mato-grosso-do-sul/noticia/2026/06/22/entenda-como-esquema-internacional-usava-madeira-para-esconder-cocaina-carga-pode-ser-a-maior-da-historia-do-brasil.ghtml,trafico,100
Idoso é agredido e jogado de mureta de praia na Ilha do Governador; suspeito é preso por tentativa de homicídio,2026-06-22T11:02:40+00:00,RJ / Rio de Janeiro / Jardim Guanabara,https://g1.globo.com/rj/rio-de-janeiro/noticia/2026/06/22/homem-e-preso-por-tentativa-de-homicidio.ghtml,violencia,95
Ferro-velho clandestino pega fogo e coloca imóveis vizinhos em risco no Anel Viário de Uberlândia,2026-06-22T11:00:41+00:00,MG / Uberlândia,https://g1.globo.com/mg/triangulo-mineiro/noticia/2026/06/22/ferro-velho-clandestino-pega-fogo-e-coloca-imoveis-vizinhos-em-risco-no-anel-viario-em-uberlandia.ghtml,outros,95
PM reage a assalto em farmácia e mata suspeito em Pelotas - Jornal Tradição Regional,2026-06-22T10:58:55+00:00,RS / Pelotas,https://news.google.com/rss/articles/CBMirAFBVV95cUxNbEVvV0JpSlhlMUhnd0RqSVBZc000WXVkNEZCM2pmTmtYVkNiLXA5ekozZndyMDdHWV94WnJObDFtVGJCNVhod1J1THVsbDZaWUFENXA0LTg2YzRrX3VTeHEtWUdLUnhENS1ZZ2hQdm1oeml0bEhhWTVTNmZ1aG9JOVRYa04xVnowS0hEMGYtZ016YzgwZmk1WFZyU2hVbFVFZkRjY3J3ZmlhWV9l?oc=5,homicidio,95
"Batida entre dois carros deixa um morto e dois feridos na MGC-265, entre Muriaé e Miraí",2026-06-22T10:52:40+00:00,MG / Muriaé,https://g1.globo.com/mg/zona-da-mata/noticia/2026/06/22/batida-entre-dois-carros-deixa-um-morto-e-dois-feridos-na-mgc-265-entre-muriae-e-mirai.ghtml,veiculo,95
Comerciante é assassinado a tiros dentro de mercearia em Jacareí,2026-06-22T10:46:26+00:00,SP / Jacareí / Jardim Santo Antônio da Boa Vista,https://g1.globo.com/sp/vale-do-paraiba-regiao/noticia/2026/06/22/comerciante-e-assassinado-a-tiros-dentro-de-estabelecimento-em-jacarei.ghtml,homicidio,100
"Guarda Municipal prende dois suspeitos e impede assalto na Serraria, em Maceió - AL 102",2026-06-22T10:46:00+00:00,AL / Maceió / Serraria,https://news.google.com/rss/articles/CBMiuAFBVV95cUxORTdPUGlxRldzNXN6TVFIUlg3RHU1a0ZEc1VvZGJUQlJITXg1ZEY3bmJTOXRyd3FKU3lFeTRYa1NzTjVfRGE3WW9pNHluZUlhZ1ZwRzMwWEJ5dmV2VDRNUGVMZkFVSE11emFlM1lnLWloeHJ6Y29UODNmQlFQV3RwdkJxblcxVXhpTlAtcW45TWdQaDV1T0RTR1VEaGc4WlpPTkhBcXphbVljTEpFY1pwZm1CM1R2SHRk?oc=5,policia,95
Suspeitos de homicídio e tentativa de homicídio são presos horas após crime em Caxias do Sul - Clic Camaquã,2026-06-22T10:43:05+00:00,RS / Caxias do Sul,https://news.google.com/rss/articles/CBMiwgFBVV95cUxQX1VGZTR1UmFlTmM3bEF5amg5ZllQTFpSRENza01zc0twMWRCR1JBaEZPMTF0a283YmxxWE5QUkp5cHdjRnRFUkpud0JUMnZrS05lSGFuNk1NYWx0MFVSU0lIMks5UnlQUURrWmt4Mi0tLTZBcFJJSERrOWo2VzdoLS1lZjFRTGtfWjIzaXl2emR3RVNmLW8tQWh1Vzh0dlJJaGN4TV93bFg2dU1uSzNOcXJadjhDUUtma2tXWHhxLUMzUQ?oc=5,homicidio,95
"Suspeito de homicídios, tráfico e roubo é morto a tiros em praça de Teresina; atirador fugiu de carro",2026-06-22T10:42:33+00:00,PI / Teresina / Mocambinho,https://g1.globo.com/pi/piaui/noticia/2026/06/22/morto-tiros-praca.ghtml,homicidio,100
"Suspeito de homicídios, tráfico e roubo é morto a tiros em praça de Teresina; atirador fugiu de carro - G1",2026-06-22T10:42:33+00:00,PI / Teresina,https://news.google.com/rss/articles/CBMifEFVX3lxTE5mQ2g0czRzNXhGWTRJaTAzbkl3VVM0aGo2LW9IbUVWWnpGajA3TGs2bl9UdHZ4eGdQeS1DeTV0NmRNZmZHdFVfSi0wVXA4Y1h2YVNXeXA5ZlFjQUd4Uk5Vb1ljRXRSbVFPanltOEJkWUJpaFJmN1pZR0F1cHjSAYsBQVVfeXFMTTlJcFJCRjdJTThZc1ctMFVYS2xXblZQSFRDY1NUaFdHNjJDaTlOcEVSUFBWT2RxdjBDUWNNaVZCNTNrdzNUN1RKai1HTno1UnZ6azFad0NJRWpVcFFDLWg1cUpWY0ZTUGE3cUpXdjhteHRZNnhNLVNoRkNzaFV1LXpZWlYyajVaTmRKVQ?oc=5,homicidio,100
Carro bate na traseira de ônibus estacionado e fica prensado sob veículo; vídeo,2026-06-22T10:37:58+00:00,CE / Aracati / Centro,https://g1.globo.com/ce/ceara/noticia/2026/06/22/carro-bate-na-traseira-de-onibus-estacionado-e-fica-prensado-sob-veiculo-video.ghtml,veiculo,95
Jovem morre após se afogar em cachoeira na Chapada dos Veadeiros,2026-06-22T10:37:10+00:00,GO / Alto Paraíso de Goiás / Fazenda São Bento,https://g1.globo.com/go/goias/noticia/2026/06/22/jovem-morre-apos-se-afogar-em-cachoeira-na-chapada-dos-veadeiros.ghtml,homicidio,95
Homem é libertado de cativeiro pela PM após ser vítima de 'golpe do amor' em Osasco: 'Tentaram me queimar',2026-06-22T10:37:01+00:00,SP / Osasco,https://g1.globo.com/sp/sao-paulo/noticia/2026/06/22/homem-e-libertado-de-cativeiro-pela-pm-apos-ser-vitima-de-golpe-do-amor-em-osasco-tentaram-me-queimar.ghtml,sequestro,100
Homem é libertado de cativeiro pela PM após ser vítima de 'golpe do amor' em Osasco: 'Tentaram me queimar' - G1,2026-06-22T10:37:01+00:00,SP / Osasco,https://news.google.com/rss/articles/CBMi8gFBVV95cUxPdm9wM0VYUG9jazREcjM0bWJpV3dQYUxDRmk5N0pDOHpMcnBlLWIxZVVYMlNjLUVnRzdpRFFZSXRyc1lUVlFSRGx3MGpxVE1kZ2l0MVp1ZXAzNnFOQWd5cS1URjRrLUFQMTgwei1Ec0FQUWM0aGZUY0h4Y2VlOWh1NERVNzVsalg1OU9hZERON3hVZXg0QU9BVTZnLVlndlN6MHUzWnVOVU1wNXYyN3BkcTVxbW8yY0RuQnh3T3NUNDk3YW03ejBrdW5KMGVGdGhIZHQzXzNOSzl0anpRWTR1cUxBakVjUGVJS21xbzJVTUx3QdIBgAJBVV95cUxPb002cUFOTGg1dU0tM0ZzaFh0Mkt2Ym1DVlBib3V5elRTNmI1RTdyMlVGdXNZRXdHX1EwLVZvTUtqdHpEZ3VEVUJod19WeGlYRmNXb2puakpxTnhwM3pBdDR6SmlKVkpKSU1GWklmbWFhLUh1dTNfN0FLN0ZYWk1EOFJiYklsTFdXQ0JrcWRORGtrTVdIR2phdEI5Ym8zSE5iOWdvWE9qR29WdHpHVUZWbll6SXVVRk1GS29ZM1RSQVBDZDFDdFNLQm1MVTZtQTdRQzdrcUdmYlBId3RxUTJFa3Y4cTBFMXV4d2tBenkxRy05TWpGLXh3b0h5VllFa0VM?oc=5,sequestro,95
"Peculato, corrupção e fuga: o que diz o relatório final da Polícia Civil sobre a ex-secretária e assessores da Saúde de Palmas",2026-06-22T10:32:37+00:00,TO / Palmas,https://g1.globo.com/to/tocantins/noticia/2026/06/22/peculato-corrupcao-e-fuga-o-que-diz-o-relatorio-final-da-policia-civil-sobre-a-ex-secretaria-e-assessores-da-saude-de-palmas.ghtml,fraude,99
"Homem é morto a tiros dentro de casa em Coelho Neto, no MA",2026-06-22T10:29:23+00:00,MA / Coelho Neto / Parque Amazonas,https://g1.globo.com/ma/maranhao/noticia/2026/06/22/homem-e-morto-a-tiros-dentro-de-casa-em-coelho-neto-no-ma.ghtml,homicidio,100
Veículo com registro de roubo é recuperado pela PRF em Campos dos Goytacazes - www.gov.br,2026-06-22T10:28:00+00:00,RJ / Campos dos Goytacazes,https://news.google.com/rss/articles/CBMi5AFBVV95cUxOcG1sbHRpU29JTE52V1pHMEYxYkd3blhiZWVLRDZJVmxmNXdKSE14Wi1aU2NxSHU1OEw4NTVlN0NrM3VPV1BQVzQ4cnFDMzdNTFBHZTNYN05tR3NIUlF2ZFJyb2lxQm51UlNxS2EzOUN2bVRRYjVjSlp2ZExQakFha2hvQUpPOG9nMjZGTHBjWWxXR1VweWhQQ3ZjZ3ZEZXZoZ2lTSUdGZ0VCbHRGV1dKbE1MYmdyMXNJcnhRV1JxU1ktZEV2Vkt0MGpVZVpWS01lTDN1d2U3N3h3ZDB0ei1QNllHejQ?oc=5,policia,95
Exame toxicológico passa a ser obrigatório para primeira habilitação A e B em Sergipe,2026-06-22T10:24:21+00:00,SE / Aracaju,https://g1.globo.com/se/sergipe/noticia/2026/06/22/exame-toxicologico-passa-a-ser-obrigatorio-para-primeira-habilitacao-a-e-b-em-sergipe.ghtml,outros,95
Terceiro assalto a ônibus da Coletivo é registrado em uma semana em Caruaru - cidade997.com.br,2026-06-22T10:22:00+00:00,PE / Caruaru,https://news.google.com/rss/articles/CBMiowFBVV95cUxPbUxQd0dmTlcxazRRcjJ4MFdmTGlPbTU3VmFpbjU0dU11Z3R0cFdyMm84UW05bDJCRUlkTjVoUXgwNTd5NmJSbnRJV1hQN0VxakZOMTl0Q2xxS1dPQVhrV3N2a2pfSDNTYUF3V29NNVpiWVlNci1ObTFneFRGMlozeUMyY0pzdnpma0JmR3ZwdjhwUHpJUmpXZ2x1MDZkTDNnc000?oc=5,roubo,95
"Personal trainer morto ao tentar pegar a arma de PM no Ceará estava em surto psicótico, diz advogado",2026-06-22T10:20:53+00:00,CE / Itapipoca / Rajada,https://g1.globo.com/ce/ceara/noticia/2026/06/22/personal-trainer-morto-ao-tentar-pegar-a-arma-de-pm-no-ceara-estava-em-surto-psicotico-diz-advogado.ghtml,policia,95
jovem é preso em flagrante após crime sexual contra jovem na zona sul de porto velho - Diário da Amazônia,2026-06-22T10:17:50+00:00,RO / Porto Velho / Zona Sul,https://news.google.com/rss/articles/CBMizgFBVV95cUxPVmhQRHZhX1NQU19WdWZpLXVUZlBnTXFHay1RZWJidGJscjNkVEdFQzlYazktVmVNRlFrZThyNU1jdjE2WTB0VzhnYlg4c3NIRE5NOEZHZlFJU0dLUHVVMFlXWWs2c0ZQVmJva192NEdlUnVyT0RTOW9mX25Oblo0TzhZbF9udXdkcXd6cmJYeEtVLWtKYUpodlZ2MnhZelZGN3Q5VFc5Z2NqcGo5ck95UTFzNjV2Njh3cTNDQWcxN2RIalFEaGxVZTNyTy10QQ?oc=5,estupro,95
Policial de folga reage a assalto e suspeito morre em Pelotas - Clic Camaquã,2026-06-22T10:14:04+00:00,RS / Pelotas,https://news.google.com/rss/articles/CBMioAFBVV95cUxOOEJ3ZzNCQzlySExjYU45ZXlPSUhxazZnS2tldmg3NzZNMXJ2QldFR256RXRpdk1zVUxaMU4yOXRvRk9EM0Rsb0dCQjRnR2c2LXh5YjdDY1htTzctQU9mLTkxWWxLUFZoUEdIaVpZNFJYOC0zYno2SGFqbUpUOEthb3lfdW81c2ppN2RIT1YxcGI3NVZYOGlaY3NjcDlyYXY5?oc=5,homicidio,95
Passageiros encontram paradas cheias em meio à paralisação de rodoviários do DF,2026-06-22T10:14:03+00:00,DF / Brasília,https://g1.globo.com/df/distrito-federal/noticia/2026/06/22/rodoviarios-da-marechal-fazem-paralisacao-no-df-nesta-segunda-22.ghtml,outros,100
Queda de balão em Praia Grande completa 1 ano e familiares de vítimas gaúchas fazem homenagem: 'Amor tem que ser maior que a dor',2026-06-22T10:11:42+00:00,SC / Praia Grande,https://g1.globo.com/rs/rio-grande-do-sul/noticia/2026/06/22/queda-de-balao-em-praia-grande-completa-1-ano-e-familiares-de-vitimas-gauchas-fazem-homenagem-amor-tem-que-ser-maior-que-a-dor.ghtml,homicidio,85
Diretora de escola em Anápolis e esposa são encontradas mortas em casa,2026-06-22T10:10:48+00:00,GO / Anápolis,https://www.metropoles.com/distrito-federal/na-mira/diretora-de-escola-em-anapolis-e-esposa-sao-encontradas-mortas-em-casa,homicidio,100
Delator do PCC: começa júri de policiais acusados de matar Gritzbach no Aeroporto de Guarulhos - Estadão,2026-06-22T10:08:50+00:00,SP / Guarulhos / Aeroporto de Guarulhos,https://news.google.com/rss/articles/CBMiywFBVV95cUxONmNnNHZHU0l0NFZjMVhwSGd5ZC1xLWg0cWNwbTJFd0pGd1RzVG5Ic3B3Y0V6dGhkRHZyTEZvQkJxbHJLQ3VYRnJBSklzRC1odWNqbDEwcmVmTW9FTmZLdmozNmFqLWp2Zk9vYjh2LVJ3V19oY1hhVXpmSHRPLVk5a19qQVA1MmZNMWRpWEN6NnV5bXZCekZSUTJMT3YzN2VVbzFDWUhNeTZ5SkUwTURMLW4tSzV3X3NOTGN1TVlKeU9QMnZzdTZMUlZjc9IB0AFBVV95cUxPNGpqdVhmaWVVYlB5WDFKeXlrWjBpVmxHbXBpMkhISGxWMFhVXzFRZVB6ZmI1bzVtM0pZQTFmS1dEaDJVbkh1UUY5a19rVWhzUFFxbXBLZjY0S29fNjJscXdDSHdtbVQ5YnBwWS1Ldm1BdnpOcExDV0w4cHVFVGNVaF9lODIyQmwwaVBMMFZVNURfdF96YXFmZU9JVElBUFhMMDdMcE1ZWkNXYnA3bHlrRUU3TXpab3NpdEd5UGVTb01ZMl9ZeWp5QWF6X0lQTlV0?oc=5,homicidio,95
"Homem é morto a tiros após ter casa invadida, em João Pessoa",2026-06-22T10:04:55+00:00,PB / João Pessoa / Mandacaru,https://g1.globo.com/pb/paraiba/noticia/2026/06/22/homem-e-morto-a-tiros-apos-ter-casa-invadida-em-joao-pessoa.ghtml,homicidio,100
Ciclista cai em quebra-molas e morre atropelado por caminhão no ES,2026-06-22T09:57:36+00:00,ES / Conceição da Barra / Nova Bethânia,https://g1.globo.com/es/espirito-santo/norte-noroeste-es/noticia/2026/06/22/ciclista-cai-em-quebra-molas-e-morre-atropelado-por-caminhao-no-es.ghtml,homicidio,95
"Homem é preso e PM apreende mais de 1,5 mil porções de drogas escondidas perto de creche em BH",2026-06-22T09:45:30+00:00,MG / Belo Horizonte / Aglomerado Buraco do Peru,https://g1.globo.com/mg/minas-gerais/noticia/2026/06/22/homem-e-preso-e-pm-apreende-mais-de-1-5-mil-porcoes-de-drogas-escondidas-perto-de-creche-em-bh.ghtml,policia,85
"Pai tentou salvar tio de menina achada morta em fazenda, mas ambos se intoxicaram em tanque de leite e morreram, diz família",2026-06-22T09:36:11+00:00,GO / Doverlândia,https://g1.globo.com/go/goias/noticia/2026/06/22/pai-tentou-salvar-tio-de-menina-achada-morta-em-fazenda-mas-ambos-se-intoxicaram-em-tanque-de-leite-e-morreram-diz-familia.ghtml,outros,95
Balanço: 29 pessoas assassinadas no fim de semana em Pernambuco; um crime aconteceu em Caruaru - liberdade.com.br,2026-06-22T09:33:00+00:00,PE / Caruaru,https://news.google.com/rss/articles/CBMiugFBVV95cUxOMkdSQm41OWR1cjV4WFdoZDVzamtTMk51RU5SUDI4U3lqVDEwOGRiSFRtSHhheEFlOGZrRjItVDFocVBud1ZVZElrQmtiZXFIaWhYdzUxU2VBazFObndRb0lkc2RTZ1VIMk91cHBxLURjb3EyRDItTFl2VFZDcVRqcHZKMTBMV3BWbTVoaVhIRVZ1dENhbGNaQWRjcWJsMFpyU0R1TE5MYWU5Sm9ZTWdXbklIMXJKSHRFWUE?oc=5,homicidio,100
PF do Rio prende fornecedor de armas do Comando Vermelho que estava no Suriname,2026-06-22T09:20:42+00:00,RJ / Rio de Janeiro,https://g1.globo.com/rj/rio-de-janeiro/noticia/2026/06/22/pf-deflagra-operacao-red-fox.ghtml,policia,95
Da vitória do Garantido à polêmica na apuração: relembre os momentos que marcaram Caprichoso e Garantido em 2025,2026-06-22T09:00:33+00:00,AM / Parintins,https://g1.globo.com/am/amazonas/festival-de-parintins/2026/noticia/2026/06/22/da-vitoria-do-garantido-a-polemica-na-apuracao-relembre-os-momentos-que-marcaram-caprichoso-e-garantido-em-2025.ghtml,outros,100
"Acusada de 'fantasma', jovem depõe em processo contra vice-prefeita afastada",2026-06-22T08:07:28+00:00,SP / Ribeira,https://g1.globo.com/sp/santos-regiao/noticia/2026/06/22/vice-prefeita-afastada-jovem-apontada-como-servidora-fantasma-diz-que-fazia-tarefas-basicas.ghtml,fraude,95
Concursos da Alece e TJCE encerram inscrições nesta segunda (22); confira vagas abertas no Ceará,2026-06-22T08:03:17+00:00,CE / Fortaleza,https://g1.globo.com/ce/ceara/suachance/noticia/2026/06/22/concursos-da-alece-e-tjce-encerram-inscricoes-nesta-segunda-22-confira-vagas-abertas-no-ceara.ghtml,outros,100
Assalto no Shopping Crystal: joalheria é invadida e tiros são disparados no Batel - plural.jor.br,2026-06-22T07:24:02+00:00,PR / Curitiba / Batel,https://news.google.com/rss/articles/CBMimAFBVV95cUxOYTlrdnlrSXZaZHVxTVk2VjUtTi1wZGp1VHRUU2R6b0FQWW5Wbm50YzlhMDVqQUMtVlJveV90di1SR0JfczRfTE1OMjNoVHRRS19icVUzSXEySXZmYWlIRHZzeUN6Q0cxSDItNndZVWlXTDFyVHV4SnV1SDVYdmFLX2hNTUdQdjRULUZBMmtiUUN4dnZkR0l2Yw?oc=5,roubo,100
Cachorros vão para ‘psicólogo’ enquanto aguardam adoção em Florianópolis,2026-06-22T07:01:41+00:00,SC / Florianópolis,https://g1.globo.com/sc/santa-catarina/noticia/2026/06/22/cachorros-escola-psicologia-canina-aguardam-adocao-florianopolis.ghtml,outros,100
"Professor faz proposta inusitada para tirar licença, vai do Paraná ao Alasca de moto e se prepara para voltar ao emprego no Brasil: 'Só temos uma vida'",2026-06-22T07:01:21+00:00,PR / Ponta Grossa,https://g1.globo.com/pr/campos-gerais-sul/noticia/2026/06/22/professor-faz-proposta-inusitada-para-tirar-licenca-vai-do-parana-ao-alasca-de-moto-e-se-prepara-para-voltar-ao-emprego-no-brasil-so-temos-uma-vida.ghtml,outros,90
Disputa entre tráfico e milícia em Rio das Pedras tem desertores que migraram para o Comando Vermelho,2026-06-22T07:01:15+00:00,RJ / Rio de Janeiro / Rio das Pedras,https://g1.globo.com/rj/rio-de-janeiro/noticia/2026/06/22/disputa-entre-trafico-e-milicia-em-rio-das-pedras-desertores.ghtml,homicidio,95
"Primeira semana do inverno deve ter tempestades, geadas e termômetros abaixo de 0ºC no Paraná; veja onde e a previsão do tempo",2026-06-22T06:00:23+00:00,PR / Guarapuava,https://g1.globo.com/pr/campos-gerais-sul/noticia/2026/06/22/primeira-semana-do-inverno-deve-ter-tempestades-geadas-e-termometros-abaixo-de-0oc-no-parana-veja-onde-e-a-previsao-do-tempo.ghtml,outros,100
Prefeitura do Paraná é condenada após Justiça entender que houve falha em tratamento de paciente que morreu com Covid-19,2026-06-22T06:00:19+00:00,PR / Umuarama,https://g1.globo.com/pr/norte-noroeste/noticia/2026/06/22/prefeitura-do-parana-e-condenada-apos-justica-entender-que-houve-falha-em-tratamento-de-paciente-que-morreu-com-covid-19.ghtml,homicidio,95
Ex-delegado da PF é condenado pela Justiça Federal no Rio,2026-06-22T04:00:10+00:00,RJ / Rio de Janeiro,https://g1.globo.com/rj/rio-de-janeiro/noticia/2026/06/22/ex-delegado-da-pf-e-condenado-pela-justica-federal-no-rio.ghtml,fraude,95
Assalto fraudulento e seguro milionário: o que se sabe sobre caso do servidor público condenado após amputar o próprio pé,2026-06-22T03:00:34+00:00,BA / Amélia Rodrigues,https://g1.globo.com/ba/feira-de-santana-regiao/noticia/2026/06/22/o-que-se-sabe-sobre-caso-do-servidor-publico-condenado-apos-amputar-o-proprio-pe.ghtml,fraude,100
Assalto fraudulento e seguro milionário: o que se sabe sobre caso do servidor público condenado após amputar o próprio pé - G1,2026-06-22T03:00:34+00:00,BA / Feira de Santana,https://news.google.com/rss/articles/CBMi6AFBVV95cUxQakJDdHVrelpuOXpmMjZoMW1vUDJwbUgtT3ZyN3lPNHcxcllydzlkeHF0RTd2cGFib3YzNDZiUml5Q3J2eW1Pb2pVbVJsRk9xdGFndkJpVnlFQTRHc0pCQWJQd2ZId0w3Ny1UVUNMOUVqUXBsaVlzRC15cTkzWnI1Z3dZZEl1NmhvYUZ4ZVlNTkxMM1RVNmlHZUY1eHhwQVowUzh3cjUyOW95RW0zd3M2R25ncmxZQ01Da1VDWDJQbUVPYVZ5SlhTdWJ4T0prLVdCSnBMY09ZYm1NUV9acXREbHU3UE83eV9W0gH3AUFVX3lxTFBGbDhPeG1hMi1BbHF3bTltNVJWaG43WHg0bHlfdnhIQkNDS3ZWbHNVcXpsR1hBa1JRckFzUElRZUE1alBGcXZLNUxxREljbE5zSWg5V2NtWnZfMkc5Vk1ZV2Z3aUhVYV92Q3VhN3RvUWZQSEVkc2YyaUR2NnVvQXBXaExham5qbk5ZU0ZUWmJBeGpMVjBjN2pwMjhvdkZlTjZiRERteldYSWQ0eW04QUxDWGwzWDlyZHVDMTFvY0tJejRxYkxRbFMtWEpyQlFxY1JGMkUta1l4Ri1NXzlWNTV4RC1RenFoaDdIQThFSlpJRFlFb3ZORDg?oc=5,fraude,100
Júri de PMs no caso Gritzbach começa nesta segunda; defesa diz que não houve devida apuração de outros investigados,2026-06-22T03:00:30+00:00,SP / Guarulhos,https://g1.globo.com/sp/sao-paulo/noticia/2026/06/22/juri-de-pms-no-caso-gritzbach-comeca-nesta-segunda-defesa-diz-que-nao-houve-devida-apuracao-de-outros-investigados.ghtml,homicidio,100
"Homem que morreu na antessala de UPA 'costumava pernoitar' no local, diz secretário de Saúde; polícia e governo do DF investigam",2026-06-22T03:00:19+00:00,DF / Brasília,https://g1.globo.com/df/distrito-federal/noticia/2026/06/22/homem-que-morreu-na-antessala-de-upa-costumava-pernoitar-no-local-diz-secretario-de-saude-policia-e-governo-do-df-investigam.ghtml,outros,85
PM reage a assalto e mata suspeito em Pelotas - GZH,2026-06-22T02:41:57+00:00,RS / Pelotas,https://news.google.com/rss/articles/CBMi2wFBVV95cUxNc1ZhcmgyMDhudktHZTYzX01BYTNxbmxPelZXV2RfRmJITFdqOG00czF6TzhEVi1Qd1RidC1Ca1U4YzBiOUxJMjQxOWgyMzJtWDFBTGg2LVVOUV9ScWNWd2RBWW5xMk92VE56TEZjdHZYNEZWUk1HZnRoV040X1FaeV9PQi1aWlJuSU9zbUJlMkdtcXRaa3dUV1JoWmg3bFdtUVZiZDRySkFLaHhRMWlKc2lvLWZZMDJKVmlNbVdDQmZvNmlZODFOYkJBdW5mV2tYZlRtNFVlWWpWUFU?oc=5,homicidio,95
Seo Tendncias / Debates completa 50 anos como arena de divergncias,2026-06-21T23:00:00-03:00,SP / São Paulo / Santo Amaro,https://redir.folha.com.br/redir/online/poder/rss091/*https://www1.folha.uol.com.br/poder/2026/06/secao-tendencias-debates-completa-50-anos-como-arena-de-divergencias.shtml,roubo,85
Crime organizado no Rio: tribunal do crime impõe sentenças e deixa rastro de mortes - R7,2026-06-22T01:03:02+00:00,RJ / Rio de Janeiro,https://news.google.com/rss/articles/CBMi1wFBVV95cUxQQmM2Uk1OM2d1QlJaeFBBd1oyNmYyeWx3U09ObFJiU1dPZllsS2NlaVlPay12RmFUNTBzRGlER01Ba2JQSFY2X2RldHZQc0ZQNjZ6Tl9XOFB3dWVhTEM5eExRRUQtYlB6UWRjRkM0Q2lnQ3FOWmdtTzRjMnRvTm9GZnJVUUoyQWltYnJmNlRzV2RLcElHd1NnSXRSbWVMaVhtYVk5M3FscFBsTU0ySW1meFotUTJ4QVpHSU1CMk9wZF9EOHpPM1Vsc0tXeWd2MFlRQWIybVl4TQ?oc=5,homicidio,95
"Jovem é baleado após motorista reagir a tentativa de assalto na Pampulha, em BH - Rádio Itatiaia",2026-06-22T01:02:35+00:00,MG / Belo Horizonte / Pampulha,https://news.google.com/rss/articles/CBMiwwFBVV95cUxPNk5KSDEyS09aVVpseXUwRUo5NHBUMDJwX1JzSmJtd2NRY09GSnFwNk5lZHZlU25rM1N2amhvN0RTQVVmUm82ZmpzYUQxaVJaZFJ3NzZrbFljbkJ2Z3J1VmJiZ25OSVhpUVlTS2hZR0l2XzJ5VFJmQ2NVTFpwUzVlLUZkZnV3eUVUcUd3Q3pCLTFES3BJei1qaUp5QjVoLUpTaVBFeUd5QlQ2SHpkaFJCeU5yLTktcEgyMG5aUS1ObG1kdlU?oc=5,roubo,100
"Eduardo Suplicy comemora 85 anos com missa, ocupao e Marcha da Maconha",2026-06-21T21:45:00-03:00,SP / São Paulo / Mooca,https://redir.folha.com.br/redir/online/poder/rss091/*https://www1.folha.uol.com.br/poder/2026/06/eduardo-suplicy-comemora-85-anos-com-missa-ocupacao-e-marcha-da-maconha.shtml,outros,85
Tentativa de homicídio contra PM é investigada em Santos - CNN Brasil,2026-06-21T23:40:02+00:00,SP / Santos,https://news.google.com/rss/articles/CBMiqgFBVV95cUxQSFZmc1JoTXpKam9BUUR6c3NTUDY1cEx0TVl2eFE1V0o0MnI0em5yYmg2MVJmTFdHSWtzUVBZX1RPaTVkU0cxTnV6QkFfa1otLWpqbmEycXI2R0NCTVBiRTNZQm9haDNzcVJVbmwzSkNCQVZVMnBGaVBEb1ZZY0x4cFN6endLQ1B4OFBlc3FmOHV3TUZKTUUtX3BYTF9OMVZHOVRzdXpRY1ZOZw?oc=5,homicidio,100
Mulher  sequestrada na porta de salo de beleza na zona sul de SP,2026-06-21T19:58:00-03:00,SP / São Paulo / Campo Limpo,https://redir.folha.com.br/redir/online/cotidiano/rss091/*https://www1.folha.uol.com.br/cotidiano/2026/06/mulher-e-sequestrada-na-porta-de-salao-de-beleza-na-zona-sul-de-sp.shtml,sequestro,100
Homem é preso após cometer atos obscenos em residência estudantil de Salvador,2026-06-21T22:37:10+00:00,BA / Salvador / Rio Vermelho,https://g1.globo.com/ba/bahia/noticia/2026/06/21/homem-e-preso-em-salvador.ghtml,outros,95
Missa de 7º dia reúne familiares e amigos de vítimas de acidente com ônibus de time de basquete,2026-06-21T22:34:25+00:00,CE / Tauá,https://g1.globo.com/ce/ceara/cariri/noticia/2026/06/21/missa-de-7o-dia-reune-familiares-e-amigos-de-vitimas-de-acidente-com-onibus-de-time-de-basquete.ghtml,outros,100
Homem é preso suspeito de matar mulher esfaqueada em Santa Adélia,2026-06-21T21:58:03+00:00,SP / Santa Adélia / Jardim Brasil,https://g1.globo.com/sp/sao-jose-do-rio-preto-aracatuba/noticia/2026/06/21/homem-e-preso-suspeito-de-matar-mulher-esfaqueada-em-santa-adelia.ghtml,homicidio,100
Suspeito de envolvimento em furto de mais de R$ 100 mil em lotérica morre em confronto com a polícia na Bahia,2026-06-21T21:56:16+00:00,BA / Itabuna,https://g1.globo.com/ba/bahia/noticia/2026/06/21/suspeito-morre-em-confronto-com-a-policia-em-itabuna.ghtml,homicidio,95
Motorista atropela idosa de 81 anos e foge sem prestar socorro no litoral de SP; VÍDEO,2026-06-21T21:30:05+00:00,SP / Santos,https://g1.globo.com/sp/santos-regiao/noticia/2026/06/21/motorista-atropela-idosa-de-81-anos-e-foge-sem-prestar-socorro-no-litoral-de-sp-video.ghtml,veiculo,95
Homem é preso após esfaquear vítima no Centro de Cabo Frio,2026-06-21T21:25:12+00:00,RJ / Cabo Frio / Praia do Forte,https://g1.globo.com/rj/regiao-dos-lagos/noticia/2026/06/21/homem-e-preso-apos-esfaquear-vitima-no-centro-de-cabo-frio.ghtml,homicidio,90
Funcionária de padaria denuncia ter sido agredida por clientes na Grande BH; veja vídeo,2026-06-21T21:08:16+00:00,MG / Betim,https://g1.globo.com/mg/minas-gerais/noticia/2026/06/21/video-funcionaria-de-padaria-denuncia-ter-sido-agredida-por-clientes-na-grande-bh.ghtml,violencia,95
"Homem é morto a tiros no conjunto George Américo, em Feira de Santana - De Olho na Cidade",2026-06-21T21:06:37+00:00,BA / Feira de Santana / Conjunto George Américo,https://news.google.com/rss/articles/CBMioAFBVV95cUxOMnNqSTBnQjB1OXlmYldnb3k4TjR2MlhPOERJdlN1RThjUzBGRXdDSnl1eS1iLVpjbzlldFRzZl9sOVowZGlmZFdpNW9xSV91WDl4MjdTWGxWd0dSYnFUVGdlU2RCOWdZVlViZWtuUW9qazBCQzBSQXdZSHJCcFpHYjRzNFNQaEJndmJpMzJnTWxWdlQwVnkwWFRPS082RGhr?oc=5,homicidio,100
Vereador sobrevive a acidente que matou dois homens carbonizados após carro bater em árvore em MS; vídeo,2026-06-21T20:58:58+00:00,MS / Dourados / Panambi,https://g1.globo.com/ms/mato-grosso-do-sul/noticia/2026/06/21/vereador-sobrevive-a-acidente-que-matou-dois-homens-carbonizados-apos-carro-bater-em-arvore-em-ms-video.ghtml,veiculo,95
Mais de uma tonelada de maconha é apreendida pela PF em carreta em rodovia do Paraná,2026-06-21T20:55:17+00:00,PR / Cascavel,https://g1.globo.com/pr/oeste-sudoeste/noticia/2026/06/21/mais-de-uma-tonelada-de-maconha-e-apreendida-pela-pf-em-carreta-em-rodovia-do-parana.ghtml,trafico,95
Suspeito de duplo homicídio em bar de Macaé é preso pela Polícia Militar,2026-06-21T20:54:32+00:00,RJ / Macaé / Aroeira,https://g1.globo.com/rj/norte-fluminense/noticia/2026/06/21/suspeito-de-duplo-homicidio-em-bar-de-macae-e-preso-pela-policia-militar.ghtml,homicidio,100
PM é baleado por criminosos em motocicletas durante patrulhamento em morro no litoral de SP,2026-06-21T20:30:08+00:00,SP / Santos / Morro São Bento,https://g1.globo.com/sp/santos-regiao/noticia/2026/06/21/pm-e-baleado-por-criminosos-em-motocicletas-durante-patrulhamento-em-morro-no-litoral-de-sp.ghtml,homicidio,95
Jovem de 20 anos morre em acidente após carro sair da pista na BR-287,2026-06-21T20:25:53+00:00,RS / São Pedro do Sul,https://g1.globo.com/rs/rio-grande-do-sul/noticia/2026/06/21/jovem-de-20-anos-morre-em-acidente-apos-carro-sair-da-pista-na-br-287.ghtml,outros,95
Criança fica com pé preso em parafuso de academia ao ar livre e bombeiros desmontam equipamento em Palmas,2026-06-21T20:19:46+00:00,TO / Palmas / Setor Taquari,https://g1.globo.com/to/tocantins/noticia/2026/06/21/crianca-fica-com-pe-preso-em-parafuso-de-academia-ao-ar-livre-e-bombeiros-desmontam-equipamento-em-palmas.ghtml,outros,95
Corpo de homem é retirado de dentro de cisterna em Salgado,2026-06-21T20:19:18+00:00,SE / Salgado / Povoado Tabua,https://g1.globo.com/se/sergipe/noticia/2026/06/21/corpo-de-homem-e-retirado-de-dentro-de-cisterna-em-salgado.ghtml,homicidio,90
"Incêndio de grandes proporções atinge galpões de artesanato em Baependi, MG",2026-06-21T20:05:04+00:00,MG / Baependi / São Cristóvão,https://g1.globo.com/mg/sul-de-minas/noticia/2026/06/21/ocorrencias-bombeiros.ghtml,outros,90
Incêndio atinge casa em Uberlândia e polícia investiga possível ação criminosa,2026-06-21T20:00:53+00:00,MG / Uberlândia / Jaraguá,https://g1.globo.com/mg/triangulo-mineiro/noticia/2026/06/21/incendio-atinge-casa-em-uberlandia-e-policia-investiga-possivel-acao-criminosa.ghtml,outros,90
ExpoQueijo Brasil 2026: veja programação e novidades da feira em Araxá,2026-06-21T19:26:11+00:00,MG / Araxá,https://g1.globo.com/mg/triangulo-mineiro/noticia/2026/06/21/expoqueijo-brasil-2026-veja-programacao-e-novidades-da-feira-em-araxa.ghtml,outros,100
Suspeito de tentativa de sequestro de criança confessa crime e diz que se escondeu por temer ser morto - Terra,2026-06-21T19:25:00+00:00,BA / Salvador,https://news.google.com/rss/articles/CBMiowJBVV95cUxNYzVGLW13MlU4eGN3NE9rUVlmc0FzSW53ZUFDb2g2MW1zaldHano3ZlBUR3huV01vUlRWam0yQkRnYVpiVlBuenA2WUh5MG9TR3NsVEs5cEpvX1MtMGxSLUFvNUtfRmJVNXo0SExXVUV5NEpTZ0N2ZWN2SGl5cm1ZWG1jam1JaUVsaFlQOW5nT1JBWlI4dHE3Z1VxZlJtTk5WVW84ak00SS1ZMFNKbHNXVmxjMTJsOUNCVTRkWEtpOWc3WU9sX3RWN1pHcnUzX0R2ems0ZXh0X01OUU9zS2doS1c3MTBkbTgzM0xfaklkMGZjQVBVRUVLd3BBRmcxZE9zeFJsX1JkcVhzWHk3b1lQZk0yM09iV2MwbTdiV3ZkOFNCb0E?oc=5,sequestro,95
VÍDEO: Homem dispara tiros em praça central de Muzambinho e causa pânico durante a madrugada,2026-06-21T19:24:41+00:00,MG / Muzambinho / Praça Central,https://g1.globo.com/mg/sul-de-minas/noticia/2026/06/21/video-homem-dispara-tiros-em-praca-central-de-muzambinho-e-causa-panico-durante-a-madrugada.ghtml,violencia,90
"Mais de 7,6 mil moradores de Rio Branco tiveram veículos furtados no último ano, aponta pesquisa",2026-06-21T19:22:33+00:00,AC / Rio Branco,https://g1.globo.com/ac/acre/noticia/2026/06/21/mais-de-76-mil-moradores-de-rio-branco-tiveram-veiculos-furtados-no-ultimo-ano-aponta-pesquisa.ghtml,furto,95
"Mais de 7,6 mil moradores de Rio Branco tiveram veículos furtados no último ano, aponta pesquisa - G1",2026-06-21T19:22:33+00:00,AC / Rio Branco,https://news.google.com/rss/articles/CBMi8AFBVV95cUxPRHNKcXN5X2F0VjFMb3pmUnVvNU8xdWFsRWZrZi1UQnhXRmt4MHJaUVRaTWFFRTRZZEtDTnFSTFpKUHkyODI5MVd4X1Vsd25zb2luXzd0RnRnaFpwWklXcmpuVmEtcGVGa1lvT1dTUkVsS1NzVkhkeVE0TGwzNnVYdHNYaTdfeEh6dnQ4VXI5azh4UFpVSnNqenlfc3hxMFMzY3h2S2UybXdmdDVKOGF4aXh6M05MNUp6VjVKYVUxdVFmdDlONWFvdm9VR0dOSll4UGw1dVhhUDBfYkhHSkktdGRFT01FWFJkeFRKa21SNnTSAfABQVVfeXFMT0RzSnFzeV9hdFYxTG96ZlJ1bzVPMXVhbEVma2YtVEJ4V0ZreDByWlFUWk1hRUU0WWRLQ05xUkxaSlB5MjgyOTFXeF9VbHduc29pbl83dEZ0Z2hacFpJV3JqblZhLXBlRmtZb09XU1JFbEtTc1ZIZHlRNExsMzZ1WHRzWGk3X3hIenZ0OFVyOWs4eFBaVUpzanp5X3N4cTBTM2N4dktlMm13ZnQ1SjhheGl4ejNOTDVKelY1SmFVMXVRZnQ5TjVhb3ZvVUdHTkpZeFBsNXVYYVAwX2JIR0pJLXRkRU9NRVhSZHhUSmttUjZ0?oc=5,veiculo,95
Dono de imóvel terá que indenizar pais de menina morta ao cair de vaso sanitário em SC,2026-06-21T19:19:10+00:00,SC / São Francisco do Sul,https://g1.globo.com/sc/santa-catarina/noticia/2026/06/21/dono-de-imovel-tera-que-indenizar-familia-de-menina-morta-ao-cair-de-vaso-sanitario-em-sc.ghtml,outros,90
Cliente é preso por tentar matar garota de programa após ser cobrado em Boa Vista,2026-06-21T19:07:31+00:00,RR / Boa Vista / São Francisco,https://g1.globo.com/rr/roraima/noticia/2026/06/21/cliente-e-preso-por-tentar-matar-garota-de-programa-apos-ser-cobrado-em-boa-vista.ghtml,homicidio,95
"Falta de professores deixa alunos sem aulas em escolas e CMEIs de Teresina: 'só dois dias por semana', diz pai",2026-06-21T19:01:08+00:00,PI / Teresina,https://g1.globo.com/pi/piaui/noticia/2026/06/21/falta-de-professores-escolas-cmeis-teresina.ghtml,outros,100
Polícia encontra arma escondida em caixa de livros em Governador Valadares,2026-06-21T18:59:13+00:00,MG / Governador Valadares / Santa Rita,https://g1.globo.com/mg/vales-mg/noticia/2026/06/21/policia-encontra-arma-escondida-em-caixa-de-livros-em-governador-valadares.ghtml,policia,90
Passageiro de ônibus é preso com 600 perfumes e eletrônicos contrabandeados na BR-364,2026-06-21T18:58:30+00:00,MT / Alto Araguaia,https://g1.globo.com/mt/mato-grosso/noticia/2026/06/21/passageiro-de-onibus-e-preso-com-600-perfumes-e-eletronicos-contrabandeados-na-br-364.ghtml,outros,95
Tamanduá fica preso em portão de residência e é resgatado em Estância,2026-06-21T18:57:10+00:00,SE / Estância / Alecrim,https://g1.globo.com/se/sergipe/noticia/2026/06/21/tamandua-fica-preso-em-portao-de-residencia-e-e-resgatado-em-estancia.ghtml,outros,100
Chefe de facção na Região Metropolitana de Fortaleza é preso,2026-06-21T18:18:46+00:00,CE / Caucaia,https://g1.globo.com/ce/ceara/noticia/2026/06/21/chefe-de-faccao-na-regiao-metropolitana-de-fortaleza-e-preso.ghtml,faccao,95
Motociclista morre atropelada por ônibus do BRT em acidente grave em Ananindeua,2026-06-21T18:15:13+00:00,PA / Ananindeua / Águas Brancas,https://g1.globo.com/pa/para/noticia/2026/06/21/onibus-do-brt-invade-calcada-e-destroi-telhados-em-acidente-grave-em-ananindeua.ghtml,homicidio,90
Detento se entrega espontaneamente após escapar de Conjunto Penal na Bahia durante reparo na rede elétrica,2026-06-21T18:11:53+00:00,BA / Feira de Santana,https://g1.globo.com/ba/feira-de-santana-regiao/noticia/2026/06/21/detento-que-escapou-de-conjunto-penal-na-bahia-durante-reparo-na-rede-eletrica-e-recapturado.ghtml,policia,95
Guarda Municipal impede assalto e prende dupla na Serraria - Prefeitura de Maceió,2026-06-21T18:03:00+00:00,AL / Maceió / Serraria,https://news.google.com/rss/articles/CBMinwFBVV95cUxOQmJENk1fTkZSU2YzNW5Ncm1vMUpQYkJPTm5LaFZTczlwcEdRZ1FZNDNhSF9rd19ITEtYY0lpRVkwcHM4WkZMcnBLQ2g2TnAtdkhUdFhIbDNWMm5hNWFMdmZPaURBdV85cDIzVEd3RFZURXZTbXVSdUdiUENWcVJMendXbHI5bHJpQkhjeElnY3hORmdUNVF2Qi1fWGVtMDg?oc=5,policia,95
Guarda Municipal frustra assalto e detém dois suspeitos na Serraria - Tribuna do Agreste,2026-06-21T18:03:00+00:00,AL / Maceió / Serraria,https://news.google.com/rss/articles/CBMixgFBVV95cUxQd0FGRU94d2tyMnlnRjR3T1hTUks5aUs4UjZSQUNubUo2QWM2VzJ0VEp3aHpVMHFPbHFRa3dOdzRfdDdBWEtYaXhSSDI3a3hYZ2I5b0NIWFBWbHJ1cmhhQzE1RkpnVlpmWDRfRkRMTXp0ZTdZNThqLURPZFpBcllpWHFDVGJucUdtcEdwVkI0RVZOZEtqWWZlTEdvQkg0WXVxaTM1ejRTYk9kNV9zYTZ1RjB5YW9ZWEtFQWdzVGQxM1N2WW1vMlE?oc=5,policia,95
Engavetamento na BR-316 em Teresina envolve sete veículos; testemunhas citam racha,2026-06-21T17:58:04+00:00,PI / Teresina,https://g1.globo.com/pi/piaui/noticia/2026/06/21/engavetamento-br-316-teresina-racha.ghtml,veiculo,85
Suspeito de tentar sequestrar criança em São Paulo é preso e admite crime - VEJA,2026-06-21T17:50:54+00:00,SP / São Paulo,https://news.google.com/rss/articles/CBMiqwFBVV95cUxOVmNiR2tSbWUxekR4bVdkZkhIRWx4eHJhdHlnWWhGN1hNUjR0YXBIUlpCeTF5WEx6MVBXZmlPZVB4SGQ4LUo4ZlVjNmdBa0R2d0ZZN2ZoZVpoSm9HLTU2UXQ3Ti1fRXotOGxtVmE5VGhYbXRfOXNoNjhpMGwzQ3Zua1d5OXlBMW4yaUZfTm4xT01Vd3JheTlrRHFadFNyWjRHWTVhdWJNSDhBTFU?oc=5,sequestro,95
"Com uma hora de diferença, duas pessoas morrem em batidas de moto contra postes em Cuiabá",2026-06-21T17:46:57+00:00,MT / Cuiabá / Tijucal,https://g1.globo.com/mt/mato-grosso/noticia/2026/06/21/com-uma-hora-de-diferenca-duas-pessoas-morrem-em-batidas-de-moto-contra-postes-em-cuiaba.ghtml,veiculo,95
"Exames mostram melhora na saúde de menina de 11 anos picada por escorpião no DF, diz família",2026-06-21T17:46:51+00:00,DF / Brasília,https://g1.globo.com/df/distrito-federal/noticia/2026/06/21/exames-apontam-melhora-no-quadro-de-menina-picada-por-escorpiao-em-tenis-no-df-diz-familia.ghtml,outros,90
Reeducando volta a ser preso após roubo de dois carros em Maceió - TNH1,2026-06-21T17:45:04+00:00,AL / Maceió,https://news.google.com/rss/articles/CBMiowFBVV95cUxOUHFRdHAwU2diM0RORUR5aDl2cktMemQtTlNTYUZNUzVjcENMUy05dTFIU1pPMEVxUzE3Z1dqX01zVEZMZXQ4bDV0bDQyWjRpaDVaSTdXeGhWendnWGNvWmNGVURlZkZ3R3p1N2tuTUJQbjgyOWs0eEtuV3hNcG54RVd2NHFCVnJCN1Q4UW9TMXdScW4zRUJKcmNCRVRWdkFBZUx30gGeAUFVX3lxTFBXNTlKa3RrY1FfOHNBa056SDhEWnlvMURrVmRGbVNqTjZxYXpkWmdUamJGQlF6UXpiVVBaTzNtLUFqUER6M2Y4MWNZaGRTcGZtWFROd1JyVk0tREo1bEdZaENFaUYtUTJiT1JEX0pDVXVlaDFIWU9IN1BGc2J0Z1Y4SU5WUnlINmgzbjZHSm1WNThIS3Vpc0FVeWxTT2dR?oc=5,roubo,95
Tenente do Corpo de Bombeiros morre após sofrer choque elétrico durante pescaria em Rio Branco,2026-06-21T17:41:44+00:00,AC / Rio Branco / Estrada do Quixadá,https://g1.globo.com/ac/acre/noticia/2026/06/21/tenente-do-corpo-de-bombeiros-morre-apos-sofrer-choque-eletrico-durante-pescaria-em-rio-branco.ghtml,homicidio,95
Volkswagen abre inscrições para o processo seletivo do programa global trainee 2026,2026-06-21T17:33:05+00:00,RJ / Resende,https://g1.globo.com/rj/sul-do-rio-costa-verde/noticia/2026/06/21/volkswagen-abre-inscricoes-para-o-processo-seletivo-do-programa-global-trainee-2026.ghtml,outros,100
Homem é preso suspeito de atear fogo na casa de ex-companheira dois dias depois de ela receber medida protetiva,2026-06-21T17:30:09+00:00,SP / Votorantim / Jardim Novo Mundo,https://g1.globo.com/sp/sorocaba-jundiai/noticia/2026/06/21/homem-e-preso-suspeito-de-atear-fogo-na-casa-de-ex-companheira-dois-dias-depois-dela-receber-medida-protetiva.ghtml,violencia,95
"Motorista é preso com carro furtado e placa clonada durante fiscalização em na MGC-423, em MG",2026-06-21T17:23:24+00:00,MG / Nova Serrana,https://g1.globo.com/mg/centro-oeste/noticia/2026/06/21/motorista-e-preso-com-carro-furtado-e-placa-clonada-durante-fiscalizacao-em-mg.ghtml,furto,100
Homem é preso por descumprimento de medida protetiva em Barra do Piraí,2026-06-21T17:21:16+00:00,RJ / Barra do Piraí / Ipiabas,https://g1.globo.com/rj/sul-do-rio-costa-verde/noticia/2026/06/21/homem-e-preso-por-descumprimento-de-medida-protetiva-em-barra-do-pirai.ghtml,violencia,85
Motorista sem habilitação é preso pela PRF com carro furtado em MG,2026-06-21T17:14:12+00:00,MG / Bom Despacho,https://g1.globo.com/mg/minas-gerais/noticia/2026/06/21/motorista-sem-habilitacao-e-preso-pela-prf-com-carro-furtado-em-mg.ghtml,furto,95
Homem é preso suspeito de assaltar criança de 9 anos no Amazonas,2026-06-21T17:11:22+00:00,AM / Manacapuru,https://g1.globo.com/am/amazonas/noticia/2026/06/21/homem-e-preso-suspeito-de-assaltar-crianca-de-9-anos-no-amazonas.ghtml,roubo,95
Motociclista vai a julgamento nesta segunda (22) por morte de passageiro atropelado por ônibus,2026-06-21T17:11:11+00:00,CE / Fortaleza,https://g1.globo.com/ce/ceara/noticia/2026/06/21/motociclista-vai-a-julgamento-nesta-segunda-22-por-morte-de-passageiro-atropelado-por-onibus.ghtml,homicidio,95
Diretora de escola e companheira são encontradas mortas em Anápolis,2026-06-21T17:07:55+00:00,GO / Anápolis,https://g1.globo.com/go/goias/noticia/2026/06/21/diretora-de-escola-e-companheira-sao-encontradas-mortas-em-anapolis.ghtml,homicidio,100
Policial penal é investigada por suposta falha que permitiu fuga de preso suspeito de matar jovem e ocultar corpo em Teresina,2026-06-21T17:02:49+00:00,PI / Teresina / Zona Sul,https://g1.globo.com/pi/piaui/noticia/2026/06/21/policial-penal-investigada-suposta-falha-fuga-preso-teresina.ghtml,homicidio,90
Homem é encontrado morto com marcas de faca em rua de Araguaína,2026-06-21T17:02:28+00:00,TO / Araguaína / Setor Maracanã,https://g1.globo.com/to/tocantins/noticia/2026/06/21/homem-e-encontrado-morto-com-marcas-de-faca-em-rua-de-araguaina.ghtml,homicidio,100
Mecânico que desapareceu após sair do trabalho é encontrado morto,2026-06-21T16:54:19+00:00,GO / Goiânia,https://g1.globo.com/go/goias/noticia/2026/06/21/mecanico-que-desapareceu-apos-sair-do-trabalho-e-encontrado-morto.ghtml,homicidio,95
Incêndio atinge fábrica de calçados em Frei Paulo,2026-06-21T16:42:09+00:00,SE / Frei Paulo,https://g1.globo.com/se/sergipe/noticia/2026/06/21/incendio-atinge-fabrica-de-calcados-em-frei-paulo.ghtml,violencia,75
Suspeito de tentar sequestrar criança em SP admite crime: “Eu mesmo” Veja vídeo - Metrópoles,2026-06-21T16:42:00+00:00,SP / São Paulo,https://news.google.com/rss/articles/CBMihAFBVV95cUxNMWRKMzYxYjg2OEpXbDZkNlN1eXV2R3ZjN3RPZHBOc2FEU21ObnQ3a0NuTmMtWktGS0JyZXlHa3Z5S1NUWUhjQy1DZm0wTkxQbVdKX3RaLXpmVV9PNWJ0UjhZRzZGb2pnVHFsTUlpaXY3RmlSUjFSWDZoLTljbmZWXy1PSlQ?oc=5,sequestro,95
Dois morrem carbonizados após carro bater em árvore e pegar fogo em rodovia de MS,2026-06-21T16:40:19+00:00,MS / Dourados / Panambi,https://g1.globo.com/ms/mato-grosso-do-sul/noticia/2026/06/21/dois-morrem-carbonizados-apos-carro-bater-em-arvore-e-pegar-fogo-em-rodovia-de-ms.ghtml,homicidio,95
Duas perseguições em menos de 24h na MG-173 terminam com prisões no Sul de MG,2026-06-21T16:37:20+00:00,MG / Sapucaí-Mirim,https://g1.globo.com/mg/sul-de-minas/noticia/2026/06/21/video-motorista-embriagado-foge-por-11-km-na-mg-173-invade-contramao-e-e-preso-apos-perseguicao-em-mg.ghtml,policia,95
Motociclista morre após ser atingido por carro que invadiu a contramão na BR-471,2026-06-21T16:30:32+00:00,RS / Rio Pardo,https://g1.globo.com/rs/rio-grande-do-sul/noticia/2026/06/21/motociclista-morre-apos-ser-atingido-por-carro-que-invadiu-a-contramao-na-br-471.ghtml,veiculo,85
Crime em Sena Madureira: Homem é morto a facadas na zona rural e suspeito é detido por moradores - o rio branco,2026-06-21T16:21:27+00:00,AC / Sena Madureira / Zona Rural,https://news.google.com/rss/articles/CBMiuwFBVV95cUxOT1UtdTR0TVVZbFBZOEtaRFlkbDJ4UlhNNThzZDB0emZkeFQyU0t4dnZqaVpXVjE2QVljYW9sT3JXajJhbl9yMVVPa1Y2SVU2anFJaVppQ0phOWRjbWRabklxNE5SaWtpYnFCbkxlNHJNRkRCc1pGVnJzMzFSZ2Jqc3UtTnJXUXN5ajk3QjdCNUxacHZEcVBPbDdTYkZwWm9lYlhEc2RvdkpLMlVrSjJ5ZnNOUzZTYTVJenhZ?oc=5,homicidio,100
"""Casa caiu"": suspeito de sequestrar criança admite crime em SP; veja vídeo - CNN Brasil",2026-06-21T16:18:19+00:00,SP / São Paulo,https://news.google.com/rss/articles/CBMivAFBVV95cUxPbFN1S3p2d1FqTHc5ZlNSNUtEdW9CWG9WM2ljejE4OFRFdGRsSU1MaV9ySFJaNW5SOHBZQjdGVzlFaktha2owSE93TzJPOHFzYXVlbHlLZUNUUnNCcE0wWnZGZ0d4SWFISm05QWs5WHJOU3NGaG5RTVhqQWo2a21Oakx4T24xRXVIcTlfZ3dNOEVqTXFuRFRUdExmaEs4X0RpMmhSUjMta04wSWJaWllUM2ZZdnBNU3R6bjRfNw?oc=5,sequestro,100
Condenado a quase 70 anos por estupro é preso em caminhão na MG-164,2026-06-21T16:11:59+00:00,MG / Bom Despacho,https://g1.globo.com/mg/centro-oeste/noticia/2026/06/21/condenado-a-quase-70-anos-por-estupro-e-preso-em-caminhao-na-mg-164.ghtml,policia,95
Mistério cerca morte de ator em motel mesmo com causa revelada em Campo Grande,2026-06-21T16:11:10+00:00,MS / Campo Grande,https://g1.globo.com/ms/mato-grosso-do-sul/noticia/2026/06/21/mesmo-com-causa-revelada-morte-de-ator-em-motel-intriga-policia-de-campo-grande.ghtml,homicidio,90
Homem é esfaqueado na cabeça em Volta Redonda,2026-06-21T16:06:11+00:00,RJ / Volta Redonda / Vila Santa Cecília,https://g1.globo.com/rj/sul-do-rio-costa-verde/noticia/2026/06/21/homem-e-esfaqueado-na-cabeca-em-volta-redonda.ghtml,violencia,85
Polícia Civil realiza operação contra atuação irregular de flanelinhas em São Luís,2026-06-21T16:04:58+00:00,MA / São Luís,https://g1.globo.com/ma/maranhao/noticia/2026/06/21/policia-civil-realiza-operacao-contra-atuacao-irregular-de-flanelinhas-em-sao-luis.ghtml,policia,95
Homem é preso suspeito de envolvimento em latrocínio contra professora aposentada na Bahia,2026-06-21T15:54:48+00:00,BA / Santa Rita de Cássia / Fazenda Ipê,https://g1.globo.com/ba/bahia/noticia/2026/06/21/homem-e-preso-suspeito-de-envolvimento-em-latrocinio-contra-professora-aposentada-na-bahia.ghtml,homicidio,95
Polcia prende segundo suspeito pela morte de PM em roubo de bicicleta na zona leste de SP,2026-06-21T12:53:00-03:00,SP / São Paulo / Zona Leste,https://redir.folha.com.br/redir/online/cotidiano/rss091/*https://www1.folha.uol.com.br/cotidiano/2026/06/policia-prende-segundo-suspeito-pela-morte-de-pm-em-roubo-de-bicicleta-na-zona-leste-de-sp.shtml,homicidio,100
"Minério derramado em rio do AP após acidente com caminhão não oferece contaminação, diz Sema",2026-06-21T15:46:43+00:00,AP / Pedra Branca do Amapari / Água Fria,https://g1.globo.com/ap/amapa/noticia/2026/06/21/minerio-derramado-em-rio-do-ap-apos-acidente-com-caminhao-nao-oferece-contaminacao-diz-sema.ghtml,outros,95
"“Não foi acidente, foi crime”, diz ADC sobre ciclista que morreu atropelado em Divinópolis - Portal Gerais",2026-06-21T15:33:32+00:00,MG / Divinópolis,https://news.google.com/rss/articles/CBMisgFBVV95cUxOazBhYVZJcDJ1NDlvYkpUVUV2U3lJbGYybVN3WmZ0MVZXU1cxQWJ1anp0RlNCU0RVZW5Fcm82SUk0a0NBam1KMDJOY0N6TWI1MWVxVTNBTm1YUE5DZm51UGhaQzZ5Q2lxYzFUX2JNQXhRRU5hVGhoek5Cc3Nfamt1a1VzcEQ3eHZydXRiem9KV1VNczloNEc1MmJ3TkJocDNrbEU4ay1jSF80eEhPYUI0aUdR?oc=5,homicidio,100
Divinópolis tem alta de mais de 30% em violações contra idosos em 2026; veja como denunciar,2026-06-21T15:28:14+00:00,MG / Divinópolis,https://g1.globo.com/mg/centro-oeste/noticia/2026/06/21/divinopolis-tem-alta-de-mais-de-30percent-em-violacoes-contra-idosos-em-2026-veja-como-denunciar.ghtml,violencia,95
Homem é morto a tiros dentro de casa em Volta Redonda,2026-06-21T15:23:58+00:00,RJ / Volta Redonda / Água Limpa,https://g1.globo.com/rj/sul-do-rio-costa-verde/noticia/2026/06/21/homem-e-morto-a-tiros-dentro-de-casa-em-volta-redonda.ghtml,homicidio,100
Homem é morto a tiros dentro de casa em Volta Redonda - G1,2026-06-21T15:23:58+00:00,RJ / Volta Redonda,https://news.google.com/rss/articles/CBMiwwFBVV95cUxNY2N1ZjNUMVJ0aUpTdEEydWNFekxHcnlGcTRobjQxUU1WaldlQUdwOURIVFBWVnFQeWhsTkU5U1gtcnBYdUlnbW1fYllpbnlIZGpRSkR0VFhCeEVsQ0NJUWwwZXNhSjZhQXM4NnV1M2ItVGJPS3FaTEpsb01iSXZfZHIzUFk1ZXNiakRrS0lJLUtlTXV3ZDFKNC1EYUdQZXhFV21NQ0hhNkp0Rlp3U3FULV9HY29kZVRQQUpZeDZMblJfVzDSAdIBQVVfeXFMUEJRYnJ5bkY4TV9UWXBtZnFNMWhNQjUtYXY1OHhJZkJwTGphbHpPbk1yQ01yX1FBZGZPdlI2eHRQSnU2T0R2ME9ndDFoM2htamJ1MXdydHAyM3V5RFpraUk5dW5QbDR5SnBLSHdPZmtpVWk2VFZwZ1gyWHZfakZnRU82SUgtQlpKeWV3OTRqTDhuejVKbldSbTBhOHJIWktiSW81MUE4bkhLdl9uQkxGZUQzVDh1TkRxLVpFQktNWnAzSzlsR1kzLXhIenZvYlNZU0pR?oc=5,homicidio,100
Empresa pioneira em Rondônia transforma gordura de avestruz em suplemento,2026-06-21T15:20:56+00:00,RO / Mirante da Serra,https://g1.globo.com/ro/rondonia/noticia/2026/06/21/empresa-pioneira-em-rondonia-transforma-gordura-de-avestruz-em-suplemento.ghtml,outros,90
Jovem é morto a tiros enquanto assistia ao jogo do Brasil na zona rural de São Luís - G1,2026-06-21T15:19:43+00:00,MA / São Luís / Zona Rural,https://news.google.com/rss/articles/CBMi2AFBVV95cUxQbE5EX1kzM1Fvbk5aSlBlendsZnNLMGtibHQyMnRMMUZrMWllUmQ0Nng1bmdUTVhZT3VtUV9rVlRLOU9ZeWpPdEdROFZzakxfamtfVkJEdmdaZHVnb05vcDNYX0ctNlEyNDc5Y3I5REotVEktbHFuY0NqYl9CU253dlpaeE15Y2ZmQWM4Zk5kaVJhRXJ3RG1vYkZVUC1MN0FaMDNEbjJlQkFJbFVLa3pZNzZsMFZGR040YkJvWFo4TWRlaEpuNUJVU19DVnBfUnN6eFB3OU9ZQWzSAecBQVVfeXFMT2l0ZkRyRVdIY2dPMm1QT3I3dEZMLXM4TFUtVGlIMS1aQ3RuNGR4MlhBZzZWUXhnQzI5bHdxSnhpTHgwUE9tRGxLbHg5OTZPd2w1RmQ4Sm5rdlBpeGE2RjlmbGtETU9VTDNQZWt6cV91VGprdlZTRDY1Q0k2NEhhUU9jNkNxZ0lTVmNmQnZDZkFjS1NEX0FiN202RUktLWJKd0dXYnR5RkZGU1poRTFiWHF5czk3WHZKdGcxWDNCcmM1Rkh3b0RaY0dKVTMtQWptanV0cl9hRWpQT2owUTg5QzJmM0JTYkY4?oc=5,homicidio,100
GCM de Sorocaba detém quatro pessoas por roubo e recupera celular da vítima na Região Central - Prefeitura de Sorocaba,2026-06-21T14:56:57+00:00,SP / Sorocaba / Região Central,https://news.google.com/rss/articles/CBMiygFBVV95cUxPSUVSWjhpWVVmRG1HUXlzS2RyQmxWODJhWXR0cjU1SWJKa3B1aFBsSEY2Sm5ENDdTTWFFNW9FMjJ4eDZ5VUJrNHhhUVk4SW9nWWU4Rjl1NmI0VmxNanVybXBJVGFnXzhnS1VHZDlncVlHV0M5aEZYQ1dHOXJsTjI1bHYwblVpYmZqNXlpLVVYN0RYOG9PRk12eE1taWF5UE51X2RiQkI2TVBGS0FBWHZ1QkdCUlJyWnhna3hKMkd5UEZ3bWl6NzRIRlhn?oc=5,policia,95
"Falta d'água afeta 16 bairros de Belém neste domingo, 21, após tubulação romper novamente",2026-06-21T14:47:50+00:00,PA / Belém,https://g1.globo.com/pa/para/noticia/2026/06/21/falta-dagua-afeta-16-bairros-de-belem-neste-domingo-21-apos-tubulacao-romper-novamente.ghtml,outros,95
"Homens invadem residência, executam mulher e tentam matar marido em Maracaju",2026-06-21T14:42:30+00:00,MS / Maracaju,https://g1.globo.com/ms/mato-grosso-do-sul/noticia/2026/06/21/homens-invadem-residencia-executam-mulher-e-tentam-matar-marido-em-maracaju.ghtml,homicidio,100
"VÍDEO: Câmera de segurança flagra acidente após motociclista perder controle da direção em Passos, MG",2026-06-21T14:40:52+00:00,MG / Passos / Jardim Califórnia,https://g1.globo.com/mg/sul-de-minas/noticia/2026/06/21/acidentes-transito.ghtml,outros,100
Paraíba tem 12 feminicídios registrados em cinco meses de 2026,2026-06-21T14:39:44+00:00,PB / João Pessoa,https://g1.globo.com/pb/paraiba/noticia/2026/06/21/paraiba-tem-12-feminicidios-registrados-em-cinco-meses-de-2026.ghtml,homicidio,100
Formada na Europa e trabalhando com carvão: por que vídeo de tocantinense viralizou mais de 13 milhões de vezes,2026-06-21T14:36:19+00:00,TO / Almas,https://g1.globo.com/to/tocantins/noticia/2026/06/21/formada-na-europa-e-trabalhando-com-carvao-por-que-video-de-tocantinense-viralizou-mais-de-13-milhoes-de-vezes.ghtml,outros,90
Operadora de caixa é presa por suspeita de usar cartão fidelidade de idoso em Paraíba do Sul,2026-06-21T14:20:41+00:00,RJ / Paraíba do Sul / Centro,https://g1.globo.com/rj/sul-do-rio-costa-verde/noticia/2026/06/21/prisao-em-paraiba-do-sul.ghtml,fraude,95
Selo 'Amigo dos Pets' incentiva doações em Uberlândia; saiba quem pode receber,2026-06-21T14:10:20+00:00,MG / Uberlândia,https://g1.globo.com/mg/triangulo-mineiro/noticia/2026/06/21/selo-amigo-dos-pets-incentiva-doacoes-em-uberlandia-saiba-quem-pode-receber.ghtml,outros,100
"Ônibus perde freio e bate na mureta da Ponte do Bragueto, no DF; empresa nega problema mecânico",2026-06-21T14:08:51+00:00,DF / Sobradinho / Ponte do Bragueto,https://g1.globo.com/df/distrito-federal/noticia/2026/06/21/onibus-perde-freio-e-bate-na-mureta-da-ponte-do-bragueto.ghtml,outros,85
Faixa da Avenida Rodrigo Otávio será interditada em Manaus,2026-06-21T13:56:23+00:00,AM / Manaus / Zona Sul,https://g1.globo.com/am/amazonas/noticia/2026/06/21/avenida-rodrigo-otavio-tera-mudancas-no-transito-a-partir-desta-segunda-feira-22-em-manaus-confira.ghtml,outros,100
Polcia apreende celulares de pais de menino morto sob suspeita de envenenamento no RJ,2026-06-21T10:49:00-03:00,RJ / Rio de Janeiro,https://redir.folha.com.br/redir/online/cotidiano/rss091/*https://www1.folha.uol.com.br/cotidiano/2026/06/policia-apreende-celulares-de-pais-de-menino-morto-sob-suspeita-de-envenenamento-no-rj.shtml,homicidio,95
Homem é preso em Macapá suspeito de esconder carros roubados para grupo criminoso,2026-06-21T13:39:18+00:00,AP / Macapá / Muca,https://g1.globo.com/ap/amapa/noticia/2026/06/21/homem-e-preso-em-macapa-suspeito-de-esconder-carros-roubados-para-grupo-criminoso.ghtml,veiculo,90
"Polícia apreende 1,4 tonelada de maconha escondida em galões metálicos em Campo Grande",2026-06-21T13:38:35+00:00,MS / Campo Grande / Rodoanel Viário,https://g1.globo.com/ms/mato-grosso-do-sul/noticia/2026/06/21/policia-apreende-14-tonelada-de-maconha-escondida-em-galoes-metalicos-em-campo-grande.ghtml,trafico,95
Idoso condenado por estupro de vulnerável é preso em Resende,2026-06-21T13:37:21+00:00,RJ / Resende,https://g1.globo.com/rj/sul-do-rio-costa-verde/noticia/2026/06/21/idoso-condenado-por-estupro-de-vulneravel-e-preso-em-resende.ghtml,policia,90
Dois detentos morrem após confusão entre presos na Penitenciária I de Potim,2026-06-21T13:35:05+00:00,SP / Potim,https://g1.globo.com/sp/vale-do-paraiba-regiao/noticia/2026/06/21/dois-detentos-morrem-em-briga-entre-presos-na-penitenciaria-i-de-potim.ghtml,homicidio,95
Suspeito é preso após perseguir casal e ferir mulher com faca em Manaus,2026-06-21T13:23:07+00:00,AM / Manaus / Praça 14 de Janeiro,https://g1.globo.com/am/amazonas/noticia/2026/06/21/suspeito-e-preso-apos-perseguir-casal-e-ferir-mulher-com-faca-em-manaus.ghtml,violencia,95
Trabalhador morre em acidente entre caminhão-pipa e caminhonete em mina de Congonhas,2026-06-21T13:21:17+00:00,MG / Congonhas / Casa de Pedra,https://g1.globo.com/mg/minas-gerais/noticia/2026/06/21/morte-acidente-caminhao-caminhonete-mina-mg.ghtml,veiculo,95
Criança de 8 anos morre após ser atingida por tiro dentro de casa em Natal,2026-06-21T13:09:46+00:00,RN / Natal / Guarapes,https://g1.globo.com/rn/rio-grande-do-norte/noticia/2026/06/21/crianca-de-8-anos-morre-apos-ser-atingida-por-tiro-dentro-de-casa-em-natal.ghtml,homicidio,95
"Homem é preso com 1,8 mil garrafas de vinho avaliadas em R$ 600 mil e nota de suco de uva",2026-06-21T13:07:25+00:00,SP / Barra do Turvo,https://g1.globo.com/sp/santos-regiao/noticia/2026/06/21/homem-e-preso-com-18-mil-garrafas-de-vinho-avaliadas-em-r-600-mil-e-nota-de-suco-de-uva.ghtml,policia,95
Homem é morto a tiros e outro fica ferido em Caxias do Sul - Clic Camaquã,2026-06-21T13:00:46+00:00,RS / Caxias do Sul,https://news.google.com/rss/articles/CBMimAFBVV95cUxQdkppQUhEbDlwT0RCU1hUTjJSbl91eTIxYnhNNVh5LURjNHhibG9qa2FlS2xydW5MOFlhZm45Mzc0TGJhYmNQQXhMeXlNVXFDbjJva0xFdUY0eGlIUVk3NWoyR1RjY3U5b21wUkVkU1ZISkU5VTBHVE05clc4WVZtYjNGbXdleWJYOHhjQUFPdGJySVRjWGFNQg?oc=5,homicidio,100
Suspeito de tentar sequestrar criança em SP admite crime e diz que se escondia por medo de ser morto,2026-06-21T12:58:23+00:00,SP / São Paulo / Guaianases,https://g1.globo.com/sp/sao-paulo/noticia/2026/06/21/suspeito-de-tentar-sequestrar-crianca-em-sp-admite-crime-e-diz-que-se-escondia-por-medo-de-ser-morto.ghtml,sequestro,100
Suspeito de tentar sequestrar criança em SP admite crime e diz que se escondia por medo de ser morto - G1,2026-06-21T12:58:23+00:00,SP / São Paulo,https://news.google.com/rss/articles/CBMi8AFBVV95cUxQRDBSLTRaTXFPaHo1WTJvTHlfbDU1cnZ3ZVp3Wkh2bTI4UTZad1ZxWVVPUk5qY25BQ2FVWE5PV1V6dnFMWnB0WWRZZnhkU243RjBrN3ZXUkxxUlRucDA2NDlhTGtSZmhxQ3FmdUpneG1BUXphZlpZMlVfX2czZTBXWHJGdE8xT0w2NG1UUUxISkc4VXhqakQ5Smo2MU5yTEJDRExERElaa0tyVVhzSmctbzdRVURXWWJtSTBJWTdGbmQ3TEtqZzJUN091cTNpRThpZVVqRWwxRVBFUVNFVm50M3pCUEJNSEZuelVTOFUydDPSAf8BQVVfeXFMTm95c0FpeEowbHNqYW0wcnY2aEpYaUhvOHM3OC0yMTMyRUFmclVlOXNRVnA0bzRSQWVZYzh0WHlfVXo1VEJKaVZwOXFrdU9zaWNQeTlicTkxZU1HNEZxZDRTNjh2UWdHVk9FNzBWRl9vMmtWYktMTnlUNmhEWWk4NkJFMEtuM3lWb255Tnc5c1hucUJEYmc0aVNmTmFvb1FSaHFVT3VUQW5kNFpHd0M0ZUtFeS12TFVHRjMtcWJEZklXa2Q2dWJRM3ZYTkFFLVZLaWl1NjgxMXZ2ZmR0V3JOU2laazhzdWxrUXR3c3pUMm9QbjhkcTNNMW1uMnZVUHhn?oc=5,sequestro,95
Homem morre após ser baleado durante confusão no interior de SP,2026-06-21T12:45:39+00:00,SP / Araras,https://g1.globo.com/sp/sao-carlos-regiao/noticia/2026/06/21/homem-morre-apos-ser-baleado-durante-confusao-no-interior-de-sp.ghtml,homicidio,100
Execução em Maceió: Homem é assassinado com 3 tiros nas costas por criminosos - Alagoas 24 Horas,2026-06-21T12:43:00+00:00,AL / Maceió,https://news.google.com/rss/articles/CBMiuwFBVV95cUxPdmZneDdMd3ZVOUxvNE9VaXRCQ1p6RXFKa21US1Vta2RLbzV4YkNQTjItaTdFa0pjc1VOUmFtZkluOURnZndqYjMzLXRYVjNyZjJDWkZlTFJ2MlVGOFpDU2VOV3Fvang0NjBiQ09lc3RhRGxJX01uWjA5Qzg1c0ZXUG0xaTY2SGliVGM1djI4QUNGN2JHcjAyazV3Q0dwODJUUC1HeXlwOUtwYXJOTDRmR2hubmpobkZrRWhz0gHAAUFVX3lxTE0zc25aeDhob1YteTRxZmR2Tk92aXY2Vi1kRXhYeTJTNVdORy1HVUJ2eGZNTGZnZWtNcE91eGFWaVp4UFJBZlhuMVpyTTgxQkVwVnJOeUxraXUzbWFEcHJiUVZtWHN6STZubEhTd01RdEtyRUFCcUZfRF9fU1VKVGk1RTJXWWlkaGRkX3hXWmdMVWtQVGdOamlLakZBTmk0VzBvd1lYTGEzNnVxWG91ZC1nbTZXRDZjRDJGRml1UElReA?oc=5,homicidio,100
Suspeito de estupro de vulnerável é preso ao tentar embarcar em aeroporto de Manaus,2026-06-21T12:34:42+00:00,AM / Manaus,https://g1.globo.com/am/amazonas/noticia/2026/06/21/suspeito-de-estupro-de-vulneravel-e-preso-ao-tentar-embarcar-em-aeroporto-de-manaus.ghtml,estupro,95
Inverno inicia com previsão de ser chuvoso e um pouco mais quente no Paraná; veja o que dizem os meteorologistas,2026-06-21T12:25:02+00:00,PR / Ponta Grossa,https://g1.globo.com/pr/campos-gerais-sul/noticia/2026/06/21/inverno-inicia-com-previsao-de-ser-chuvoso-e-um-pouco-mais-quente-no-parana-veja-o-que-dizem-os-meteorologistas.ghtml,outros,100
"Professora de 40 anos morre após colisão frontal entre moto e carro na BR-316, em Valença do Piauí",2026-06-21T12:12:12+00:00,PI / Valença do Piauí,https://g1.globo.com/pi/piaui/noticia/2026/06/21/mulher-morre-colisao-carro-motocicleta-br-316.ghtml,homicidio,95
Julgamento de PMs por morte de delator do PCC em aeroporto comea com suspeitos foragidos,2026-06-21T09:00:00-03:00,SP / Guarulhos / Aeroporto Internacional de São Paulo,https://redir.folha.com.br/redir/online/cotidiano/rss091/*https://www1.folha.uol.com.br/cotidiano/2026/06/julgamento-de-pms-por-morte-de-delator-do-pcc-em-aeroporto-comeca-com-suspeitos-foragidos.shtml,homicidio,100
Papa Leão XIV faz homenagem a jovens mortos em acidente com time de basquete no Ceará; veja vídeo,2026-06-21T11:43:48+00:00,CE / Tauá,https://g1.globo.com/ce/ceara/noticia/2026/06/21/papa-leao-xiv-faz-homenagem-a-jovens-mortos-em-acidente-com-time-de-basquete-no-ceara-veja-video.ghtml,homicidio,90
VÍDEO: mulher é sequestrada na porta de salão de beleza na Zona Sul de SP,2026-06-21T11:36:40+00:00,SP / São Paulo / Vila Sônia,https://g1.globo.com/sp/sao-paulo/noticia/2026/06/21/video-mulher-e-sequestrada-na-porta-de-salao-de-beleza-na-zona-sul-de-sp.ghtml,sequestro,95
Joviânia elege novo prefeito e vice nesse domingo; entenda,2026-06-21T11:29:30+00:00,GO / Joviânia,https://g1.globo.com/go/goias/noticia/2026/06/21/joviania-elege-novo-prefeito-e-vice-nesse-domingo-entenda.ghtml,fraude,95
Duas apostas do Paraná acertam 5 números e são premiadas na Mega-Sena,2026-06-21T10:42:54+00:00,PR / Ponta Grossa,https://g1.globo.com/pr/campos-gerais-sul/noticia/2026/06/21/duas-apostas-do-parana-acertam-5-numeros-e-sao-premiadas-na-mega-sena.ghtml,outros,100
Renan Santos promete ‘desmantelar facções’ e diz que Belém terá ‘combate ao crime e desfavelização’ | Política | O Liberal - O Liberal,2026-06-21T10:20:24+00:00,PA / Belém,https://news.google.com/rss/articles/CBMi2wFBVV95cUxQSTZiRXVwSU13SlFCRUZLUzdQSG9Tb01PV1RmMURRcGRjdklOeGZiZV9DdUpRX2Y5WUQ5ZWFTYW9DTUM2RzNFNFo0LVRtc1J4X3RsSU5ueWwzREwtdy0zQ1NoTW1xeWVOOTg5dWI4TG1McGo0WG51R2tZd2ZvTnVDS2Fkalg0NTMzZ1ZscWpsR1VsUjdBTk5IYV90ZGppdmx2QnhrczAtazgwR1JxMVJYNDZIWGdZaHFpaERCdEc5U3VMRTdMU0pRZzJ2ZnM2azVsVG1LbW5GWnZnNUXSAdsBQVVfeXFMUEk2YkV1cElNd0pRQkVGS1M3UEhvU29NT1dUZjFEUXBkY3ZJTnhmYmVfQ3VKUV9mOVlEOWVhU2FvQ01DNkczRTRaNC1UbXNSeF90bElObnlsM0RMLXctM0NTaE1tcXllTjk4OXViOExtTHBqNFhudUdrWXdmb051Q0thZGpYNDUzM2dWbHFqbEdVbFI3QU5OSGFfdGRqaXZsdkJ4a3MwLWs4MEdScTFSWDQ2SFhnWWhxaWhEQnRHOVN1TEU3TFNKUWcydmZzNms1bFRtS21uRlp2ZzVF?oc=5,faccao,85
OVALE: SJC: morte de Rodolfo e Kátia faz 16 anos; matador está foragido - sampi.net.br,2026-06-21T09:56:27+00:00,SP / São José dos Campos,https://news.google.com/rss/articles/CBMiygFBVV95cUxNVWpjeWpDNHJLNkl6NkR5MDVLTFk3bHk1TFNod2pTQlFSTThBMzYzRWVpOEZhVFBWdDRRR2trQkxmdW5TV21HRjZjRVJleTZzRVU4bXY1WGV6M2tfYWUzS1VHOGxyVVBZUnpoTXNzenVnbl9naV9mbkVVRVBUcDNFMU1BbmVNRlNibHd2TzBXRjAzbmZwSlNoSHdTX25XMXFFdF9oZDZNb004aE5GWS15UDdma2tTeENYSEY3M3gwNzNmdmJlSjllV3dB?oc=5,homicidio,100
Vice-prefeita acusada de desviar R$ 41 mil para mãe de santo também responde por servidora fantasma,2026-06-21T09:16:34+00:00,SP / Ribeira,https://g1.globo.com/sp/santos-regiao/noticia/2026/06/21/vice-prefeita-acusada-de-desviar-r-41-mil-para-mae-de-santo-tambem-responde-por-servidora-fantasma.ghtml,fraude,100
Polícia identifica grupo que derrubou casal de moto e agrediu vítimas em SP,2026-06-21T09:16:19+00:00,SP / Peruíbe,https://g1.globo.com/sp/santos-regiao/noticia/2026/06/21/policia-identifica-grupo-que-derrubou-casal-de-moto-e-agrediu-vitimas-em-sp.ghtml,roubo,95
"RJ tem uma das populações inadimplentes mais envelhecidas do país, aponta estudo",2026-06-21T09:00:42+00:00,RJ / Rio de Janeiro,https://g1.globo.com/rj/rio-de-janeiro/noticia/2026/06/21/rj-tem-uma-das-populacoes-inadimplentes-mais-envelhecidas-do-pais-aponta-estudo.ghtml,outros,80
Do fuzil ao carro roubado: grupos de WhatsApp viram vitrine do crime - Extra online,2026-06-21T09:00:16+00:00,RJ / Rio de Janeiro,https://news.google.com/rss/articles/CBMizwFBVV95cUxQSDI2VExqUFA2Q3h0MFpDcWRKTW83UHhvSm11VkIyVGhmT1JvclpFdHgtNzRfMWNDWVl0SVFvb0l0TjBNWTg0RmRTU2VFekxRZl8yS1VNU1Naa0oxMUFuTmc0d1pKeVZLY3hqVlRfdjBvTUtJZEJvUmZYNUY4ZHFhM3hwZUpiN2IxMnJYZ2tJdHk0YWg0d1E2Ykl6SUR1SkM3eF9DUFpaS0s2VVZGVTZoVzVaRmE4bkUwTjE1cHdVdUthcGk5Q0FMLWZRelF3RnfSAd4BQVVfeXFMT3ctMnJNdjg1WEQ3UGVMM2dKWUhHM0ZRQV9KcmNVZ0ZoV1BnaG5QUHJzT05VVFZwSk9fLUF3OGw3MUVEa2NxSFlyaUZuMzBPOWktby1NNjZ5VEpDeXRRWFMxQm4wQ19BSnB1cHlZeHMzb2tEWGt4YnY0N2ZhdURVNmFjbXBJbDNjS0tFQ2pzTEM5enppUWNieTdSbVZYdEExbnlIN2ZvR2VZeV9vTk1uRmMtWDZTTGdBSFplM2pwaVZYQ0lOMmJwcWFKNmZuRkI4alJhYVFXZmhEUklCcTlB?oc=5,veiculo,85
"Caso Gritzbach, delator do PCC: o que dizem acusação, defesa e a sentença que mandou os PMs a júri - Estadão",2026-06-21T08:30:00+00:00,SP / São Paulo,https://news.google.com/rss/articles/CBMi0wFBVV95cUxOdXdhaXlBdU9PQVRTdTQ5aE1oMi1pX1pHTHk0WjN3Ul9GWE5xd0pZQWw3dl9FNnRWYXpLMkp4UmpZdnhkSURWckxxdTF0SExGdEVWUlNsSlE5cHNwbjhpQUdSbG5OTC1CZ0dhTnBvam1vODNuVS01R1dVZ3dpTFN2azJvbi1RYm9uM1QzQjlidGxHSl83N3QyVmtMVHNUZFE4ZU1qanl5TjJMR0xYNkp1OFlNNWM3YndZYllhOVFTWWd6WGc0Qk5KM3ZVX1dlekVKWjdB0gHYAUFVX3lxTE96M0ptWVBhZ1F4QW52bFNTU0hCWTA1ZDAyMWRGV0JNMW03Z2hQVkpKeUdaZ2tHaXY2d0JUaEREXzNabWtsQ0NFdzlqczlQY3ZFQ0hPWGZTMkNSd1Q3QjhUZ2ptQjg4SEo5bXlWNzU0dzQ3d2wwelQ0NllwazdJanhBNWVBclpmQXd6cXB6MXNfNWYtZE5ZR2tidjBnSWNIT0hTTmhFbU9sb0E4OThPVThPNjZucmlLNTNBY2I3dXBSRkphVmt6RlFOQWF6amFGVTlKSktaRXJueA?oc=5,homicidio,90
Menos frio e mais chuva na Serra de SC: como o El Niño vai afetar o inverno em uma das regiões mais geladas do Brasil,2026-06-21T08:24:08+00:00,SC / Serra de Santa Catarina,https://g1.globo.com/sc/santa-catarina/noticia/2026/06/21/el-nino-chuva-neve-o-que-esperar-inverno-serra-catarinense.ghtml,outros,100
Prefeitura do Rio sanciona lei que cria programa de educação financeira nas escolas municipais,2026-06-21T08:00:52+00:00,RJ / Rio de Janeiro,https://g1.globo.com/rj/rio-de-janeiro/noticia/2026/06/21/prefeitura-do-rio-sanciona-lei-que-cria-programa-de-educacao-financeira-nas-escolas-municipais.ghtml,outros,100
Bebê que sofreu queimaduras durante banho em maternidade completa 1 ano e família celebra recuperação no AC,2026-06-21T08:00:30+00:00,AC / Cruzeiro do Sul,https://g1.globo.com/ac/acre/noticia/2026/06/21/bebe-que-sofreu-queimaduras-durante-banho-em-maternidade-completa-1-ano-e-familia-celebra-recuperacao-no-ac.ghtml,outros,90
Caso Gritzbach: júri de PMs acusados de matar delator do PCC começa nesta segunda,2026-06-21T08:00:10+00:00,SP / Guarulhos,https://g1.globo.com/sp/sao-paulo/noticia/2026/06/21/caso-gritzbach-juri-de-pms-acusados-de-matar-delator-do-pcc-comeca-nesta-segunda.ghtml,homicidio,100
"'Minha filha, vá simbora, saia daqui': pescador encara com bom humor encontro com baleias em alto-mar; VÍDEO",2026-06-21T08:00:08+00:00,PE / São José da Coroa Grande,https://g1.globo.com/pe/pernambuco/noticia/2026/06/21/minha-filha-va-simbora-saia-daqui-pescador-encara-com-bom-humor-encontro-com-baleias-em-alto-mar-video.ghtml,outros,100
"Classificados do crime: grupos de WhatsApp viram feirão ilegalde armas, drogas e veículos roubados - O Globo",2026-06-21T07:30:12+00:00,RJ / Rio de Janeiro,https://news.google.com/rss/articles/CBMi5gFBVV95cUxNS0lDVExsWEREZ1FPODg0S0cybVE1RTlhTmx3ZWFDUndIWHlVTks3U1NiZERCX0RJNmJEM01OVmJ2blN6UUQ4TXk2a0V0VVFOUTR1ckcyRjcydkltcmlxNk1VdWY0bWhzSGdOVFJkMGFQRlpnOUdqUG9mRGNSTnVLVXhVX2pjVGZiTDJPdnlPZU5scVhmbi1xOVZNdm1KWTY0UjQ3aDlOM21VWGUtZjlOb1pjWXdJQWR0cTdfSmRIQnBvOFkwQVo2dmhndmhTd1A4VjhPZU0wcjF0ZXBBamxER0ZWTVZLQdIB9AFBVV95cUxNdi1XSms1dHEwZWlicXRlRXlON1hQOXEybXotSXFwbTRTVHN2ZklrSXVNamlod0RnTEU4SEh6QUI5X3RFY0xBR1lvallYYWVlNGRtZC14MkFlWU9DSjk5aWRVZXZtTDFxUlBaUVR6N2Q0RVVFeVFEWGZfM1dvYXhUUmtUb194T3o3RGV2ODlQREZLRFVRMXJ4am9qanhXcDZBazNEMGRVcnkxQjlDUGZoV01XVHhDSVVfRzdrS2ZMNjF0cjV2ckdLWjJ3U1Z0U1ZXc0VQbENaOUFYanBFeV90YS0tY3cyVlVaazFGLXFjUDRZVmNo?oc=5,trafico,95
'Ilhas flutuantes': estruturas com plantas e materiais reutilizados ajudam a purificar a água e podem ser usadas no campo,2026-06-21T07:01:49+00:00,ES / Alegre,https://g1.globo.com/es/espirito-santo/sul-es/noticia/2026/06/21/ilhas-flutuantes-estruturas-com-plantas-e-materiais-reutilizados-ajudam-a-purificar-a-agua-e-podem-ser-usadas-no-campo.ghtml,outros,100
"Após sofrer assaltos e ser baleado no trabalho, taxista paranaense encerra 59 anos de carreira no dia do vencimento da CNH: 'Eu mereço'",2026-06-21T07:01:20+00:00,PR / Londrina,https://g1.globo.com/pr/norte-noroeste/noticia/2026/06/21/apos-sofrer-assaltos-e-ser-baleado-no-trabalho-taxista-paranaense-encerra-59-anos-de-carreira-no-dia-do-vencimento-da-cnh-eu-mereco.ghtml,roubo,85
"‘Por que eu vou embora?’: engenheira de SP decide ‘largar tudo’ e viver na praia de Jericoacoara, no Ceará",2026-06-21T07:01:15+00:00,CE / Jijoca de Jericoacoara / Vila de Jericoacoara,https://g1.globo.com/ce/ceara/noticia/2026/06/21/por-que-eu-vou-embora-engenheira-de-sp-decide-largar-tudo-e-viver-na-praia-de-jericoacoara-no-ceara.ghtml,outros,100
"Um ano após ver pais morrerem em queda de balão em SC, sobrevivente desabafa: 'parece que não há responsáveis'",2026-06-21T07:00:54+00:00,SC / Praia Grande,https://g1.globo.com/sc/santa-catarina/noticia/2026/06/21/um-ano-apos-ver-pais-morrerem-em-queda-de-balao-em-sc-sobrevivente-desabafa-parece-que-nao-ha-responsaveis.ghtml,outros,95
"CV, TCP e milícia no centro do poder político no Rio: entenda os elos de chefões do crime com deputados da Alerj - O Globo",2026-06-21T06:00:29+00:00,RJ / Rio de Janeiro,https://news.google.com/rss/articles/CBMi9wFBVV95cUxNSUdhVnJhdGtUdVR1aVpqTlVoLXRSZUE0SVlya2lNamxFSFY0Tl9qMTdxbElRNzRUODhiT01rLVUtb0k4TE5TbGVwb0JvRzRvdi12eUlTS2FrMENsTWxJQ2xaTTc3UGxhWmpScDlmbW42cmVDSzc5VnQ4MXlyOFQ5UlIyOTNpRE1vdFB2LUhSX1RFemU2cUtfcnhsMzUyWjJYeXljY3ZZdElqZVVsSVZtaVA1TVNrS2k0ZnlyS1hxeVpjYUd5Y2Rlb3ZvWlVDZFhNZExOcVFrdUpfSWF4THRDV3JzSXQ1akdOVzNJeF9Xd0tydXVEWjlJ0gGGAkFVX3lxTE81MEh3VmlnSThnS2RvU3pxY3dPU2hzTFlYNnRJTzl6T3c3cFFxZXFBNmFZa092cV9hLVhjaEZrUkZkeXBzQVdxU1RrbF8zWFFUTG01RkczeDdZRERURHBRUHBPQTFZYTUtTTNxRWNRTzlWSjVqSUxrdGpHMi1KaGlLc29hdE4tWExxbWlHZDdRRzZ0UFBmTHV0QmV6ZUpNQzlObThual9vQ1h4ZV9WS3JSV19NRjZqMm5OS1FfTlpxcV9tSFNTZmtBQXJHOU9lOWp1SUxrT3dxRVRraW9MckpfS1A3VzhIRXRJUGhiSDlWRVFCcHNJaVJKODNVcERaZXh0ZHBxOUE?oc=5,faccao,100
Policiais da Core vão a júri por morte em operação do Jacarezinho,2026-06-21T06:00:19+00:00,RJ / Rio de Janeiro / Jacarezinho,https://g1.globo.com/rj/rio-de-janeiro/noticia/2026/06/21/policiais-da-core-vao-a-juri-por-morte-em-operacao-do-jacarezinho.ghtml,homicidio,95
Menina picada por escorpião em tênis no DF completa uma semana intubada e sem previsão de alta,2026-06-21T05:00:10+00:00,DF / Brasília / Riacho Fundo I,https://g1.globo.com/df/distrito-federal/noticia/2026/06/21/menina-picada-por-escorpiao-em-tenis-no-df-completa-uma-semana-intubada-e-sem-previsao-de-alta.ghtml,outros,95
Queda de balão em Praia Grande completa 1 ano com inquérito reaberto e sem culpados,2026-06-21T03:00:21+00:00,SC / Praia Grande,https://g1.globo.com/sc/santa-catarina/noticia/2026/06/21/queda-de-balao-em-praia-grande-completa-1-ano-com-inquerito-reaberto-e-sem-culpados.ghtml,homicidio,100
"Pé de servidor que amputou o próprio membro para receber R$ 1,5 milhão foi encontrado dentro da mochila dele",2026-06-21T03:00:18+00:00,BA / São Gonçalo dos Campos / Zona Rural,https://g1.globo.com/ba/feira-de-santana-regiao/noticia/2026/06/21/servidor-que-amputou-o-proprio-pe-teve-membro-encontrado-dentro-de-mochila.ghtml,fraude,100
Velório da jornalista Elaine Oliveira Lopes será no cemitério Parque Memorial,2026-06-21T01:06:36+00:00,GO / Goiânia,https://g1.globo.com/go/goias/noticia/2026/06/20/velorio-da-jornalista-elaine-oliveira-lopes-sera-no-cemiterio-parque-memorial.ghtml,outros,95
Quase uma tonelada de maconha é apreendida escondida sob carga de ração na BR-386,2026-06-21T00:07:11+00:00,RS / Lajeado,https://g1.globo.com/rs/rio-grande-do-sul/noticia/2026/06/20/uma-tonelada-maconha-apreendida-escondida-carga-racao-br-386.ghtml,trafico,95
Homem é espancado e deixado em calçada no bairro Coroado em Manaus - D24AM,2026-06-20T23:55:20+00:00,AM / Manaus / Coroado,https://news.google.com/rss/articles/CBMimAFBVV95cUxQM0ZmMzFiTi1VRWE2VDNDWlhGSjg4NXIwS2dpcEFmci1MQXRtMktjdGR2UXBWV1NzNVJRWDFCRGlIeVZoazZYRjhOSjFVZUdSODhRRU1RTUlCM1hlUm1FVW5uZUpwSk1TS3l0dUF2SVFrbU1OQl9pZHBEeXh6X0M0OXJjTm1uRk5hLThIWTloU1hvMlVDN2lObw?oc=5,violencia,95
VÍDEO: homem morre após ser espancado com socos e chutes em rodoviária na Bahia,2026-06-20T23:21:27+00:00,BA / Itaberaba,https://g1.globo.com/ba/feira-de-santana-regiao/noticia/2026/06/20/homem-morre-apos-ser-espancado-na-bahia.ghtml,homicidio,100
Amigos e autoridades prestam homenagens após morte da jornalista Elaine Oliveira Lopes,2026-06-20T23:21:17+00:00,GO / Goiânia,https://g1.globo.com/go/goias/noticia/2026/06/20/amigos-colegas-e-autoridades-prestam-homenagens-apos-morte-da-jornalista-elaine-oliveira-lopes.ghtml,outros,90
Dois suspeitos de tiroteio na BR-040 são presos em Juiz de Fora - Acessa.com,2026-06-20T23:21:02+00:00,MG / Juiz de Fora,https://news.google.com/rss/articles/CBMiswFBVV95cUxNdFdfTVlzQjdFYklRZ195TTNmaHdNWmRLQVYzTGFqV0NERTJ4dFN6QS1jdWFwNVNmTEwyVHFNZ2ZRaDRWZkw5bXJZZU01YjFZempvaFVGc0VTRmxReWZpYW5YUmItRHlwRmNzVHAyMGpqaHVwdlU0SHBabDFFUUJ4OV9wZVd2WXdad1hYdWw2ZjJoUldpMmlyUkV5X0lwVy1US2NZWk1aRVVpbXlQSjFJSnlQd9IBuAFBVV95cUxQVWRkNXZnU0htSXBleWNjc0FodVlhaGwwNXRvWW56OUFhc2RWelgzOEotQnpJek9zcUJYaFQ3QWE2dUFLTUdQNThOMmZNTVpLVDJOaGctLTk0MzVSMkpRdDhoMnhvWTI1YlFNOFVScEVZN0tncm13a0tvOWZLbGtmX2U2cmFjUFR1Ykh2MWZLNTg0eVU1UmRfb3B5SUNVSWFGa0Y1cmFiTVlyWHFxdmgtNTc0YWYtNTB6?oc=5,policia,95
Homem morre e duas mulheres ficam gravemente feridas após batida entre motos em Gurupi,2026-06-20T23:01:20+00:00,TO / Gurupi / Setor Waldir Lins,https://g1.globo.com/to/tocantins/noticia/2026/06/20/homem-morre-e-duas-mulheres-ficam-gravemente-feridas-apos-batida-entre-motos-em-gurupi.ghtml,outros,90
TCE-RJ suspende pagamentos de contrato de R$ 231 milhões para instalação de radares e aponta indícios de sobrepreço,2026-06-20T22:59:05+00:00,RJ / Rio de Janeiro,https://g1.globo.com/rj/rio-de-janeiro/noticia/2026/06/20/tce-rj-suspende-pagamentos-de-contrato-de-r-231-milhoes-para-instalacao-de-radares-e-aponta-indicios-de-sobrepreco.ghtml,fraude,95
Trabalhador morre após sofrer choque elétrico dentro de açougue no Grande Recife,2026-06-20T22:51:38+00:00,PE / Jaboatão dos Guararapes / Centro,https://g1.globo.com/pe/pernambuco/noticia/2026/06/20/trabalhador-morre-apos-sofrer-choque-eletrico-dentro-de-acougue-no-grande-recife.ghtml,outros,95
Mulher é presa após polícia descobrir que suposto suicídio escondia crime em Campo Magro - Banda B,2026-06-20T22:49:00+00:00,PR / Campo Magro,https://news.google.com/rss/articles/CBMikgFBVV95cUxOVnJPanNkMTRUbW9tTHNpTmYyVnItaDdQcnh0WFp2dGx2MndHRzlneU13UXktcjZmZlZaX2lCQUw3X3dvLVFpVkE0N1FzeElsSWE0T0dqOGFlR3prY09nZExhM19OT2F2UnRNejI1b3RET1R6ekk2WWhnM05tSG5RdUhKSGVoTW5iNDVveEVXTEQ5QdIBlwFBVV95cUxQSGtqRHljOFBodUtaakdqd25NblRkZ0ZhNERobEJ0Y2dTREdZS1RraHVkT0NfZUhUNXlITmg4Y0tNbE1Jb2k0UjRXeGVfQXpxV1RxUTV4aEdNeWtqTkhkZXVCUmRKbFg4dTFPS0tiZk9tNzZCZW5LY2h0U2VCZU1kem43aHk4NEdQWFM0bHc0U0wxS1E4X0VZ?oc=5,homicidio,95
Motociclista morre em acidente em Governador Valadares,2026-06-20T22:36:35+00:00,MG / Governador Valadares / Nossa Senhora de Lourdes,https://g1.globo.com/mg/vales-mg/noticia/2026/06/20/motociclista-morre-em-acidente-em-governador-valadares.ghtml,homicidio,95
Morador acha bolsa com partes de corpo em Rio Branco,2026-06-20T22:32:02+00:00,AC / Rio Branco / Jardim Europa,https://g1.globo.com/ac/acre/noticia/2026/06/20/morador-acha-bolsa-com-partes-de-corpo-em-rio-branco.ghtml,homicidio,100
Polícia prende segundo suspeito de matar PM aposentado durante assalto em ciclovia na Zona Leste de SP,2026-06-20T22:31:44+00:00,SP / São Paulo,https://g1.globo.com/sp/sao-paulo/noticia/2026/06/20/policia-prende-segundo-suspeito-de-matar-pm-aposentado-durante-assalto-em-ciclovia-na-zona-leste-de-sp.ghtml,policia,90
Polícia prende segundo suspeito de matar PM aposentado durante assalto em ciclovia na Zona Leste de SP - G1,2026-06-20T22:31:44+00:00,SP / São Paulo / Zona Leste,https://news.google.com/rss/articles/CBMi8wFBVV95cUxQNzcwVzVteFFrb0dDQndINGNWd24zN1k0UGVBNWotRWJkb2c3U1NQcjlROWJEVS02eG1uMUNYZllKZ2diM0szS0JDRUdaOExMU1hKX3FpUk5LYmhWdUVHMG1nVlNWajFYQ19HaF9OVW5zOWR3WDZTN2wxekZ5TjZldk01MDJHVERTN3k5bk16OE0zS3lmQmhEb3VGZFEwODNKNjBRWmhrSkRSOTB4SXkwMmJsbnFaTlZrZHdPTXhhTXNpMm9pT2d4emhRbkFsbm05Q2lhVDFzWk1zMzlOTFpXaVhhMTZKLWdLUkNuMjliYUhSbGvSAYICQVVfeXFMT25zazRWMWF5OUwwWk44TnhjelVFUXhiR3cyQTV3VjhVeEJFWXVBX2dxX0t2NmdQb0c0TC1JM0o3MFR3WWxRQW5UclYxZmdzdDA0LXg0Y0lsdlRTa25mSE5aOUYyVU9LYVdCUnRBcW4xeU8yUjVXQkpFeFdKZ19jODR5QXY3bFN4QVRvUjhSOVprN21hUlo4S3dCcDJEb3pSOGYwdkd3S19idy11VUZkWUduSHg1dEVYanNkTzJHbUdWRzNHUTRYbXNoYXdWQ3NkdGdDUkxVZjFlbS1wdEtpeHhJZTNnTFNlTmdvejZrUktISXRLQ2lSay1tNDU3aDJNSG1R?oc=5,homicidio,95
Pacientes relatam demora para receber refeição no maior hospital e em maternidade de Roraima,2026-06-20T22:18:53+00:00,RR / Boa Vista,https://g1.globo.com/rr/roraima/noticia/2026/06/20/pacientes-relatam-demora-para-receber-refeicao-no-maior-hospital-e-em-maternidade-de-roraima.ghtml,outros,95
Capivara atropelada no Itanhangá é resgatada e levada para centro de reabilitação,2026-06-20T22:14:50+00:00,RJ / Rio de Janeiro / Itanhangá,https://g1.globo.com/rj/rio-de-janeiro/noticia/2026/06/20/capivara-atropelada-no-itanhanga-e-resgatada-e-levada-para-centro-de-reabilitacao.ghtml,outros,90
"Após ameaçar família da vítima, condenado por estupro é preso no interior do Amazonas",2026-06-20T22:14:25+00:00,AM / Tabatinga,https://g1.globo.com/am/amazonas/noticia/2026/06/20/apos-ameacar-familia-da-vitima-condenado-por-estupro-e-preso-no-interior-do-amazonas.ghtml,policia,90
"Quem era o ciclista que morreu atropelado na BR-494, em Divinópolis; motorista fugiu sem prestar socorro",2026-06-20T22:08:09+00:00,MG / Divinópolis,https://g1.globo.com/mg/centro-oeste/noticia/2026/06/20/quem-era-o-ciclista-que-morreu-atropelado-na-br-494-em-divinopolis-motorista-fugiu-sem-prestar-socorro.ghtml,homicidio,95
Polícia investiga suposto esquema de venda irregular de remédios emagrecedores após apreensão em Bauru,2026-06-20T22:06:06+00:00,SP / Bauru / Núcleo Habitacional Presidente Geisel,https://g1.globo.com/sp/bauru-marilia/noticia/2026/06/20/policia-investiga-suposto-esquema-de-venda-irregular-de-remedios-emagrecedores-apos-apreensao-em-bauru.ghtml,policia,85
Polícia apreende mais de 800 porções de drogas em 'casa-bomba' e prende suspeito de tráfico em Itapetininga,2026-06-20T22:04:10+00:00,SP / Itapetininga / Vila Arruda,https://g1.globo.com/sp/itapetininga-regiao/noticia/2026/06/20/policia-apreende-mais-de-800-porcoes-de-drogas-em-casa-bomba-e-prende-suspeito-de-trafico-em-itapetininga.ghtml,trafico,95
Operação Asfixia de Niterói recebe prêmio nacional por combate ao crime - A Tribuna RJ,2026-06-20T21:52:39+00:00,RJ / Niterói,https://news.google.com/rss/articles/CBMirgFBVV95cUxOdWZuQ3Qzb3VReGJNcVRoYktwNEI3N2FrbkQ4S21PdW9qVlVGRlJNYzN2MGs2N0dYa3lsd1VXRjE4RjB0aWpSdVBOWUhaOTBlWTBqQlhjR3Q1QlM4akFyU2wxWTJvTUtlcmVxV0p3SU1VN1p1TlRWa243M3djVWxGRU40Y0VjWlRtLVgtRU9rN2xDS2lZa19qa2Y1T1ppM0lILWVmY1lob2d2WVh2bnc?oc=5,policia,100
"Idosa morre atropelada na BR-101, em Nossa Senhora do Socorro",2026-06-20T21:46:00+00:00,SE / Nossa Senhora do Socorro / Parque dos Faróis,https://g1.globo.com/se/sergipe/noticia/2026/06/20/idosa-morre-atropelada-na-br-101-em-nossa-senhora-do-socorro.ghtml,homicidio,90
Polícia Civil investiga caso de cachorro amarrado a carro e arrastado em Teresina; animal está com diversos ferimentos,2026-06-20T21:45:26+00:00,PI / Teresina / Planalto Uruguai,https://g1.globo.com/pi/piaui/noticia/2026/06/20/policia-civil-investiga-caso-de-cachorro.ghtml,policia,85
"Casal é atingido por raio em praia do distrito de Outeiro, em Belém",2026-06-20T21:39:06+00:00,PA / Belém / Outeiro,https://g1.globo.com/pa/para/noticia/2026/06/20/casal-e-atingido-por-raio-em-praia-do-distrito-de-outeiro-em-belem.ghtml,outros,100
"Morre a jornalista Elaine Oliveira Lopes, da TV Anhanguera",2026-06-20T21:32:24+00:00,GO / Goiânia,https://g1.globo.com/go/goias/noticia/2026/06/20/morre-a-jornalista-elaine-oliveira-lopes-da-tv-anhanguera.ghtml,homicidio,95
Inquérito aponta indícios de fraude em contrato das UPAs de Palmas e termina com dez indiciados,2026-06-20T21:17:59+00:00,TO / Palmas / Região Sul,https://g1.globo.com/to/tocantins/noticia/2026/06/20/inquerito-aponta-indicios-de-fraude-em-contrato-das-upas-de-palmas-e-termina-com-dez-indiciados.ghtml,fraude,95
Pâmela Volp e colegas de cela são absolvidos de acusação de estupro no pavilhão LGBT+ de penitenciária em Uberlândia,2026-06-20T21:04:38+00:00,MG / Uberlândia,https://g1.globo.com/mg/triangulo-mineiro/noticia/2026/06/20/pamela-volp-e-colegas-de-cela-sao-absolvidos-de-acusacao-de-estupro-no-pavilhao-lgbt-de-penitenciaria-em-uberlandia.ghtml,estupro,95
Carga de sucata escondia 150 kg de cocaína e seria enviada para a Europa de porto de SC,2026-06-20T21:02:33+00:00,SC / Navegantes,https://g1.globo.com/sc/santa-catarina/noticia/2026/06/20/carga-sucata-150-kg-cocaina-europa-porto-navegantes.ghtml,trafico,100
Três suspeitos de duplo homicídio são presos em Paranaíba - Campo Grande News,2026-06-20T21:00:00+00:00,MS / Paranaíba,https://news.google.com/rss/articles/CBMisgFBVV95cUxPY1FpTXFheVhMaTVOclVJZzNkRzE4V2V3TUljNUExVHNOdDZxMV90dEt6UmRPcnlYYVl5M1VleXdkcVo1YnpkdXlHem1BdjFmeDluZllNMXpsNWFoTkxpZi1nNlBESmpiOXR1U2ZvY01CTS13VkQ2Sk56MWFGWkRNdmZHWDNUX2NEUkRnRmFGdWcwZW04Q09jMGh2VGltdldSdXp5ZFFfRTlldTVIakd1ZEJ30gGyAUFVX3lxTE9jUWlNcWF5WExpNU5yVUlnM2RHMThXZXdNSWM1QTFUc050NnExX3R0S3pSZE9yeVhhWXkzVWV5d2RxWjViemR1eUd6bUF2MWZ4OW5mWU0xemw1YWhOTGlmLWc2UERKamI5dHVTZm9jTUJNLXdWRDZKTnoxYUZaRE12ZkdYM1RfY0RSRGdGYUZ1ZzBlbThDT2MwaHZUaW12V1J1enlkUV9FOWV1NUhqR3VkQnc?oc=5,homicidio,100
Trio suspeito de executar mãe e filho é preso horas após assassinatos em MS,2026-06-20T20:46:35+00:00,MS / Paranaíba,https://g1.globo.com/ms/mato-grosso-do-sul/noticia/2026/06/20/trio-suspeito-de-executar-mae-e-filho-e-preso-horas-apos-assassinatos-em-ms.ghtml,homicidio,100
Polícia apreende 6 kg de cocaína em embarcação que saiu de Belém para o Amapá,2026-06-20T20:42:47+00:00,AP / Macapá,https://g1.globo.com/ap/amapa/noticia/2026/06/20/policia-apreende-6-kg-de-cocaina-em-embarcacao-que-saiu-de-belem-para-o-amapa.ghtml,trafico,100
Fraudes digitais revelam violência e crime em Osasco. - planetaosasco.com,2026-06-20T20:42:01+00:00,SP / Osasco,https://news.google.com/rss/articles/CBMipgFBVV95cUxQUFFmWl93SUR2ampfMTVjcUtqa3FjajlYRVNBT3c3ekI4VzFmMGJhYmNzUEtUWmkzTHc2RXh6VXpLVUsySFlXVjRrMlk3SXFKbjliU2R0d1RJX3NrTTJWazREN3pmNUpVUnEtRm5kSXRUeC1oaGc1WDdnYTd1MTBqN09HTDlGQnFJWk12bGFGbzgxQXkxdUQtTG1FbWNqblVKaGJzdkVn?oc=5,fraude,85
Operação termina com suspeito baleado e PM ferido em Itaperuna,2026-06-20T20:41:09+00:00,RJ / Itaperuna / Cehab,https://g1.globo.com/rj/norte-fluminense/noticia/2026/06/20/operacao-termina-com-suspeito-baleado-e-pm-ferido-em-itaperuna.ghtml,policia,95
Funcionário é indiciado por desviar quase R$ 2 milhões de clínica médica para manter vida de luxo em Uberlândia,2026-06-20T20:28:48+00:00,MG / Uberlândia,https://g1.globo.com/mg/triangulo-mineiro/noticia/2026/06/20/funcionario-e-indiciado-por-desviar-quase-r-2-milhoes-de-clinica-medica-para-manter-vida-de-luxo-em-uberlandia.ghtml,fraude,95
Homem morre sem receber atendimento em UPA do DF; vídeo mostra revolta de outros pacientes,2026-06-20T20:25:33+00:00,DF / Brasília / Recanto das Emas,https://g1.globo.com/df/distrito-federal/noticia/2026/06/20/homem-morre-sem-receber-atendimento-em-upa-do-df-video-mostra-revolta-de-outros-pacientes.ghtml,homicidio,95
Homem é encontrado morto dentro de piscina na Zona Sul de Aracaju,2026-06-20T20:18:01+00:00,SE / Aracaju / Mosqueiro,https://g1.globo.com/se/sergipe/noticia/2026/06/20/homem-e-encontrado-morto-dentro-de-piscina-na-zona-sul-de-aracaju.ghtml,homicidio,100
Polícia Civil apreende mais de 30 máquinas caça-níqueis em operação contra jogos de azar em Boituva,2026-06-20T20:16:11+00:00,SP / Boituva,https://g1.globo.com/sp/itapetininga-regiao/noticia/2026/06/20/policia-civil-apreende-mais-de-30-maquinas-caca-niqueis-em-operacao-contra-jogos-de-azar-em-boituva.ghtml,policia,100
Militar bêbado roda caminhonete em rua após bater e matar motociclista em Campo Grande; VÍDEO,2026-06-20T20:14:17+00:00,MS / Campo Grande / Centro,https://g1.globo.com/ms/mato-grosso-do-sul/noticia/2026/06/20/militar-bebado-roda-caminhonete-na-pista-apos-bater-e-matar-motociclista-em-campo-grande-video.ghtml,homicidio,95
Suspeito de lavagem de dinheiro que sacou R$ 1 milhão em espécie é solto em Teresina,2026-06-20T20:05:34+00:00,PI / Teresina / Centro,https://g1.globo.com/pi/piaui/noticia/2026/06/20/suspeito-solto-teresina.ghtml,fraude,90
Assalto a professor durante corrida volta a chamar atenção para segurança na Avenida Litorânea,2026-06-20T20:04:00+00:00,MA / São Luís / Avenida Litorânea,https://g1.globo.com/ma/maranhao/noticia/2026/06/20/assalto-a-professor-durante-corrida-volta-a-chamar-atencao-para-seguranca-na-avenida-litoranea.ghtml,roubo,100
Assalto a professor durante corrida volta a chamar atenção para segurança na Avenida Litorânea - G1,2026-06-20T20:04:00+00:00,MA / São Luís / Avenida Litorânea,https://news.google.com/rss/articles/CBMi5wFBVV95cUxPT2ItalIwbVZCdElnX0E1OTVlQ1owVjNQRUphcFZuVlM1dXZmdkRNWWRUT1BNT29RdFdyOEU5YUk5aXd5eXNta2lVNzdtVnpfcTFOeHhfU2tVUVlfUFk4TW13YjNacmVPWXZtZ0QxVXRVbXJlaHZoU1JfUjZJcElOdi1hYUsydXpRdzU1VVZRU1htdDE0QkxYc0xaV2V4dVlCUFpmR1pWN2JuVER6S0FsNk5ueDR3TVF6UmM3UWlDZXZfN2tGRDRxNFpPWHhlbDRfVkhHb19GZXZTdGR2MER3NkV5VDRoaDDSAfYBQVVfeXFMT04wdGFzWUt2YWRMTlV0RFVVeGVueTRjdkdvTDZBQkZ4Mk45dzMzYl9qYWdoQUczcnJnUzdnSlVUcS1CMWw5cUxpNWxhenIzQ1pMZG1wc3ROaGpIakZKa2luT0Y1dmdEVThHOGFZOW5DUzlwQ21UVUIxNi1ZaFhqLVk5X2g2bGpNRlB3d3pTUFpXZEhSbUEyUG4ySFFEQTJITWg0Z3ctZFMzRTAtX1phdmljQjFWeFYzLVZJY2xWOGU4TEpROTUyWUdweHdhQmpVMnB1RGtVYTdYNVJpWFRQbG5ELU85ZmYxcGhiNEt6a01TNHd1YUFR?oc=5,roubo,100
Inema aplica multas de R$ 20 milhões e R$ 50 milhões em empresas por contaminação de praia em Salvador,2026-06-20T20:02:40+00:00,BA / Salvador / São Tomé de Paripe,https://g1.globo.com/ba/bahia/noticia/2026/06/20/inema-aplica-multas-em-empresas-por-contaminacao-de-praia-em-salvador.ghtml,outros,100
VÍDEO: Motociclista inabilitado é arremessado por carro ao tentar atravessar BR-040 de forma irregular em MG,2026-06-20T19:59:00+00:00,MG / João Pinheiro,https://g1.globo.com/mg/triangulo-mineiro/noticia/2026/06/20/video-motociclista-inabilitado-e-arremessado-por-carro-ao-tentar-atravessar-br-040-de-forma-irregular-em-joao-pinheiro.ghtml,veiculo,95
Detento faz refém em penitenciária de Potim em dia de visita e mobiliza equipes de segurança,2026-06-20T19:50:32+00:00,SP / Potim,https://g1.globo.com/sp/vale-do-paraiba-regiao/noticia/2026/06/20/detento-e-feito-refem-na-penitenciaria-de-potim-sp-e-mobiliza-policia-familias-estao-presas-no-pavilhao.ghtml,sequestro,95
Homem fica pendurado sem calça em grade de casa após tentar invadir a residência no RS; VÍDEO,2026-06-20T19:48:48+00:00,RS / Tenente Portela / Centro,https://g1.globo.com/rs/rio-grande-do-sul/noticia/2026/06/20/homem-fica-pendurado-sem-calca-em-grade-de-casa-apos-tentar-invadir-a-residencia-no-rs.ghtml,furto,95
"Jovem morre e dois ficam feridos em acidente na RJ-106, em Rio das Ostras",2026-06-20T19:43:52+00:00,RJ / Rio das Ostras,https://g1.globo.com/rj/regiao-dos-lagos/noticia/2026/06/20/jovem-morre-e-dois-ficam-feridos-em-acidente-na-rj-106-em-rio-das-ostras.ghtml,outros,90
Elefanta Baby chega a santuário em MT após dois anos de espera desde fechamento de zoológico,2026-06-20T19:39:50+00:00,MT / Chapada dos Guimarães,https://g1.globo.com/mt/mato-grosso/noticia/2026/06/20/elefanta-baby-chega-a-santuario-em-mt-apos-dois-anos-de-espera-desde-fechamento-de-zoologico.ghtml,outros,100
Adolescente de 13 anos é encontrado morto em Olinda; polícia investiga homicídio,2026-06-20T19:27:49+00:00,PE / Olinda / Fragoso,https://g1.globo.com/pe/pernambuco/noticia/2026/06/20/adolescente-de-13-anos-e-encontrado-morto-em-olinda-policia-investiga-homicidio.ghtml,homicidio,100
Adolescente de 13 anos é encontrado morto em Olinda; polícia investiga homicídio - G1,2026-06-20T19:27:49+00:00,PE / Olinda,https://news.google.com/rss/articles/CBMi1gFBVV95cUxQZlEydXFHUVJfSzdvLS14N2gtSXpQN0dzUnNLYUtUUnRWVDNHM0xXN1hwMGgtMnNiODBRVGw1emN6WjdPRF9TOURJVnZtTlFYOXZsOERub1lfcnFJVlRrbUtuWlgxMHBfQ2xfVElUX3l4eUVscER1RGN3NUtJM2h2Y29zSUNkdUw3d0JOSHBlZmY3TVRsendDcTg2Mm0tekctTm5uZnhDQlJoQWI4NU54LTlPSklpbHZ5WS1QSURtSGF4NXhXMVc4QURWdmRCTGZWaWZydXln0gHkAUFVX3lxTE9JaS1YWEdJdFRxZnYwazd6dFdYN3gydjMtY1RkUnVJdjlYczEtWmM5NFRHT3hiSzVIUUFmeVhCNnFrenNyT1pFV2R4ejFTWE42N0t6T2ZLS01pbWtrVDVrV0xfRkxfNmVrSndWbWt1UTVVRTMwa2ZudTBQcEk1dkswOEw3SkxUQlY4ckg3NXJ4VjBid2FPSzlvNGR2SWFoTGFiS1RUamNOeFUzZXhDakY3X0dEMnFWdzFabEtvNnR2TG5fbWxFcld2UElXX2ZvSWx5djBWTHhVUU1GWVg4VW5qckFhNg?oc=5,homicidio,100
Homem esfaqueia outro e é preso após PM ser chamada para protegê-lo de ameaças em RR,2026-06-20T19:10:33+00:00,RR / Boa Vista / Operário,https://g1.globo.com/rr/roraima/noticia/2026/06/20/homem-esfaqueia-outro-e-e-preso-apos-pm-ser-chamada-para-protege-lo-de-ameacas-em-boa-vista.ghtml,homicidio,90
Caprichoso abre e Garantido encerra Festival de Parintins 2026; confira ordem das apresentações,2026-06-20T19:08:18+00:00,AM / Parintins,https://g1.globo.com/am/amazonas/festival-de-parintins/2026/noticia/2026/06/20/caprichoso-abre-e-garantido-encerra-festival-de-parintins-2026-confira-ordem-de-apresentacao.ghtml,outros,100
Gari morre atropelado no intervalo do trabalho em Porto Alegre,2026-06-20T19:08:16+00:00,RS / Porto Alegre / Av. Bento Gonçalves,https://g1.globo.com/rs/rio-grande-do-sul/noticia/2026/06/20/gari-morre-atropelado-no-intervalo-do-trabalho-em-porto-alegre.ghtml,homicidio,95
Suspeitos de invadir casa e render família em Carandaí são presos na BR-040; um continua foragido,2026-06-20T19:06:54+00:00,MG / Carandaí,https://g1.globo.com/mg/zona-da-mata/noticia/2026/06/20/suspeitos-de-invadir-casa-e-render-familia-em-carandai-sao-presos-na-br-040-um-continua-foragido.ghtml,policia,85
Suspeitos de invadir casa e render família em Carandaí são presos na BR-040; um continua foragido - G1,2026-06-20T19:06:54+00:00,MG / Carandaí,https://news.google.com/rss/articles/CBMi7wFBVV95cUxOejZ4eEFpc1JsSFpSeEV3MmdvbTVfX3BxS2k4STVrZXVVcFUyanZyMzBvNERidS1ELW9JSEFjV0d3SnZSNGNYVEVVeGNOZWtVbEwtc2NEZmI2Q1JzQjVKSU15QmZ1Q2RYbDZuV18zSW9SX09wblFRaVBXSHcwa3pFYzlWSFBNUEJ0MWtvNlRmZVlXTEJ6UXdMUnZUaVI5UUVEbkMyUmRrejZHZnI5VlJVYk8zbWtncGg5MTg1MUQzMnJHX1ZQZlhZNWxFUlVkYmZpTlFDeU1pVllrMm5pMVJmQl9yX0EwMEUxYXJHTktpd9IB_gFBVV95cUxPa0Zya3VZR19HVmlvVFRzR2d1Wlg0eTdtckhISHE0cnkzTDZoRzI5clEzQVRCQ1YzM2xkSlNOQXNvU1YzQXlqb0h2Yk5tLUdVRDQzamY0YXNDcEYyTmNJa1FhMWdSY1RxMFlnb3pQRTlDV0tUTF9tSDB0VUpwYWhMOEFiZUdqUm01bThsN3JMVm5BcXlYcndBeUtsLXdSWkZhdDMzR1V5OEJuTFB5UlJZdnBWUThVOUhhLWJaTFdEU1p3TTc0dmJJODFKQ181YzRSTnM2d3ZYdTYxamdwUHdPMWJhSFhSS0lEZjdKZkh4YWdjZTNwTlpMVWdNN3dxdw?oc=5,sequestro,85
"MP-RS denuncia dois homens por assalto em escritório de advocacia, em Porto Alegre - Agora RS",2026-06-20T19:04:48+00:00,RS / Porto Alegre,https://news.google.com/rss/articles/CBMijwFBVV95cUxNZThYQzQ1U2lqZ3M4ZGZ6cXFZZUt4NEZzVk9BQ3dJLVNIaDFuOGRQek0zNnd2ck9mU1MxTEZvVDV3R3RISXBzUGZ3bmJDVWFrX1owb01TeVVJd1pxTi0wUjAwYUs3OXliUlNLT1NCX3A4X1M5d0xNQUQ1aDdabGZRVjFOZ0thSVM1ZmlJYU9BZw?oc=5,roubo,95
"Corpo é encontrado no Canal do Itajuru, em Cabo Frio",2026-06-20T19:02:17+00:00,RJ / Cabo Frio / Canal do Itajuru,https://g1.globo.com/rj/regiao-dos-lagos/noticia/2026/06/20/corpo-e-encontrado-no-canal-do-itajuru-em-cabo-frio.ghtml,homicidio,95
Suspeito de assalto à lotérica morre em confronto com a Rondesp - A TARDE,2026-06-20T19:01:18+00:00,SP / São Paulo,https://news.google.com/rss/articles/CBMiowFBVV95cUxOZ1ZsNXFHOE82MGU5ejJjeldFY2FWU3haYlZhWml6cGVYNFRoanVXZEc1c2FjV3E0QnhFSjhKTy12Ni1uZlJzTkRvWnBJMVpyd3B5MlR2ZmJPQ19pbkdldC10YUlWVFpLZzUzbzRITFROS2ptOTJNZGFELWgwRE9UMk9DZGRBaVVuNlR5Uk0zUmtUM1dOM1J6R3o2ZE85cTN1cEc40gGrAUFVX3lxTFBjOXVaNlhkeXByeWIyLXpWNHQ3M0FleVBNREg1T1RoUFMwMTE3MGhHcGhWTm8wN00tSE91SHJtdFpLUm5NNEZmTlNCVFppQ2c4dThCbFU4MlB4YUN3N2g0SlpnUjIwR1hFVjhEYzdjcEdqX3NDUlpXaUhIbmJxaXk3SHFsaGFld1cyZmNqMHp2NkktWjl4eFl1U2MwWS1ZenpTTFhJUm5KaVJiaw?oc=5,policia,95
Homem morre no hospital após ser baleado durante discussão na Zona Sudeste de Teresina,2026-06-20T19:00:34+00:00,PI / Teresina / Zona Sudeste,https://g1.globo.com/pi/piaui/noticia/2026/06/20/homem-morre-baleado-discussao.ghtml,homicidio,100
Câmara de Cesário Lange recua e abre comissão para investigar compra de pneus de R$ 4 milhões,2026-06-20T18:55:53+00:00,SP / Cesário Lange,https://g1.globo.com/sp/itapetininga-regiao/noticia/2026/06/20/camara-de-cesario-lange-recua-e-abre-comissao-para-investigar-compra-de-pneus.ghtml,fraude,95
Corpo com marcas de tiros é encontrado em área de eucalipto na Serra,2026-06-20T18:39:42+00:00,ES / Serra,https://g1.globo.com/es/espirito-santo/noticia/2026/06/20/corpo-com-marcas-de-tiros-e-encontrado-em-area-de-eucalipto-na-serra.ghtml,homicidio,100
"Homem tenta assaltar casa lotérica em João Pessoa, é impedido por funcionária e foge sem levar dinheiro - Portal Ponto PB",2026-06-20T18:37:00+00:00,PB / João Pessoa,https://news.google.com/rss/articles/CBMi8wFBVV95cUxNYVg2OG9FVjdZMGFIVU5lSXdWWHE3ZWJxX2RrWE1EVVZtSjdCeUtoVmIzMXo3dm5FVTZjcWJWalk2M0Fyai1wcDZWdnFIOXVDZi1idHVLVFNyRVNKRmYzS05hdXRVbnVHS25hajN1Z3NwUE9nWGxUdEE5eDdIUkVFUEYwZTl4aEIzcmVCYVRIVWJvOGx0OU9fTDBOTzhhYjZSVkhkTkFQRFY3ZlpCcmRmOU5OblpaS1gzOERibmFVZ3JSbGtvc01QRG1nUWNOdHMybUJDVjVIbTJBM0FzWXl6SXRkS2ZiaVpqNWEzR2lDOVpVUVE?oc=5,roubo,95
Homem é encontrado morto com tiro na cabeça dentro de casa em Rio Preto,2026-06-20T18:34:39+00:00,SP / São José do Rio Preto / Vale do Sol,https://g1.globo.com/sp/sao-jose-do-rio-preto-aracatuba/noticia/2026/06/20/homem-e-encontrado-morto-com-tiro-em-rio-preto.ghtml,homicidio,100
Golpe do 'Limpa Nome' esconde mais de R$ 30 milhões em dívidas no interior de SP; entenda,2026-06-20T18:32:49+00:00,SP / Presidente Prudente,https://g1.globo.com/sp/presidente-prudente-e-regiao/noticia/2026/06/20/golpe-do-limpa-nome-esconde-mais-de-r-30-milhoes-em-dividas-no-interior-de-sp-entenda.ghtml,fraude,100
Pedestre morre após ser atingido e arremessado a 30 metros por carro em Americana,2026-06-20T18:29:28+00:00,SP / Americana / Jardim Lizandra,https://g1.globo.com/sp/campinas-regiao/noticia/2026/06/20/pedestre-morre-apos-ser-atingido-e-arremessado-a-30-metros-por-carro-em-americana.ghtml,veiculo,90
Ação reforça segurança e limpeza no Centro de Campos,2026-06-20T18:28:38+00:00,RJ / Campos dos Goytacazes / Centro,https://g1.globo.com/rj/norte-fluminense/noticia/2026/06/20/acao-reforca-seguranca-e-limpeza-no-centro-de-campos.ghtml,policia,95
Polcia prende outras trs pessoas suspeitas por morte de jovem em salto de rope jump em SP,2026-06-20T15:21:00-03:00,SP / Limeira,https://redir.folha.com.br/redir/online/cotidiano/rss091/*https://www1.folha.uol.com.br/cotidiano/2026/06/policia-prende-outras-tres-pessoas-suspeitas-por-morte-de-jovem-em-salto-de-rope-jump-em-sp.shtml,homicidio,100
Região de Campinas registra aumento de 48% em prisões por embriaguez ao volante,2026-06-20T18:00:00+00:00,SP / Campinas,https://g1.globo.com/sp/campinas-regiao/noticia/2026/06/20/regiao-de-campinas-registra-aumento-de-48percent-em-prisoes-por-embriaguez-ao-volante.ghtml,outros,85
Homem é assassinado a tiros em rua no Centro-Norte do Piauí; Polícia Civil investiga,2026-06-20T17:59:56+00:00,PI / Regeneração / Bela Vista,https://g1.globo.com/pi/piaui/noticia/2026/06/20/homem-assassinado-piaui.ghtml,homicidio,100
Motorista é presa por tráfico de drogas após se envolver em acidente na BR-262,2026-06-20T17:49:26+00:00,MG / Manhuaçu / Pouso Alegre,https://g1.globo.com/mg/vales-mg/noticia/2026/06/20/motorista-e-presa-por-trafico-de-drogas-apos-se-envolver-em-acidente-na-br-262.ghtml,trafico,100
Surfista morre afogado após sofrer parada cardiorrespiratória em praia de SC eleita Reserva Nacional do Surfe,2026-06-20T17:48:50+00:00,SC / Florianópolis / Praia do Moçambique,https://g1.globo.com/sc/santa-catarina/noticia/2026/06/20/surfista-morre-afogado-praia-florianopolis-reserva-nacional-surfe.ghtml,outros,95
Mais de 127 mil famílias do Acre recebem Bolsa Família em junho; confira calendário de pagamento,2026-06-20T17:40:15+00:00,AC / Rio Branco,https://g1.globo.com/ac/acre/noticia/2026/06/20/mais-de-127-mil-familias-do-acre-recebem-bolsa-familia-em-junho-confira-calendario-de-pagamento.ghtml,outros,100
Homem é preso por pilotar moto embriagado após acidente em Volta Redonda,2026-06-20T17:33:06+00:00,RJ / Volta Redonda / Três Poços,https://g1.globo.com/rj/sul-do-rio-costa-verde/noticia/2026/06/20/homem-e-preso-por-pilotar-moto-embriagado-apos-acidente-em-volta-redonda.ghtml,outros,95
Interdições de ruas começam na madrugada de 25 de junho para Festival de Parintins; confira,2026-06-20T17:32:50+00:00,AM / Parintins,https://g1.globo.com/am/amazonas/festival-de-parintins/2026/noticia/2026/06/20/interdicoes-de-ruas-comecam-na-madrugada-de-25-de-junho-para-festival-de-parintins-confira.ghtml,outros,100
Mãe e filha adolescente são assassinadas a tiros dentro de casa,2026-06-20T17:22:58+00:00,PE / Timbaúba,https://g1.globo.com/pe/pernambuco/noticia/2026/06/20/mae-e-filha-adolescente-sao-assassinadas-a-tiros-dentro-de-casa.ghtml,homicidio,100
Miss Brasil Café 2027: conheça a agrônoma que representa Rondônia,2026-06-20T17:14:47+00:00,RO / Ji-Paraná,https://g1.globo.com/ro/rondonia/noticia/2026/06/20/miss-brasil-cafe-2027-conheca-a-agronoma-que-representa-rondonia.ghtml,outros,100
"Câmeras ajudam a recuperar mala com videogame, notebook e tablet avaliados em R$ 8,7 mil em Volta Redonda",2026-06-20T17:13:40+00:00,RJ / Volta Redonda,https://g1.globo.com/rj/sul-do-rio-costa-verde/noticia/2026/06/20/cameras-ajudam-a-recuperar-mala-com-videogame-notebook-e-tablet-avaliados-em-r-87-mil-em-volta-redonda.ghtml,furto,95
Briga por dinheiro termina com homem esfaqueado e suspeito preso em Itupeva,2026-06-20T17:04:47+00:00,SP / Itupeva,https://g1.globo.com/sp/sorocaba-jundiai/noticia/2026/06/20/briga-por-dinheiro-termina-com-homem-esfaqueado-e-suspeito-preso-em-itupeva.ghtml,violencia,85
"Homem morre vítima de tiros no bairro Subaé, em Feira de Santana - Grupo Lomes de Comunicação",2026-06-20T16:56:00+00:00,BA / Feira de Santana / Subaé,https://news.google.com/rss/articles/CBMijwFBVV95cUxQSk11MWl4UWl6TWVaU3BSZWN3ZC1GU2VJdTBVQnJvYlpHUG1lUWd3VVhFclRLMk9aWmZDZFBoc3FidW1CZ3F1MzQ5aGFmOUw5QUJpODdLVGtfUUNpWm9ac1o5VFVhUG9KVU43ODJKdXhtbGphSkR5VG1PV00tRWJDcnlOZl85SWZkaW94NWZfOA?oc=5,homicidio,100
Grupo de bolivianos é preso suspeito de tráfico internacional de drogas em rodovia de Quadra,2026-06-20T16:51:59+00:00,SP / Quadra,https://g1.globo.com/sp/itapetininga-regiao/noticia/2026/06/20/grupo-de-bolivianos-e-preso-suspeito-de-trafico-internacional-de-drogas-em-rodovia-de-quadra.ghtml,trafico,100
Acidente entre caminhões na BR-153 deixa vítima carbonizada em Crixás do Tocantins,2026-06-20T16:51:37+00:00,TO / Crixás do Tocantins,https://g1.globo.com/to/tocantins/noticia/2026/06/20/acidente-entre-caminhoes-deixa-vitima-carbonizada-em-crixas-do-tocantins.ghtml,homicidio,90
"Mecânico desaparece após sair do trabalho, em Goiânia",2026-06-20T16:47:42+00:00,GO / Goiânia / Vila Morais,https://g1.globo.com/go/goias/noticia/2026/06/20/mecanico-desaparece-apos-sair-do-trabalho-em-goiania.ghtml,outros,95
Suspeito de matar proprietário de óticas é preso no interior do Ceará,2026-06-20T16:44:00+00:00,CE / Tauá,https://g1.globo.com/ce/ceara/cariri/noticia/2026/06/20/suspeito-de-matar-proprietario-de-oticas-e-preso-no-interior-do-ceara.ghtml,homicidio,100
"Ciclista de 35 anos morre atropelado na BR-494, em Divinópolis; motorista fugiu sem prestar socorro",2026-06-20T16:37:50+00:00,MG / Divinópolis,https://g1.globo.com/mg/centro-oeste/noticia/2026/06/20/ciclista-de-35-anos-morre-atropelado-na-br-494-em-divinopolis-motorista-fugiu-sem-prestar-socorro.ghtml,homicidio,95
Tentativa de assalto no SAMU de Rio Branco termina com suspeito baleado e comparsa preso - A Gazeta do Acre,2026-06-20T16:12:34+00:00,AC / Rio Branco,https://news.google.com/rss/articles/CBMi1wFBVV95cUxORU5SZ3BSdGhOcFNGaXNIaEloUlkzbmlMdlFqMEQxalBIZGphTjVYeTZDVHhnVUVRdGp1azJhTDBOMXV6Zlg2VTZfREEzVjNPRXJOaWdrWVFDN01ITk1FRHp2X1VxVU04NnRlNFhzV1pmU1JGa2p3NnAwSV9YTkUyYlFfMWpLQnduWW55VE9CbTFRcmNlSHJDLTZsWXZva0k3NzVwNGVuVGplcDNSWW52QVNwdW91SDh1aEk3ZnllZVo2aHhoU0dVRUhKNU51c1FVUHh3bFRjbw?oc=5,roubo,95
"Entrevista antes de prisão, esposa consolada, doença mental: o que se sabe sobre genro que matou a sogra em SP",2026-06-20T16:06:46+00:00,SP / Sertãozinho,https://g1.globo.com/sp/ribeirao-preto-franca/noticia/2026/06/20/facadas-entrevista-antes-de-ser-preso-esposa-consolada-doenca-mental-o-que-se-sabe-sobre-genro-que-matou-a-sogra-em-sp.ghtml,homicidio,100
Homem é preso suspeito de matar namorada e manter corpo por 2 dias em apartamento em SC,2026-06-20T16:06:39+00:00,SC / Criciúma,https://g1.globo.com/sc/santa-catarina/noticia/2026/06/20/homem-preso-suspeito-matar-namorada-corpo-2-dias-apartamento-criciuma.ghtml,homicidio,100
Cabeleireira morta a tiros dentro de salão de beleza é enterrada em Salvador; crime foi registrado por câmera de segurança,2026-06-20T16:03:05+00:00,BA / Salvador,https://g1.globo.com/ba/bahia/noticia/2026/06/20/mulher-morta-a-tiros-dentro-de-salao-de-beleza-e-enterrada-em-salvador.ghtml,homicidio,100
Cabeleireira morta a tiros dentro de salão de beleza é enterrada em Salvador; crime foi registrado por câmera de segurança - G1,2026-06-20T16:03:05+00:00,BA / Salvador,https://news.google.com/rss/articles/CBMiwwFBVV95cUxORTVraVNPSmtrTlNCWEdqNTVValNUdjhFNEY0bFJNcU05cXhBaTlyT0NiaWduQTNLSG9qem5MaFRoaXdDSUdIdExtem93SWNnNF83VnVvbldtTkhsNm85MWY0QnRjckdoQ0doNlBkOXdZeDZ5QWNRcDZzLVp3WDBwYmVNbmtSblo2WHN5VU9adDZxWXVwM0NqUDc3Ykw5YjZRVjZGdnVwTVRGWm93dl84R3ptU0pCUGhBcmpzV3Vld1VLZ1nSAdIBQVVfeXFMTTBQSUhKRlhIcmVra2xwWUc1anZFOG0zZnNBaWJjOTJ6NS0tdFZLYWJDWGpVODVERU9xeUppcVk3aWRfTzRNUndEcEVoSHZqUkpZRDljc0ZNZDRMTEhEZ0hDU2g0Q1pjXzBLVHNqeV9CdkdMb0h1ell1R1lkOU1xc1hyamFzejlXTWprR3dTanhBbGdRLVZpTllOdkdWZFFtamwwU1JJR0pSeHk5aW1pNThnbEdQU2ZwYV81cXJWOXdjdjFQaWYxdTBzMmlPMWdwaXBR?oc=5,homicidio,100
Facção que extorquia moradores é alvo de operação em São Luís,2026-06-20T16:01:33+00:00,MA / São Luís,https://g1.globo.com/ma/maranhao/noticia/2026/06/20/faccao-que-extorquia-moradores-e-alvo-de-operacao-em-sao-luis.ghtml,faccao,95
"Proteo a vtimas definida pelo STF no caso Mari Ferrer  marco para mulheres, dizem especialistas",2026-06-20T13:00:00-03:00,SP / São Paulo,https://redir.folha.com.br/redir/online/cotidiano/rss091/*https://www1.folha.uol.com.br/cotidiano/2026/06/protecao-a-vitimas-definida-pelo-stf-no-caso-mari-ferrer-e-marco-para-mulheres-dizem-especialistas.shtml,estupro,85
"Homem morre após sofre descarga elétrica em porto no Jurunas, em Belém",2026-06-20T15:57:16+00:00,PA / Belém / Jurunas,https://g1.globo.com/pa/para/noticia/2026/06/20/homem-morre-apos-sofre-descarga-eletrica-em-porto-no-jurunas-em-belem.ghtml,homicidio,95
Drogas são apreendidas durante ocorrência de violência doméstica em Governador Valadares,2026-06-20T15:53:45+00:00,MG / Governador Valadares / Turmalina,https://g1.globo.com/mg/vales-mg/noticia/2026/06/20/drogas-sao-apreendidas-durante-ocorrencia-de-violencia-domestica-em-governador-valadares.ghtml,violencia,90
Dois homens denunciados por roubo milionário com reféns em Porto Alegre - O Cafezinho,2026-06-20T15:52:00+00:00,RS / Porto Alegre,https://news.google.com/rss/articles/CBMirwFBVV95cUxNZ2owSTF1blRIb3RBQjcxZ250cXFQalBxdTVBMXdVTUdadTBSVmoxaWRsUldmN2pRdjVrdFMzZDZJbGZuZ1RHX0x3ZWl6VFAxMGF5VHRrbmN4a0FFSEVEOGxZeDluOXZzbmlmaGRleGU0U1JUY1VkSnptckQ1d1lXRkl6Q0MydFVabjd6Z09LZW5xeTE4Z2pfM2FEa2RIeGVpSTFaZjN2QUVGU0N3bGVr0gG0AUFVX3lxTE1JYllNbnhkU3ZRTkNqemdpOG5PR05HSkpiS0Y2cDUzN3FFWTBfRFM3azBDQVFtUWp2a3dBcFllUXpWNGhqbXUyNkZpTGFTLTE2NkhWcWxIU2lUVHFRZUY5RE16ei0xS0Y3aXgyd1U2T3NBMG05ODUyR25Md3JXamtJRHZCbVRuZHBCNEkydmh1cUQzUmRYYjBvYWo5WXFLZGRGb1REbGJtQXRieEpCc3pIV1ZnUA?oc=5,roubo,100
Pedestre com sinais de embriaguez é atropelado por motorista sem CNH na BR-352,2026-06-20T15:51:24+00:00,MG / Onça de Pitangui,https://g1.globo.com/mg/centro-oeste/noticia/2026/06/20/pedestre-com-sinais-de-embriaguez-e-atropelado-por-motorista-sem-cnh-na-br-352.ghtml,veiculo,95
Polícia Ambiental fecha rinha de galo em Bauru e aplica multa de R$ 69 mil por maus-tratos,2026-06-20T15:50:44+00:00,SP / Bauru / Granja Santa Cecília,https://g1.globo.com/sp/bauru-marilia/noticia/2026/06/20/policia-ambiental-desmantela-rinha-de-galo-em-bauru-e-aplica-multa-por-maus-tratos.ghtml,policia,95
Mulher é baleada em condomínio de Uberlândia e marido é preso,2026-06-20T15:38:36+00:00,MG / Uberlândia / Grand Ville,https://g1.globo.com/mg/triangulo-mineiro/noticia/2026/06/20/mulher-e-baleada-em-condominio-de-uberlandia-e-marido-e-preso.ghtml,violencia,95
"Ônibus tomba na PA-151, em Abaetetuba, no PA, após manobra para evitar colisão com carreta",2026-06-20T15:37:40+00:00,PA / Abaetetuba / Colônia Velha,https://g1.globo.com/pa/para/noticia/2026/06/20/onibus-tomba-na-pa-151-em-abaetetuba-no-pa-apos-manobra-para-evitar-colisao-com-carreta.ghtml,outros,90
Jovem é morto a tiros em frente a distribuidora em Boa Vista,2026-06-20T15:34:32+00:00,RR / Boa Vista / Senador Hélio Campos,https://g1.globo.com/rr/roraima/noticia/2026/06/20/jovem-e-morto-a-tiros-em-frente-a-distribuidora-em-boa-vista.ghtml,homicidio,100
Jovem é morto a tiros em frente a distribuidora em Boa Vista - G1,2026-06-20T15:34:32+00:00,RR / Boa Vista,https://news.google.com/rss/articles/CBMiuAFBVV95cUxPSVFoVVQ5Wkx4S1NLeUoxS3FncGZmaTcxSFNocjZVcDhGOVg5SDR1N0ZJNUFIektyQ0dJNEtTLU50OEl2dVB6S05JcDJOZFkyMG5Db0pERWptWnpzMGd3NGpISU5UakpoU0s5QzNZLTF4cVFTbHZ2b3JSTUFFUTZMbmotX0VQTW9qbnZPR2t2RXVKeTBuVlB3d2t4UTNPT0plQ1ZVMjlzUGtKMUtaZUk4Mm93azFaZEhp0gHHAUFVX3lxTE9HQllsRzV3QkR5VTZRdXdxWE9sM3RYVTdzWFFTRUJZOXFtd2l6VnpNSEVxaVZQcXVnOS1WblJ6VllYYnJLUDA5TzVxV3NmRm9JTUZaMFl6ZnZsSGx4b2hoT2ZmbUFXcHo2elpLLXdFWDZqSGZjWnRCUlFvamVPZFBWeUtkWUJiRGJGaDFuRFdJNXF4dldyU2J2a1h3eDBrV2xEX0RaelNjdGZ5TElnLVNpeEhUOEU5cExfdU8wQTZzNHdKN0NCYVE?oc=5,homicidio,100
"Borracheiro fica gravemente ferido após explosão de pneu em Eldorado do Carajás, no Pará",2026-06-20T15:29:43+00:00,PA / Eldorado do Carajás,https://g1.globo.com/pa/para/noticia/2026/06/20/borracheiro-fica-gravemente-ferido-apos-explosao-de-pneu-em-eldorado-do-carajas-no-para.ghtml,outros,95
Tios de menina encontrada morta em fazenda morrem durante limpeza em tanque de soro de leite,2026-06-20T15:25:13+00:00,GO / Doverlândia,https://g1.globo.com/go/goias/noticia/2026/06/20/tios-de-menina-encontrada-morta-em-fazenda-morrem-durante-limpeza-em-tanque-de-leite.ghtml,homicidio,85
"Motorista de Porsche que causou engavetamento é preso por embriaguez ao volante, mas paga fiança e é liberado em SP",2026-06-20T15:14:21+00:00,SP / São Paulo,https://g1.globo.com/sp/sao-paulo/noticia/2026/06/20/policia-civil-investiga-engavetamento-causado-por-motorista-de-porsche-que-se-recusou-a-fazer-teste-do-bafometro-em-sp.ghtml,veiculo,90
Suspeito de lavagem de dinheiro é preso ao sacar R$ 1 milhão em espécie,2026-06-20T15:10:39+00:00,PI / Teresina / Centro,https://g1.globo.com/pi/piaui/noticia/2026/06/20/suspeito-preso-sacar-dinheiro.ghtml,fraude,95
Caminhão-tanque pega fogo após bater em nove veículos e interdita a BR-381 em MG; veja vídeo,2026-06-20T15:02:55+00:00,MG / Bom Jesus do Amparo,https://g1.globo.com/mg/minas-gerais/noticia/2026/06/20/caminhao-tanque-pega-fogo-apos-bater-em-nove-veiculos-e-interdita-a-br-381-em-mg-veja-video.ghtml,outros,95
Jovem de 19 anos é encontrada morta com marcas de tiros em rua de Palmas,2026-06-20T15:01:33+00:00,TO / Palmas / Santa Bárbara,https://g1.globo.com/to/tocantins/noticia/2026/06/20/jovem-de-19-anos-e-encontrada-morta-com-marcas-de-tiros-em-rua-de-palmas.ghtml,homicidio,100
Mulher é presa ao confessar ter executado homem achado morto dentro de carro em SC,2026-06-20T14:36:23+00:00,SC / Jaraguá do Sul,https://g1.globo.com/sc/santa-catarina/noticia/2026/06/20/mulher-60-anos-presa-confessar-executado-homem-jaragua-do-sul.ghtml,homicidio,100
Reféns em escritório e mais de R$ 500 mil em joias roubadas: Suspeitos de cometer crime em bairro nobre de Porto Alegre são denunciados - abcmais.com,2026-06-20T14:34:55+00:00,RS / Porto Alegre,https://news.google.com/rss/articles/CBMi-gFBVV95cUxPZ0UwNzBPbHoycXlUREhMRzBnQ0ptMzZ0a0lyOWpFT0wzWEVyNlU1V3FkVm5GbmVwcmZxYXZkVm5EQTIzcVpvNE9IaE5mSTZaRnNmUW55aExkaDlfX2pkU3RjSGU2ZklOcWN4S3JNSUJaT3ItRzZvSU9qU1ZKYjlWTVV0Z1dvSUJsSWhKN0ZrWExHaHNDc3ZPSWNGVGhvSF9OZnUwVFFRcmYyMDVabE5VbFNTeUJ6NXg1NWF2RGVQZkhmWThsdGdsUzVoNDcyTzRacklidXZhQTFWbUU1cXZRSTJQRzFkZDB2dlV6b256MWJjRWNhR05tMVZB?oc=5,roubo,95
PF apreende mais de R$ 100 mil em dinheiro na casa de ex-diretor de hospital no ES; investigação apura fraudes em contratos,2026-06-20T14:33:47+00:00,ES / Guaçuí,https://g1.globo.com/es/espirito-santo/sul-es/noticia/2026/06/20/pf-apreende-mais-de-r-100-mil-em-dinheiro-na-casa-de-ex-diretor-de-hospital-no-es-investigacao-apura-fraudes-em-contratos.ghtml,fraude,95
Acidente de moto mata homem em Barra Mansa,2026-06-20T14:28:22+00:00,RJ / Barra Mansa / Ano Bom,https://g1.globo.com/rj/sul-do-rio-costa-verde/noticia/2026/06/20/acidente-de-moto-mata-homem-em-barra-mansa.ghtml,veiculo,95
"Homem de 76 anos morre após incêndio em residência em Rosário do Sul, no RS",2026-06-20T14:24:12+00:00,RS / Rosário do Sul,https://g1.globo.com/rs/rio-grande-do-sul/noticia/2026/06/20/homem-de-76-morre-apos-incendio-em-residencia-em-rosario-do-sul-no-rs.ghtml,homicidio,95
Mulher morre no hospital após ser agredida com barra de ferro em Poço Redondo; ex-companheiro foi preso,2026-06-20T14:20:55+00:00,SE / Poço Redondo,https://g1.globo.com/se/sergipe/noticia/2026/06/20/mulher-morre-no-hospital-apos-ser-agredida-com-barra-de-ferro-em-poco-redondo-ex-companheiro-foi-preso-como-suspeito.ghtml,homicidio,100
Duas friagens são previstas para Rondônia; veja quando,2026-06-20T14:17:46+00:00,RO / Vilhena,https://g1.globo.com/ro/rondonia/noticia/2026/06/20/duas-friagens-sao-previstas-para-rondonia-veja-quando.ghtml,outros,100
Protesto em Botafogo reúne moradores contra leilão de terreno de antigo supermercado,2026-06-20T14:17:03+00:00,RJ / Rio de Janeiro / Botafogo,https://g1.globo.com/rj/rio-de-janeiro/noticia/2026/06/20/protesto-em-botafogo-contra-leilao-de-terreno.ghtml,outros,85
Recife (PE): Ilha usada como ‘centro logístico’ é alvo de operação policial - Diário do Estado,2026-06-20T14:13:53+00:00,PE / Recife,https://news.google.com/rss/articles/CBMipgFBVV95cUxQN3VSeDM2Z2RKX1hveFVJdUJjTjA3UGhwTm8zSUQ2UEdzLU5XX3FDdDU2cFplYzZucWxpamtTNzR3ckRjcWI0S1d0ZHlMSHI4OGJRS29OTWJvVF9KQkxndGFTb3Z3YUhjVGZtaFNNaFV0MHplYkVwVFpkZTkyTC0tUEZxSDZOZGwwVzRRZnE4LU1qOThYNVVDbEl5WHJHUzFseUNtbVdB?oc=5,policia,95
Suspeito morre e outro fica ferido após troca de tiros com policiais durante perseguição em Salvador,2026-06-20T14:10:21+00:00,BA / Salvador / IAPI,https://g1.globo.com/ba/bahia/noticia/2026/06/20/troca-de-tiros-em-salvador.ghtml,policia,95
"Motociclista de 24 anos morre após acidente com caminhão-caçamba na BR-316, no Piauí",2026-06-20T14:00:23+00:00,PI / Monsenhor Gil,https://g1.globo.com/pi/piaui/noticia/2026/06/20/motociclista-morre-acidente-caminhao.ghtml,outros,95
Viatura da PF é furtada em Belo Horizonte - O TEMPO,2026-06-20T13:56:06+00:00,MG / Belo Horizonte,https://news.google.com/rss/articles/CBMijgFBVV95cUxOT0tUZ29RU2RoUzM4ZkZjaWhKRjFlM1RWSWl1V2JsWWN3TU52OHhIaGJMTmlxMXFRZGhjNjZ2dEdXeVdMZmdrVTZVZ3l2QjJTTXUtRThSOFRmUUlzbEgzYm5EMHlNakt1dWhEbnBNZlJlNjBuRW80aS1pYk5USVktQ3MzWlREd05OLVhWZFF30gGTAUFVX3lxTE5ITUk3Nm9ld0ZSMjhRY05vS3AzR09hUzRsY0RTUUF3WFlXaF9YWmFtQXVRaTRKaGJUdENxWGdQRERLS0dNQXM5SFFySVY1Um9BRXI2OFh6WEJrX3BRamwxYXh3WUhVWEUwdmdMSzdZdVlFcWVaZ3FtV05Gb3JGQXpUWUdrV0tfUWhvMWV4QlZNZFh4SQ?oc=5,furto,95
"Mulher de 27 anos morre após ser atropelada na Avenida Perimetral, em Varginha, MG",2026-06-20T13:54:58+00:00,MG / Varginha,https://g1.globo.com/mg/sul-de-minas/noticia/2026/06/20/acidentes-de-transito.ghtml,homicidio,95
"Morre, aos 82 anos, o empresário Stênio Gonçalves Andrade",2026-06-20T13:49:14+00:00,SE / Aracaju,https://g1.globo.com/se/sergipe/noticia/2026/06/20/morre-aos-82-anos-o-empresario-stenio-goncalves-andrade.ghtml,homicidio,90
Motociclista morre após ser atingida por caminhonete em alta velocidade em Campo Grande,2026-06-20T13:47:00+00:00,MS / Campo Grande / Centro,https://g1.globo.com/ms/mato-grosso-do-sul/noticia/2026/06/20/motociclista-morre-em-acidente-com-caminhonete-em-campo-grande.ghtml,veiculo,100
Acusado por matar idoso durante discussão por latido de cães é condenado a 32 anos de prisão,2026-06-20T13:45:56+00:00,TO / Xambioá,https://g1.globo.com/to/tocantins/noticia/2026/06/20/acusado-por-matar-idoso-durante-discussao-por-latido-de-caes-e-condenado-a-32-anos-de-prisao.ghtml,homicidio,100
Colisão frontal entre dois veículos deixa dois mortos no Norte do RS,2026-06-20T13:25:14+00:00,RS / Iraí,https://g1.globo.com/rs/rio-grande-do-sul/noticia/2026/06/20/colisao-frontal-entre-dois-veiculos-deixa-mortos-no-norte-do-rs-irai.ghtml,veiculo,90
Gerente do PCC é preso em Vitória após mais de 3 anos foragido,2026-06-20T13:24:52+00:00,ES / Vitória / Morro do Romão,https://g1.globo.com/es/espirito-santo/noticia/2026/06/20/gerente-do-trafico-e-preso-em-vitoria-apos-mais-de-3-anos-foragido.ghtml,policia,95
"Jovem reage a tentativa de assalto, entra em luta corporal e suspeito é preso em Santa Maria - Diário de Santa Maria",2026-06-20T13:22:00+00:00,RS / Santa Maria,https://news.google.com/rss/articles/CBMi5gFBVV95cUxNTDcwd2YxM3NYbUR4dEdNb2xRcTBJRkNkTG5ZQ3JFUERLN3p1cS1kLThLN1k5U25MRTBUWjdkek1ybDBSb3ZtWGhGZWVFdnZlNWd6X0NOb3p5TzA2cml3OXM5bkxhM3A1MTJBU1NhWlNvR1g4ZldVanlVQmw0VU5oNUVvZVlKeVdTeEpZQnRHX1NCQm5wcmpJUURubktHOXR1YkxodHRRVlU1TjNVa1lpZDNHb1hkakFpbnJ4RzhKRWxzV3BYbHVMNUdEMndtRmthaTBPT0F3d1hhV2M2bC1rZ2tzN0ZhZw?oc=5,roubo,90
Motorista de topique morre em colisão com caminhão em rodovia no interior do Ceará,2026-06-20T13:20:19+00:00,CE / Assaré,https://g1.globo.com/ce/ceara/noticia/2026/06/20/motorista-de-topique-morre-em-colisao-com-caminhao-em-rodovia-no-interior-do-ceara.ghtml,homicidio,100
Suspeito é preso em flagrante por estupro de criança em Vila Nova dos Martírios,2026-06-20T13:18:19+00:00,MA / Vila Nova dos Martírios,https://g1.globo.com/ma/maranhao/noticia/2026/06/20/suspeito-e-preso-em-flagrante-por-estupro-de-crianca-em-vila-nova-dos-martirios.ghtml,estupro,100
Homem é encontrado morto com marcas de tiros em casa no PI; polícia suspeita de invasão e execução,2026-06-20T13:12:00+00:00,PI / Demerval Lobão / Residencial Francisco Azevedo,https://g1.globo.com/pi/piaui/noticia/2026/06/20/homem-encontrado-morto.ghtml,homicidio,100
Homem é morto a tiros e outro fica ferido em Divinópolis; cidade registra 3º homicídio na semana - G1,2026-06-20T13:11:23+00:00,MG / Divinópolis,https://news.google.com/rss/articles/CBMi7gFBVV95cUxQa0lCT0ZET2U2SDdPX2plbjNEVEszeWJIc0ZiMmlHVDFzZHBfaXBaNVdFQWlYU1NiWVU5U3JrX1VteE9UaFJoWnI3ODBHd3hPTHhjYWFQWkJ0dTUtdV9Ga3JudElRcWl5d1JBVmtuYVZPaDdITUNyWXdRQnd5bUttTzNZZ1Z2MUVNSEhCRzhjdjlTV0gzcW5fd1RuOE1wSndkUDNOMVFYUm01akJxZWl0cUZ4ZVlzWVNVN2hSMlZzVTJaNWlEWmlEZTRPc1QyelJWNzRwOU1XazI1c0VWQzY0cnZ0dU1nQjBKT2dNN3J30gH8AUFVX3lxTE85dWE5SWJILVBLWFNLdDByelQ4NThXUUVxLWk3bXBxZXc1eEdGSDJPVTdva2FzbDdLS1lxWnhKcnBxaVV0YUpoUGMtaUVkejFFb0FYeFlDLVFlLTUtX2VTbU5VY0g2MGlHYVhNaTc0aDlETWcwak9UUzY1VVp4WlVOY0tEd3BMRndqTGY4R1dNOFlSWC1NdzRUSC1YZ0FTODg4SlBIcGFqNGQyZk5wMkExWWl0UFYwVFV0Qzc2R250ZDN3dHV3MHFfN3dRd0ptS0NISWdaZFpxVF9wcHlJbjFjMVFLUEVoaGh2T3JQYTdoYVYwRlYyR05BSDhYMA?oc=5,homicidio,100
"Onça-parda, tamanduá e irara são registradas por câmeras em Barra do Piraí",2026-06-20T13:08:53+00:00,RJ / Barra do Piraí,https://g1.globo.com/rj/sul-do-rio-costa-verde/noticia/2026/06/20/onca-parda-tamandua-e-irara-sao-registradas-por-cameras-em-barra-do-pirai.ghtml,outros,95
Encontro internacional em Belém (PA) fortalece ações contra o narcotráfico marítimo - Agência Marinha,2026-06-20T13:05:56+00:00,PA / Belém,https://news.google.com/rss/articles/CBMiyAFBVV95cUxPYmFzem1HU2p6WkQ3R2xnVW1sVllMV0NheVBhQS15bkNGcW5tdlhmZ0lJZ25tcGpMeS0zTmo4Q2EzQ2Q1N290WUduOS1qS3dPUHVCS2FxdHFyRWpEc1J2TGFIWnBzd2hoVWxiOEZSdlVJVVVMcDNLcHFPYzRXaXJnVTgxTFcyaVoxeFlOMjJuTmNCNENSQjBpd19VVDMxTFRlb2hQZWYxOU1xLTFrM2NJSnlVTjdPVlAxaTNLdzNBQzlkdS1LLXJtZQ?oc=5,policia,90
"Cover e sósia de Marília Mendonça se reúnem, e produção emociona: 'Semelhança é impressionante demais'",2026-06-20T13:02:05+00:00,GO / Goiânia,https://g1.globo.com/go/goias/noticia/2026/06/20/cover-e-sosia-de-marilia-mendonca-se-reunem-e-producao-emociona-semelhanca-e-impressionante-demais.ghtml,outros,100
Vítima sobrevive a tiro na cabeça após atentado - Alagoas 24 Horas,2026-06-20T12:54:00+00:00,AL / Maceió,https://news.google.com/rss/articles/CBMilAFBVV95cUxQOEZ6T3FFTTdsX21xZ19FMkNMdE9aQlVROVhVeUI0Slo3VzRMM1hWa1M4dU1ZRFUxaEswc0RTdmhwZkQwc0FoMUh5ZzdMd2dSRG5wUW1QWW1Jb0l1UG9Qd21mT3NUMXpfMHRZLVlTenNHNWpXOGZZSWNSbS10NmtHdDQwamF6ckIyeUhxWjFiODNDZVNN0gGaAUFVX3lxTFBjblAzNTdtTkNoZ0pyajRBc3Via3EyRXh6Yk9ReVZMYkpKa1hpRTNmdUVJOVlyb1l5Y2VzOUhrdjliV2EzZjZaUmV0bmRRTU9SWE5NWmxfbE1WNlllRlBnRmlGWEs1SlBfRWNCUlpxTnk1U0RJemw1SDFwVEk0N2FXdEh1UTExbFJtMTFra1ZEUFVKTXJZbElkNUE?oc=5,violencia,85
Central 190 | Suspeito de assalto a farmácia é preso após ser reconhecido em imagens e por moradores - afnoticias.com.br,2026-06-20T12:52:00+00:00,MG / Areado,https://news.google.com/rss/articles/CBMiwgFBVV95cUxNYm1WZ0lVWTVuY0lJQi1HSmdYdDR5QWxSQWllcXkxLXJpVFdQcnI4RTBtTXZUVHR4QWNTREh5c1hLeTdLMjU3NFlBQVdrNHJmaElsRkRrbWtwVUs1WVFvMHA3bFIyVWtrMk5tWlVtS0ZrR2pHQ185bnU3eTRmeGE1bGI2R3ctMFNIdGNlZzBBbndGNldQV3lxWE40aUFRRVZYMm1zaTZEY3JVQmotNVBWSGM3NUI1NWkyUmU5ZWI1TkczZw?oc=5,policia,90
"""Homofobia é crime"": Coletivo Somos denuncia comentários homofóbicos após Parada LGBTQIA+ de Palmas - Jornal Opção | Tocantins",2026-06-20T12:46:00+00:00,TO / Palmas,https://news.google.com/rss/articles/CBMi4gFBVV95cUxNOHJDNC1YX2o2T0hRZzhneVB2Vk9zRjhKTlNnc0w3WWFuUFZXSzVKNFFuWkJJMkRsRTNWTGlrYlZzRElVQlkzbFh0bThxSXVqNzFiR3FpSWV2UDBVcFExX202c1BFbHJ1MFRscGtQVkc1MUZvb0RuZGYtUkJLSzVsd2I0OU9rRURxN3dRcjNDNnltekRHN1dobWlfd2JwVVRiN3pLd2p6ZmJuT0tXakY0X2hxWnJnZnFScFJhb2VkMHJTVkpwSC1ibjhOZElDeUN3MjZrZ1QtQ2t1bGx3M1RYSmV3?oc=5,violencia,75
Suspeito de matar homem e mulher a tiros é preso em matagal no PI; helicóptero fez buscas,2026-06-20T12:45:27+00:00,PI / União,https://g1.globo.com/pi/piaui/noticia/2026/06/20/suspeito-preso-matar-tiros.ghtml,homicidio,100
Trio é preso por tráfico de drogas em Volta Redonda,2026-06-20T12:41:02+00:00,RJ / Volta Redonda / Belmonte,https://g1.globo.com/rj/sul-do-rio-costa-verde/noticia/2026/06/20/trio-e-preso-por-trafico-de-drogas-em-volta-redonda.ghtml,trafico,100
Crime Brasil: Rio Branco registra mais de 39 mil ocorrências em um ano; Bosque lidera - Portal Acre,2026-06-20T12:37:36+00:00,AC / Rio Branco / Bosque,https://news.google.com/rss/articles/CBMiugFBVV95cUxOdzAxd2xyS05KbHJjQ3NwZk5HNV83WEo2b2xEaFo2YXV2NGRZNTVqWkNvS1VLUDhZemhic1EteEp6aWxNRjFJb05tXzI3YXJYdHNCR3ZoOVFJVmpqN21HQ1l4MWJJVW1OTmRaSFlzblEycnRsRFQ4MmUtVkpOQ0NoRGowS05VUlBwNWxLTFNxMThtMVZHMlk1bmFhanowNnc5MUlqR3FFT0EzVlc5dlF6cWdjVElrblBxT0E?oc=5,outros,90
Feminicídio: homem mata companheira a facadas e tenta tirar a própria vida no DF,2026-06-20T12:36:03+00:00,DF / Brasília / Recanto das Emas,https://g1.globo.com/df/distrito-federal/noticia/2026/06/20/feminicidio-homem-mata-companheira-a-facadas-e-tenta-tirar-a-propria-vida-no-df.ghtml,homicidio,100
Médico morre após perder o controle do carro e bater em árvores na MG-353,2026-06-20T12:20:40+00:00,MG / Rio Novo,https://g1.globo.com/mg/zona-da-mata/noticia/2026/06/20/medico-morre-apos-perder-o-controle-do-carro-e-bater-em-arvores-na-mg-353.ghtml,homicidio,85
Duas mulheres foram vítimas de roubo em Blumenau. Criminosos trancam vítimas em banheiro após assalto. - Blog do Jaime,2026-06-20T12:15:00+00:00,SC / Blumenau,https://news.google.com/rss/articles/CBMixwFBVV95cUxQOGplNlFIQzM3b3RrbEQwX1ZJWGY0VUgzRUdZRFUtVWs4T2FIZ0hZdEhjUFgwMVhZM3RMSDFKQ3Q5dl9nZVcwc0lBM0ZJZ3pWY3FCajFCc0U1Z0RyWUNPaUlWSFN5Qk1RVGVmOWFseml3TThEOXNoa1lLYmJGLVhOZmUyZzlDSGFuRjgzX1F4REszblctb2xma2ZTdUo3Z3hwcHk5S01mM2VlekpTNVdwUHUzTzFZVlpNRkVTUEdvLV9kdDlYX2Zr?oc=5,roubo,100
Suspeito morre após troca de tiros com PM em Campo Grande - Campo Grande News,2026-06-20T12:11:00+00:00,MS / Campo Grande,https://news.google.com/rss/articles/CBMiywFBVV95cUxPYV82cGZ3dTR4d09BNHE4YzhTcU5RVTRBN1ZpMWhEQTlMVGJIc25yRy01Q1hja0JHcFlfTFdTM2pILXBsbmZCU1JNQWtQQ0F6N2Jlb3BrRy1wVWJiUnktMTh6Qi1NWXFIcWJoWmFqZ0p1WnN0MEdDeExnczlOekQ5Vk54bEJXX2NzTU1ZMERUVEszM2ctakVlMm9XcWhJYmlyM2RQemFfdkEyQV9YSDlTZ2xmcE40RHhtX2VtZ1ZBcTNsdmxHcl9zNjk4UdIBywFBVV95cUxPRUJNMExhX2FpeGQ5dXlyVUYxeFpYblhhUDl5aEx3ck04V3A4SHJQamtOb2dwMF81UGV1NXR5bzRTNDU1WXdEdmFRU05VVlNXNk5sbmptc19Od05zVUJoeHR3Q3hleXJGMzNYS3doZGZXYllUWWZ5YWgxTlpVRnFXajZuYjhnSEtKbXIzN3E4aXFqMGRmTUhYTXZiX0NaLWJrclFIVE9DSkdwUGlrTVBnLWhuOEpXYVJYUHluVFl2X3dGdi1Fa1ZhVDA4QQ?oc=5,policia,90
Briga entre crianças termina com homem morto em Campo Grande; sargento da PM é apontado como autor dos disparos,2026-06-20T12:06:10+00:00,RJ / Rio de Janeiro / Campo Grande,https://g1.globo.com/rj/rio-de-janeiro/noticia/2026/06/20/homem-e-morto-em-campo-grande.ghtml,homicidio,95
"Empresário é morto a tiros enquanto ia à delegacia denunciar agiota, diz polícia",2026-06-20T12:04:06+00:00,GO / Anápolis,https://g1.globo.com/go/goias/noticia/2026/06/20/empresario-e-morto-a-tiros-enquanto-ia-a-delegacia-denunciar-agiota-diz-policia.ghtml,homicidio,100
"Mais de 10 mil mulheres sofreram violência doméstica em Rio Branco no último ano, aponta pesquisa",2026-06-20T12:00:11+00:00,AC / Rio Branco,https://g1.globo.com/ac/acre/noticia/2026/06/20/mais-de-10-mil-mulheres-sofreram-violencia-domestica-em-rio-branco-no-ultimo-ano-aponta-pesquisa.ghtml,violencia,100
"VÍDEO: Acidente envolvendo ao menos 14 veículos deixa um morto e sete feridos na BR-262, na Grande BH",2026-06-20T11:59:25+00:00,MG / Betim,https://g1.globo.com/mg/minas-gerais/noticia/2026/06/20/video-acidente-envolvendo-ao-menos-15-veiculos-mobiliza-bombeiros-na-br-262-na-grande-bh.ghtml,outros,95
"Em meio à crise na Saúde de Palmas, Santa Casa cobra pagamento atrasado da prefeitura",2026-06-20T11:54:33+00:00,TO / Palmas / Norte,https://g1.globo.com/to/tocantins/noticia/2026/06/20/em-meio-a-crise-na-saude-de-palmas-santa-casa-cobra-pagamento-atrasado-da-prefeitura.ghtml,fraude,95
Ministério Público denuncia dois homens por assalto milionário a escritório de advocacia em Porto Alegre - Clic Camaquã,2026-06-20T11:44:11+00:00,RS / Porto Alegre,https://news.google.com/rss/articles/CBMi1wFBVV95cUxPZlZXeURPRi1nZzZMRVVsMlJpVXRDVUlWWWZ2SEpwYVFsZEVGNEtoZFVOYnZ5MC1JOWdXaGdSbnRSWHBwMUp6cDRyTS0yTVlvZFdOYXIxTnJPQ3pMM0pfV3ZIVnQzZTRrOTBSc2NNSVBhMHJ0U2lYWWc2UlZXVmZhRDFpR055by1IaHZwM1BWcmx0dlZ0OGFvM3Rqd2c4cmNMSTctR2N2MGtkVEQxSmVEQzFtZjJkcjVVb3pPandIM3Joa1JIVmV3TVpNcDZzLWZjNkMtVXpwRQ?oc=5,roubo,95
Construtor Hugo Moll é vítima de atentado a tiros em salão de beleza em Ponta Grossa - Marechal News,2026-06-20T11:42:00+00:00,PR / Ponta Grossa,https://news.google.com/rss/articles/CBMixgFBVV95cUxPcl9yc3BfREFiZERva0FPdGhqUjlKS0FzTk5IVFRtSVJwRkdnZDVGT0t4R3ZMWk5ULXRHejZORm9pYkVhUHZsSHhWNGtMX2lCT2loM1AyN0J1andUMVZ5V29BSlp6eHdQMk9FV0tSSkVlemNsaXRMTDJRV0RiNG1iUk4teURRcTc0Q2g5Vl9VNTAtOUJCV09XV0c2bVF5LXRMVnd0eTdEU0tlaEtkc0VMMlQyUl9FTnM2XzNxQzU1Q3JQeUxlM1E?oc=5,violencia,95
Ajudante de pedreiro é morto a tiros após sair de casa para realizar pagamento no interior da Bahia,2026-06-20T11:35:29+00:00,BA / Feira de Santana / Subaé,https://g1.globo.com/ba/feira-de-santana-regiao/noticia/2026/06/20/homicidio-feira-de-santana.ghtml,homicidio,100
"Pulseira com cadeado e checagem no raio-x explicam demora em inspeção de influenciadora em Viracopos, aponta relatório",2026-06-20T11:32:54+00:00,SP / Campinas,https://g1.globo.com/sp/campinas-regiao/noticia/2026/06/20/pulseira-com-cadeado-e-checagem-no-raio-x-explicam-demora-em-inspecao-de-influenciadora-em-viracopos-aponta-relatorio.ghtml,furto,95
Homem é preso por descumprir medidas protetivas solicitadas pela própria mãe idosa em Santa Inês,2026-06-20T11:16:19+00:00,MA / Santa Inês,https://g1.globo.com/ma/maranhao/noticia/2026/06/20/homem-e-preso-por-descumprir-medidas-protetivas-solicitadas-pela-propria-mae-idosa-em-santa-ines.ghtml,violencia,95
"Casos de descumprimento de medidas protetivas crescem, e Patrulha Maria da Penha já acompanha 227 mulheres no interior de SP",2026-06-20T11:00:33+00:00,SP / Dracena,https://g1.globo.com/sp/presidente-prudente-e-regiao/noticia/2026/06/20/casos-de-descumprimento-de-medidas-protetivas-crescem-e-patrulha-maria-da-penha-ja-acompanha-227-mulheres-no-interior-de-sp.ghtml,policia,95
Advogado é morto a tiros enquanto assistia a jogo do Brasil em Santa Luzia do Paruá - G1,2026-06-20T10:57:29+00:00,MA / Santa Luzia do Paruá,https://news.google.com/rss/articles/CBMi2AFBVV95cUxQNUEzZ2Y3SnRYUFpmSkk1QzljdmVxNzFkXy14RWo5MlVxUk1wLUxvMHdZdE1zV1RITkl4bnJwdVpiWWNCOXlYak5WaE5IQmx4eUlkQ01iNHZwZ2lHV0pJd25kenh1OXlUQi1YT2hYWTVIREpTekp4OVlQTy1CenQ5ZVRfLVhxMGRZT21SeGdSSm5jSFBPdlBrNHRhTjcxY0QyNy1zZ2lkNFlTb2gtbWpPMmg5N1d5eUk4Yi1EQjNpR1J0VkYwdXZfd3hOeUctRXFxQUctWlB4U2PSAecBQVVfeXFMUFBJWURVX2FFa1kybjlpcjVqLVQ3NUpEQ1pxeGRtdm1adFhrb3A0czJ6RDFUWG0zdE03VVQ4dXZadkM0MUkyM0g1VmJhdzdrcHdINU5MZzdUeDhVVjRqTkxrNFlISDNnbFRjelQ0UzJyUW5NUV9rZ0xUcjhPOV9XYkRxN05zMUZOMHp4N2RyUTVaQkdTTVF6ZDd2V3BTUllzNm04VzRrUDdIOFpsV2M3OXUzeVRGSUxrSEZPeUhsTUhUbUJmZGZ5QWNDMG0xLXFZd25mTjJVWTU3TUNOWXBiaFQ1SjljTDlr?oc=5,homicidio,100
Dois homens são denunciados por roubo de joias que deixou seis reféns em escritório de advocacia em Porto Alegre - GZH,2026-06-20T10:36:38+00:00,RS / Porto Alegre,https://news.google.com/rss/articles/CBMiqAJBVV95cUxPMGVaQ2Vuc3pzQjFyMmJNNFk4UkJyc28xNTYtV2l1NjRISGxNZWl5R2I2VEpxTDNSbV9kYVlHdGlyNDVFaWNnc2VnQTZGRW93QW1TYlNGZVVHQkxORUJxaWVicUQtbTAzWDRFZFptdG5wTVB0cEFQUmo3QnRYbkhEOEQ0WTFnSGx4ZWl6WjJodmpmcjZRNmYzaS1jbVNyNkEtX0tsYzA5cWJXNkFudnl3TFFzLUtqZjMwM18yWjM3ZXFORHFiM3RSaUt5czRaR2g5ZGxhd3ZRQ1BoQXVLYzhOR0x5RHM4TXdGZkNXU1FoWUk4MElfX1ItS1BnazVtQUNMX2tJZ0QxVllOeFAxS252V1hDTC1mVkEwY0h1bWVzenkwa2lHS3NzaA?oc=5,roubo,95
Litoral da Paraíba tem três trechos impróprios para banho; veja quais,2026-06-20T10:13:01+00:00,PB / Pitimbu,https://g1.globo.com/pb/paraiba/noticia/2026/06/20/litoral-da-paraiba-tem-tres-trechos-improprios-para-banho-veja-quais.ghtml,outros,90
Polícia apura participação de terceiro homem em caso de ator encontrado morto em motel de Campo Grande,2026-06-20T10:00:13+00:00,MS / Campo Grande,https://g1.globo.com/ms/mato-grosso-do-sul/noticia/2026/06/20/policia-apura-participacao-de-terceiro-homem-em-caso-de-ator-encontrado-morto-em-motel-de-campo-grande.ghtml,homicidio,100
"Vice-prefeita afastada pagou R$ 41 mil para 'adoecer esposa do amante', diz mãe de santo",2026-06-20T09:16:28+00:00,SP / Ribeira,https://g1.globo.com/sp/santos-regiao/noticia/2026/06/20/vice-prefeita-afastada-pagou-r-41-mil-para-adoecer-esposa-do-amante-diz-mae-de-santo.ghtml,fraude,95
Adolescente grávida de 9 meses é esfaqueada após briga virtual no litoral de SP; VÍDEO,2026-06-20T09:16:20+00:00,SP / Praia Grande / Guilhermina,https://g1.globo.com/sp/santos-regiao/noticia/2026/06/20/adolescente-gravida-de-9-meses-e-esfaqueada-apos-briga-virtual-no-litoral-de-sp-video.ghtml,violencia,95
Motorista sem CNH e dono de carro são condenados a pagar R$ 44 mil a motociclista amputado em Uberlândia,2026-06-20T09:01:01+00:00,MG / Uberlândia,https://g1.globo.com/mg/triangulo-mineiro/noticia/2026/06/20/motorista-sem-cnh-e-dono-de-carro-sao-condenados-a-pagar-r-44-mil-a-motociclista-amputado-em-uberlandia.ghtml,veiculo,95
"Você viu? Restauração de estátuas sacras 'desfigura' imagens e vira piada, caminhão sem freio quase atropela trabalhador e vagas de emprego em Itaúna",2026-06-20T09:01:00+00:00,MG / Itaúna,https://g1.globo.com/mg/centro-oeste/noticia/2026/06/20/voce-viu-restauracao-de-estatuas-sacras-desfigura-imagens-e-vira-piada-caminhao-sem-freio-quase-atropela-trabalhador-e-vagas-de-emprego-em-itauna.ghtml,outros,80
FALA JOTAEFE,2026-06-20T09:00:49+00:00,MG / Juiz de Fora / Parque Halfeld,https://g1.globo.com/mg/zona-da-mata/especial-publicitario/tv-integracao/noticia/2026/06/20/fala-jotaefe.ghtml,outros,95
"Você viu? Mulher terá que pagar aluguel ao ex, homens atropelados após briga em festa e bunker fechado pela polícia em Juiz de Fora",2026-06-20T09:00:33+00:00,MG / Juiz de Fora,https://g1.globo.com/mg/zona-da-mata/noticia/2026/06/20/voce-viu-mulher-tera-que-pagar-aluguel-ao-ex-homens-atropelados-apos-briga-em-festa-e-bunker-fechado-pela-policia-em-juiz-de-fora.ghtml,policia,70
Bombeiros abrem quartéis para visitação gratuita neste sábado em BH e em outras cidades de MG; veja programação,2026-06-20T09:00:16+00:00,MG / Belo Horizonte / Pampulha,https://g1.globo.com/mg/minas-gerais/noticia/2026/06/20/bombeiros-abrem-quarteis-para-visitacao-gratuita-neste-sabado-em-bh-e-em-outras-cidades-de-mg-veja-programacao.ghtml,outros,90
Produtor rural que teve depressão após ser acusado de furto vai ser indenizado em R$ 25 mil por vizinho em MG,2026-06-20T08:00:43+00:00,MG / Campina Verde,https://g1.globo.com/mg/triangulo-mineiro/noticia/2026/06/20/produtor-rural-que-teve-depressao-apos-ser-acusado-de-furto-vai-ser-indenizado-em-r-25-mil-por-vizinho-em-mg.ghtml,outros,95
Motorista que bateu em restos de pneu na BR-040 ganha indenização por má conservação da rodovia,2026-06-20T08:00:41+00:00,MG / Juiz de Fora,https://g1.globo.com/mg/zona-da-mata/noticia/2026/06/20/motorista-que-bateu-em-restos-de-pneu-na-br-040-ganha-indenizacao-por-ma-conservacao-da-rodovia.ghtml,outros,90
"Crime cibernético gera bilhões em prejuízos, alerta especialista. - planetaosasco.com",2026-06-20T07:49:09+00:00,SP / Osasco,https://news.google.com/rss/articles/CBMitAFBVV95cUxNandjVDJWcE5rQWNnX2xLVWltTHlISVk4Wnl5UUpDcmdIZ0tFNmZ3Wkh1MzQ3TXFacm5YdUVHS0hyVURpOFM3SU9xaGJPQjhUZ19wRFdiQzhwZzMwR3FvOXFYU2ZfVTE5SnhkWm1OSzh0TGVEb0kyT08tb3dxU19sc2ZMTDNiZzdwUTRfdkdob3NKTXJIRzlQT25XOE9NRkVSV1BRMDRZMzYtUmVFTmtGRU9uYkU?oc=5,fraude,90
‘Domador de jacarés’ ganha fama no Recife ao capturar animais que chegam a invadir casas; VÍDEO,2026-06-20T06:00:17+00:00,PE / Recife / Jardim São Paulo,https://g1.globo.com/pe/pernambuco/noticia/2026/06/20/domador-de-jacares-ganha-fama-no-recife-ao-capturar-animais-que-chegam-a-invadir-casas-video.ghtml,outros,95
Projeto da UnB oferece atendimento odontológico gratuito a pessoas em vulnerabilidade social,2026-06-20T05:00:17+00:00,DF / Brasília,https://g1.globo.com/df/distrito-federal/noticia/2026/06/20/projeto-da-unb-oferece-atendimento-odontologico-gratuito-a-pessoas-em-vulnerabilidade-social.ghtml,outros,100
Entenda como funcionam as bancas que avaliam os candidatos às cotas raciais; governo indica que pode aprimorar modelo,2026-06-20T05:00:16+00:00,DF / Brasília / Esplanada dos Ministérios,https://g1.globo.com/df/distrito-federal/noticia/2026/06/20/entenda-como-funcionam-as-bancas-que-avaliam-os-candidatos-as-cotas-raciais-governo-indica-que-pode-aprimorar-modelo.ghtml,fraude,85
"De enfermeira a combatente: quem foi Cabo Toco, símbolo da presença feminina e primeira PM do RS",2026-06-20T05:00:11+00:00,RS / Caçapava do Sul,https://g1.globo.com/rs/rio-grande-do-sul/noticia/2026/06/20/enfermeira-combatente-quem-foi-cabo-toco-simbolo-presenca-feminina-primeira-pm-rs.ghtml,policia,95
Defesa Civil Nacional envia alerta sonoro extremo a celulares; órgão fala em possível ataque hacker,2026-06-20T04:05:17+00:00,PR / Curitiba,https://g1.globo.com/pr/parana/noticia/2026/06/20/internautas-relatam-alerta-sonoro-em-celulares-de-curitiba-defesa-civil-diz-que-nao-enviou-mensagem-e-apura-o-caso.ghtml,fraude,85
"Médico preso no Paraná colocou cama, guarda-roupas e televisão em centro-cirúrgico; VEJA FOTOS",2026-06-20T03:00:15+00:00,PR / Itaúna do Sul,https://g1.globo.com/pr/norte-noroeste/noticia/2026/06/20/medico-preso-no-parana-colocou-cama-guarda-roupas-e-televisao-em-centro-cirurgico-veja-fotos.ghtml,violencia,85
Servidor que amputou o próprio pé alegou que perdeu membro em sequestro,2026-06-20T03:00:12+00:00,BA / Amélia Rodrigues,https://g1.globo.com/ba/feira-de-santana-regiao/noticia/2026/06/20/servidor-que-amputou-o-proprio-pe-alegou-que-perdeu-membro-em-sequestro.ghtml,fraude,100
Servidor que amputou o próprio pé alegou que perdeu membro em sequestro - G1,2026-06-20T03:00:12+00:00,CE / Fortaleza,https://news.google.com/rss/articles/CBMi3AFBVV95cUxPZ3BYbXJ0LTJrWjNxQ0pKTG0td3V0elVBbVlMbDB2R0JrM2xxb20zMkd6bjZjclR1MnppZzFvQmtYZzItcXJXUnFZVDlKdHhNS2VscWtCV3QzVUo2NTE5YkF4RUEwQ2ZyU25zUEYyLUhtNW15VWRrQW5xclBEenY5T1lFd1NOa2JudVJoN01maFVzdC1pd0dmOWkyNmdRSngwVHc5SjgxU3Z4dWctejBkcXp5YmlGYUpDbzBMVWxpSDBqS2RBaDFLVHB2OTI0dWljTlVjM0pIZXZiNlQ20gHrAUFVX3lxTFA1MC1rSFVMSVlWeUM3Y0lCWERaTUNRSUtYTlNoUFV2bUYzU2didVFVejdLRzBPQlkyblB0MFU4WmVuOEliNXBCdTBJRzBhQU9uOHhnVl9kZk0wZ3hZVVo2WTgzb1JPWGk5ekRQZ21lbU1TMDNUWl9Cc0gxQjdKOGRTUWlnUmdFM2NqWnVRY2NxV3RETEFBWnh1LVlMXzIxQ2lsZ1JlRy1TOHB4SmNRaUIzenhrT1ZWYW5VMWswUEpLTnY2eGRqY0JTQzRxdnZCUjRVUFpTS2NmNURGX1d2OUxheHRfMUE1b21TZFE?oc=5,fraude,95
Mulher de 38 anos que fingia ser adolescente passou mais de dois meses acolhida por famílias no RS,2026-06-20T03:00:08+00:00,RS / São Leopoldo,https://g1.globo.com/rs/rio-grande-do-sul/noticia/2026/06/20/mulher-fingia-ser-adolescente-meses-acolhida-familias-rs.ghtml,fraude,85
Mais de R$ 500 mil em joias: dupla envolvida em assalto a escritório de advocacia em Porto Alegre é denunciada à Justiça - Jornal O Sul,2026-06-20T00:27:43+00:00,RS / Porto Alegre,https://news.google.com/rss/articles/CBMi2wFBVV95cUxPQXBGcGNwdlZ5NlBRNVQzMEt0dzJWd3otODhHOGJTNkZqSm5TVEtQQmlQUEZKVkhxNFRGdlNmNnBacWdHVkdvcWFFQmxPOHl6TVVoc1BsWjBaYS1Zc0NZS1o2aWQ1VGJ3X0dtR1hZNmlIR1FEQUFoTjhMa2FCN3pKb29DMDk0RGRuQ25kOVZaSG5KQ0JxVXlUQXRqYmY5S055Njh0bVBISkJ0dUhEYXdMVlNENjRUWHJ1YUZadmI5UnExUloxcDNOVm93ZGJVYS1nYjVEWHQxQTNsTGfSAeABQVVfeXFMTmY5WkhKSllWRW92VVhPcGdlV001S2laYW80Y2FJZTVGYlBrUjhva000eGItYm9ZOUU4NTlqZTJhTzA0MXMzWjFTOTQwc28yTmk3dml4UDNrTVBxLUphOVpGUnVpNWtSZUgzWGpQVGNwNnVyaW9lelR2V1VnNjFZQXdZMDRGNktQeWlxLWZ4WXZUckYtdkQ4V3pqelB2am1iazdsWEUySUtWYzh4SW1nX18wbjBOYzBydmpZNVZHdmFSVm03MGs4S0d3TjY3UDJFeDZHVkNadEd0SmJSOFF2N0M?oc=5,roubo,95
Justiça mantém condenação de detento que planejou assalto a supermercado em Rio Branco - AcreNews,2026-06-19T23:25:47+00:00,AC / Rio Branco,https://news.google.com/rss/articles/CBMisAFBVV95cUxPQTdTbkp5VUg1RE9OTXVFRjFNdndrSW1WUkMtdHJGWmZEcXFsWi01TGRkN2lYMmFCWGlLOElTV2JuNVRSYmlleEJLSm5xc3hoanFXTHFCQk93Tkh0U3REM25ISXVEYW4tUlJjWWhkYWw1c2Z3dGV3NkdvaU5JNWpXdEk1ZExoOXZkRkthemoycGNQdllzaExnektGblliazdUR0Vkbk5mVXh0WUNOVkd6OQ?oc=5,roubo,100
Justiça determina devolução de sete crianças a pais investigados por abandono em MT,2026-06-19T23:23:05+00:00,MT / Sapezal,https://g1.globo.com/mt/mato-grosso/noticia/2026/06/19/justica-determina-devolucao-de-sete-criancas-a-pais-investigados-por-abandono-em-mt.ghtml,menor,85
Dois homens são denunciados por roubo de mais de R$ 500 mil em joias durante assalto com reféns em Porto Alegre,2026-06-19T23:14:44+00:00,RS / Porto Alegre / Moinhos de Vento,https://g1.globo.com/rs/rio-grande-do-sul/noticia/2026/06/19/dois-homens-denunciados-roubo-r-500-mil-joias-assalto-refens-porto-alegre.ghtml,roubo,100
Dois homens são denunciados por roubo de mais de R$ 500 mil em joias durante assalto com reféns em Porto Alegre - G1,2026-06-19T23:14:44+00:00,RS / Porto Alegre,https://news.google.com/rss/articles/CBMi1wFBVV95cUxQQjg0VG1UYWNZY1NOdGp2M2ZhVTNlOE0xTkc4UmdKZHNLbWxPV2k3bGlqV0pZMFZWSGdrOU5VQS1fQTFFTTdtWE1vTXctWExkMGVJeWRTWjQyMnpXOWdIWFYzTFVzemgwMEF1MlNZSkhNdEUtcmE4T1pTYVppUjFxamZNdFVtejdCMFhOeFJRbmJsTEprcmczTVNrU0tQdzBPNmVRbEJqbzNJX1Rwd1U5akV1XzJIYWJIQlE0cl9HSG1STHdLZUdjd0Q3Ul8yM25xbFRVWlBpb9IB5gFBVV95cUxNcHJqc1VuSzhLMUlnYWRZMXhraXl6bGNYck5rMkNhWUlrN25YQlA3YTRvZnVQaWZ1Tk9TRzVmRkFhWjhHNXdQem1ha2lEYmlzZ0VjQlJIdHlTUTNHX3hJdzktLXd6Tnh3RHA3MFdvWkZxY3BkYUU5VVM3UlZKRjg1dFNQUFdBSUJaNE5qVmd1dW5PRVU4NHN0Q1ZpcENOMnBUcjM4SWRfaHlySGRWZEhsNUxFUFFIbFR5UHROcUF2WDdJOVNEZ2FXcEhaTmkwT1NvVlZIbHNtQVY4TllXNFotalRsYVhndw?oc=5,roubo,100
Vereador suspeito de oferecer dinheiro e cargos em troca de votos é preso em operação da PF em RO,2026-06-19T23:10:56+00:00,RO / Mirante da Serra,https://g1.globo.com/ro/rondonia/noticia/2026/06/19/suspeito-de-oferecer-dinheiro-e-cargos-em-troca-de-votos-e-preso-em-operacao-da-pf-em-ro.ghtml,fraude,95
"Preso com drogas, homem tenta subornar policiais no litoral de SP",2026-06-19T23:07:47+00:00,SP / Praia Grande,https://g1.globo.com/sp/santos-regiao/noticia/2026/06/19/preso-com-drogas-homem-tenta-subornar-policiais-no-litoral-de-sp.ghtml,trafico,95
Suspeito de matar monitorado por tornozeleira a pauladas é preso no interior do Acre,2026-06-19T23:04:42+00:00,AC / Rio Branco / Preventório,https://g1.globo.com/ac/acre/noticia/2026/06/19/suspeito-de-matar-monitorado-por-tornozeleira-a-pauladas-e-preso-no-interior-do-acre.ghtml,homicidio,95
Criminosos fazem família refém e trocam tiros com a polícia na BR-040 em Juiz de Fora - Acessa.com,2026-06-19T22:55:48+00:00,MG / Juiz de Fora,https://news.google.com/rss/articles/CBMiqgFBVV95cUxNS2N2MEx6UEljNk5uQ3lBZjFkZVkyN25icklnMk42TFkzQ3FlODNuSE5FVXVmVkZsMV9DQk1BWFZUMUh0NEoyWG1nMVZaa2o5NHp6S1BTcE1NSjVPSUM1dkVnNlFkSGpndklSVDdlb3VqYlc0QU51czduY0pvQnNxNW9oMGZtRFFWa1pDc1hVSy1FcTVFc1RidW1KT2I1SnhYdHk3Z3p0TkctUdIBrwFBVV95cUxQN2dxaVNEMXpWYlJHcEdaVEtFZ3dNdm9EakplWU02a0dqeEd1ckhDVWl4ZkJlcU01OHUwN19zMTEyWXFKeU14SXMwUVBIOFFIUkZYS3QycXYxdDlJV05DQVkyeXBfN3VPYzR1YTE3YnVldHg0bldjeXloeTYwNlB3VVNTRVNHaTZwV3BnN1lSekk0LWh2aG9pZjIzUmxPM0x1YjBVVmNHa01RamwtMWMw?oc=5,sequestro,95
"Superação e viralização: um ano depois, jovem do TO relembra vídeo que mudou sua vida",2026-06-19T22:52:55+00:00,TO / Almas,https://g1.globo.com/to/tocantins/noticia/2026/06/19/superacao-e-viralizacao-um-ano-depois-jovem-do-to-relembra-video-que-mudou-sua-vida.ghtml,outros,100
Homem é preso no AP suspeito de ameaçar filha com facão e perseguir ex-companheira,2026-06-19T22:45:35+00:00,AP / Santana,https://g1.globo.com/ap/amapa/noticia/2026/06/19/homem-e-preso-no-ap-suspeito-de-ameacar-filha-com-facao-e-perseguir-ex-companheira.ghtml,violencia,95
"Ônibus que transportava 22 passageiros tomba na BR-277, em Cascavel; ao menos 14 pessoas ficaram feridas",2026-06-19T22:44:55+00:00,PR / Cascavel,https://g1.globo.com/pr/oeste-sudoeste/noticia/2026/06/19/onibus-tomba-cascavel-feridos.ghtml,outros,95
Perna de homem preso por invadir churrascaria com carro é achada; membro estava com tornozeleira eletrônica,2026-06-19T22:42:23+00:00,AC / Rio Branco / Praia do Amapá,https://g1.globo.com/ac/acre/noticia/2026/06/19/perna-com-tornozeleira-eletronica-e-achada-em-rio-branco.ghtml,homicidio,85
"Personal trainer é morto ao tentar pegar a arma de PM no interior do Ceará, diz polícia",2026-06-19T22:33:50+00:00,CE / Itapipoca / Rajada,https://g1.globo.com/ce/ceara/noticia/2026/06/19/homem-e-morto-ao-tentar-pegar-a-arma-de-pm-no-interior-do-ceara-diz-policia.ghtml,policia,90
"Casal faz reféns, agride joalheiro por 30 minutos e rouba joalheria em Campo Grande, no Rio - R7",2026-06-19T22:33:13+00:00,RJ / Rio de Janeiro / Campo Grande,https://news.google.com/rss/articles/CBMi3AFBVV95cUxPWG5JajRiXzVCaXhrMHROdFU1b0Z0MTgxWnhaRlNQVzNLVjUxcmNLR0ZLQ056V1hVS191ZXNybWo4Rk5YR25qMDJQcjJwRDY3clVYZTFOYkVmVWdLSTI1MGNVSGtjZGk4N2lmTE9fOGM5cG1yMWd0UnJvNS1ndnM3dGZQaTdydzR3U2ZfRnBGWXRDeE1RNVpXQ0h0U3I1LUdqTmhpMmRrWE5tdml0a3FWSEktWHpEbnhCekVraWFWaWRZRWVaYWx0bUZMcmVkRUU0SFVDS1lwd050X1Ix?oc=5,roubo,100
Motorista é baleado após furar blitz policial na Zona Leste de SP,2026-06-19T22:25:11+00:00,SP / São Paulo / Zona Leste,https://g1.globo.com/sp/sao-paulo/noticia/2026/06/19/motorista-e-baleado-apos-furar-blitz-policial-na-zona-leste-de-sp.ghtml,policia,95
PRF apreende 256 ampolas de 'canetinhas emagrecedoras' transportadas ilegalmente em ônibus no PI,2026-06-19T22:20:25+00:00,PI / Picos,https://g1.globo.com/pi/piaui/noticia/2026/06/19/prf-canetinhas-emagrecedoras.ghtml,policia,95
Oito suspeitos são presos em operação contra facção criminosa no interior do Ceará,2026-06-19T22:19:04+00:00,CE / Brejo Santo,https://g1.globo.com/ce/ceara/cariri/noticia/2026/06/19/oito-suspeitos-sao-presos-em-operacao-contra-faccao-criminosa-no-interior-do-ceara.ghtml,policia,95
Criminosos abrem buraco na parede e furtam comércio em Campinas,2026-06-19T22:09:39+00:00,SP / Campinas / Vila Itapura,https://g1.globo.com/sp/campinas-regiao/noticia/2026/06/19/criminosos-abrem-buraco-parede-furtam-comercio-campinas.ghtml,furto,100
Debate discute redução da jornada de trabalho e fim da escala 6x1 em Campo Grande,2026-06-19T22:02:59+00:00,MS / Campo Grande,https://g1.globo.com/ms/mato-grosso-do-sul/noticia/2026/06/19/debate-discute-reducao-da-jornada-de-trabalho-e-fim-da-escala-6x1-em-campo-grande.ghtml,outros,95
Polícia prende homem de 61 anos suspeito de abusar sexualmente da filha em Pereiras,2026-06-19T22:02:52+00:00,SP / Pereiras / zona rural,https://g1.globo.com/sp/itapetininga-regiao/noticia/2026/06/19/policia-prende-homem-de-61-anos-suspeito-de-abusar-sexualmente-da-filha-em-pereiras.ghtml,estupro,95
Mulher é condenada por tentar matar ex-companheira e enteada a facadas,2026-06-19T22:01:33+00:00,SP / Populina,https://g1.globo.com/sp/sao-jose-do-rio-preto-aracatuba/noticia/2026/06/19/mulher-e-condenada-por-tentar-matar-ex-companheira-e-enteada-a-facadas.ghtml,homicidio,100
Curumim da Lagoa volta ao posto de pesca após restauração; monumento foi alvo de vandalismo,2026-06-19T21:42:58+00:00,RJ / Rio de Janeiro / Lagoa Rodrigo de Freitas,https://g1.globo.com/rj/rio-de-janeiro/noticia/2026/06/19/curumim-da-lagoa-volta-ao-posto-de-pesca-apos-restauracao-monumento-foi-alvo-de-vandalismo.ghtml,furto,95
"Adolescente de 13 anos é morto a tiros no bairro do Fragoso, em Olinda - LeiaJá",2026-06-19T21:32:00+00:00,PE / Olinda / Fragoso,https://news.google.com/rss/articles/CBMiswFBVV95cUxPXzJnWkRscE5fdlFFRXdwRkxweXEyN0NjclFZaFMzMnhVV2JXaXlQUEt4OVctakxtSzdNR3d2cnFHcVRBNmNKMDNBbUJvSWJzQjhCeUotbDFMVWhhOHlJaWpOUzFQbmZERXo5VXNrLWNJa3lwOWtvSjZRX2pwYnBIWW03clVyUDhLanBoWE5oOTlSOG5pTUFheGx4bmhaZWEwUjdvYU8tTWoyNTRxYkpHSDFpUQ?oc=5,homicidio,100
Operação prende suspeitos de invadir casas e ameaçar moradores na região sul de Palmas,2026-06-19T21:28:37+00:00,TO / Palmas / Região Sul,https://g1.globo.com/to/tocantins/noticia/2026/06/19/operacao-prende-suspeitos-de-invadir-casas-e-ameacar-moradores-na-regiao-sul-de-palmas.ghtml,faccao,95
"Tremores de terra em Tucuruí levam autoridades a discutir segurança da usina, no PA",2026-06-19T21:25:10+00:00,PA / Tucuruí,https://g1.globo.com/pa/para/noticia/2026/06/19/tremores-de-terra-em-tucurui-levam-autoridades-a-discutir-seguranca-da-usina-no-pa.ghtml,outros,100
TRE-AM rejeita recurso de Elan Alencar e mantém cassação do vereador de Manaus por a fraude em cota de gênero,2026-06-19T21:19:08+00:00,AM / Manaus,https://g1.globo.com/am/amazonas/noticia/2026/06/19/tre-am-rejeita-recurso-de-elan-alencar-e-mantem-cassacao-do-vereador-de-manaus-por-a-fraude-em-cota-de-genero.ghtml,fraude,100
"Polícia Civil apreende revólveres, fuzil e munições na casa de investigado por violência doméstica em Cerqueira César",2026-06-19T21:17:20+00:00,SP / São Paulo / Cerqueira César,https://g1.globo.com/sp/itapetininga-regiao/noticia/2026/06/19/policia-civil-apreende-revolveres-fuzil-e-municoes-na-casa-de-investigado-por-violencia-domestica-em-cerqueira-cesar.ghtml,policia,95
Justiça condena Santa Luzia do Pará a reformar escola quilombola sem água e banheiro,2026-06-19T21:14:19+00:00,PA / Santa Luzia do Pará / Jacarequara,https://g1.globo.com/pa/para/noticia/2026/06/19/justica-condena-santa-luzia-do-para-a-reformar-escola-quilombola-sem-agua-e-banheiro.ghtml,outros,90
Advogada com 32 mil seguidores apontada como líder de grupo criminoso é presa em Florianópolis,2026-06-19T21:13:47+00:00,SC / Florianópolis,https://g1.globo.com/sc/santa-catarina/noticia/2026/06/19/advogada-apontada-lider-grupo-criminoso-presa-florianopolis.ghtml,faccao,90
Operação Reação Adversa: MPMG denuncia 25 por falsificação e venda de medicamentos veterinários no Sul de MG,2026-06-19T21:08:37+00:00,MG / Campo do Meio,https://g1.globo.com/mg/sul-de-minas/noticia/2026/06/19/operacao-reacao-adversa-mpmg-denuncia-25-por-falsificacao-e-venda-de-medicamentos-veterinarios-no-sul-de-mg.ghtml,fraude,95
Suspeito de furto volta a ser preso após crime em churrascaria onde se apresentava como segurança; vídeo,2026-06-19T21:08:10+00:00,PI / Castelo do Piauí,https://g1.globo.com/pi/piaui/noticia/2026/06/19/suspeito-de-furto-preso-churrascaria.ghtml,furto,95
Homem estrangula e mata ex-companheira em Arapiraca; suspeito está foragido,2026-06-19T21:05:13+00:00,AL / Arapiraca,https://g1.globo.com/al/alagoas/noticia/2026/06/19/homem-estrangula-e-mata-ex-companheira-em-arapiraca-suspeito-esta-foragido.ghtml,homicidio,100
Comerciante é absolvido após passar três anos preso acusado de mandar matar suspeito de furto no Norte do PI,2026-06-19T21:01:08+00:00,PI / Piripiri,https://g1.globo.com/pi/piaui/noticia/2026/06/19/comerciante-absolvido-piripiri.ghtml,homicidio,100
VÍDEO: caminhão com minério tomba em rio e destrói parte de ponte no interior do Amapá,2026-06-19T20:52:35+00:00,AP / Pedra Branca do Amapari / Água Fria,https://g1.globo.com/ap/amapa/noticia/2026/06/19/video-caminhao-com-minerio-tomba-em-rio-e-destroi-parte-de-ponte-no-interior-do-amapa.ghtml,outros,90
Homem é preso após agredir ex-companheira e ameaçar filha de 7 anos na Bahia,2026-06-19T20:50:45+00:00,BA / Coração de Maria,https://g1.globo.com/ba/feira-de-santana-regiao/noticia/2026/06/19/homem-e-preso-na-bahia.ghtml,violencia,95
Casal se passa por clientes e rouba R$ 3 milhões em joias em Campo Grande - Diário do Rio,2026-06-19T20:50:26+00:00,RJ / Rio de Janeiro / Campo Grande,https://news.google.com/rss/articles/CBMingFBVV95cUxQbjBCT0x4LUNsM1RGUXQwRXdZLTVJNmpOdTBwc2w5aTlLeDRPbW5EemVyWVNtUE9UYXBzTDBGc2tYLVY2M3lIVUZGUnBQd3lIZ0pOY01EMmtaaEZTSWVIMXNXb3FDWklGOWZlMURncGtDRmdHejdnX3hGWDZ2LXdRM2RVb2gxM0xHdndEdU5aa0NKUkF0RWZwbHBTWVFtQQ?oc=5,furto,95
"MPRS denuncia dois homens por roubo de mais de R$ 500 mil em joias de escritório de advocacia na Rua Padre Chagas, em Porto Alegre - Ministério Público - RS",2026-06-19T20:49:00+00:00,RS / Porto Alegre / Moinhos de Vento,https://news.google.com/rss/articles/CBMiT0FVX3lxTE1tTFloWHhHV0RzNXYzZlNZNm5KVWNRdXE5OFpua0JZY0ZoUUs0ZU1xdXhqZXRVUHVncnZuT2x2WlNmNWluS1k1LTM0bnBDV28?oc=5,roubo,100
Ibama apreende 20 toneladas de soja plantadas irregularmente em área de Mata Atlântica e aplica mais de R$ 2 milhões em multas,2026-06-19T20:48:29+00:00,CE / Tianguá / Serra da Ibiapaba,https://g1.globo.com/ce/ceara/noticia/2026/06/19/ibama-apreende-20-toneladas-de-soja-plantadas-irregularmente-em-area-de-mata-atlantica-e-aplica-mais-de-r-2-milhoes-em-multas.ghtml,outros,85
Homem é preso por ameaçar a própria mãe idosa em Santa Inês,2026-06-19T20:42:28+00:00,MA / Santa Inês,https://g1.globo.com/ma/maranhao/noticia/2026/06/19/homem-e-preso-por-ameacar-a-propria-mae-idosa-em-santa-ines.ghtml,violencia,85
Mãe e filho são encontrados mortos a tiros em Paranaíba; suspeitos estão foragidos,2026-06-19T20:42:13+00:00,MS / Paranaíba,https://g1.globo.com/ms/mato-grosso-do-sul/noticia/2026/06/19/mae-e-filho-sao-encontrados-mortos-a-tiros-em-paranaiba-suspeitos-estao-foragidos.ghtml,homicidio,100
Médico morre em acidente entre motocicleta e carreta na rodovia AM-010,2026-06-19T20:40:27+00:00,AM / Manaus,https://g1.globo.com/am/amazonas/noticia/2026/06/19/acidente-entre-motocicleta-e-carreta-deixa-uma-pessoa-morta-na-rodovia-am-010.ghtml,homicidio,95
Corpo é encontrado enterrado em mata de Várzea Grande (MT); vídeo,2026-06-19T20:30:17+00:00,MT / Várzea Grande / Santa Maria,https://g1.globo.com/mt/mato-grosso/noticia/2026/06/19/corpo-e-encontrado-enterrado-em-mata-de-varzea-grande-mt-video.ghtml,homicidio,100
Bebê com 14 dias de vida é salva por bombeiros após se engasgar com leite materno no Acre,2026-06-19T20:26:57+00:00,AC / Rio Branco / Conjunto Habitar Brasil,https://g1.globo.com/ac/acre/noticia/2026/06/19/bebe-com-14-dias-de-vida-e-salva-por-bombeiros-apos-se-engasgar-com-leite-materno-no-acre.ghtml,outros,100
Estelionato do amor: empresário preso por fingir ser policial é investigado por golpe de R$ 1 milhão contra a ex no ES,2026-06-19T20:24:08+00:00,ES / Vila Velha,https://g1.globo.com/es/espirito-santo/noticia/2026/06/19/estelionato-do-amor-empresario-preso-por-fingir-ser-policial-e-investigado-por-golpe-de-r-1-milhao-contra-a-ex-no-es.ghtml,fraude,100
Sebrae abre inscrições para programa de liderança em Fortaleza,2026-06-19T20:19:33+00:00,CE / Fortaleza,https://g1.globo.com/ce/ceara/especial-publicitario/sebrae-ceara/inovacao-e-negocios/noticia/2026/06/19/sebrae-abre-inscricoes-para-programa-de-lideranca-em-fortaleza.ghtml,outros,100
PM e PRF buscam envolvidos em roubo a residência em Carandaí (MG) - Rádio Itatiaia,2026-06-19T20:18:40+00:00,MG / Carandaí,https://news.google.com/rss/articles/CBMipgFBVV95cUxNWlo3LXYyZFllZXo1YXRPRlpMbGJqUUhVaU9lWU1ISEF2N0lKWUVodV9kRVdtYTg0UWFVWFd2VDIyMXJvYldPUlUzcjJtN0dsdGw5UHNXRXV4LU16U0JRcm5hejlDMjlyekhuMVhxTzh2WHFCSW9FQnAxR2FtUkZ6VG1TNVNGR051X1ZRWGc5SkROWGxOdlBMMWI3dGNfLWltcFRVbTVB?oc=5,policia,95
Mulher é espancada por assaltante e tem carro roubado no Recife; vídeo mostra agressões,2026-06-19T20:15:58+00:00,PE / Recife / Cordeiro,https://g1.globo.com/pe/pernambuco/noticia/2026/06/19/mulher-e-espancada-por-assaltante-e-tem-carro-roubado-em-rua-do-recife-video-mostra-agressoes.ghtml,roubo,100
"Grupo armado faz família refém em Carandaí, foge e troca tiros com a polícia na BR-040",2026-06-19T20:15:23+00:00,MG / Carandaí,https://g1.globo.com/mg/zona-da-mata/noticia/2026/06/19/grupo-armado-faz-familia-refem-em-carandai-foge-e-troca-tiros-com-a-policia-na-br-040.ghtml,roubo,95
"Grupo armado faz família refém em Carandaí, foge e troca tiros com a polícia na BR-040 - G1",2026-06-19T20:15:23+00:00,MG / Carandaí,https://news.google.com/rss/articles/CBMi4AFBVV95cUxNNFRMckFkemRkbkpHUEFFQzFuYUJ5ckFyQXE1QmRMMTgzV3RMNFlwQjkwTG5WeUdZSVNFeWlkb3VVUkhndHVYUmNrNDdSTEJDOEhEMnNYeHR0ckxKeHpFOGkxTlFXRlVXZ1lWenVBRVhrX05uUzktSzZCMjJOQ0dETFFmLXBPVFpVMlJETVlqdFhYZEVlcDl5Szd5OEZSS2FVeUgxbEdZWnlxYjFmV2dMSFJOdmttOE5uYkVTeDhVSkxnY3hndXlMYmJwSDV1Tmg2WmxZUGx2UjVPUW5ZcVphWtIB7wFBVV95cUxNZ2NiVmNCaDVTbHZoZmpwbkJvR1c3bEEtN1k2TzdMc0ljb0htNnl6NUdKeW1tSUc3M3c1VXNtbWdoaGh0aEE5OERfTGFnRVFSb2pJLVFSd0o3eFZvVzQwakFyek80bXRVM1RYT1hDbXRTekFSekNHX29GQ3A3TGlHOFNsTERxSW5XSUpuejdnU1lzWXZNSXdLdGFlY1hBY3BGblRTSnY4RzF3RzU5NzJwWFVLSGlJdnlVRUgxd3VyMHlFdGVLUG5Bb3UwUkdxRTRXSXJJLVlvUVhTM0tOaXlxTy1aRGNsaERNQmwyaEs4aw?oc=5,sequestro,85
Caso Nery: Justiça determina novo afastamento de PMs acusados de simular confronto após morte de advogado em Cuiabá,2026-06-19T20:14:14+00:00,MT / Cuiabá,https://g1.globo.com/mt/mato-grosso/noticia/2026/06/19/caso-nery-justica-determina-novo-afastamento-de-pms-acusados-de-simular-confronto-apos-morte-de-advogado-em-cuiaba.ghtml,homicidio,95
Policial militar é preso suspeito de comércio ilegal de armas no Sul do PI,2026-06-19T20:11:56+00:00,PI / São Raimundo Nonato,https://g1.globo.com/pi/piaui/noticia/2026/06/19/policial-militar-preso.ghtml,trafico,95
Polícia invade campo e prende jogador foragido por roubo em Cuiabá; vídeo - Isso É Notícia,2026-06-19T20:09:00+00:00,MT / Cuiabá,https://news.google.com/rss/articles/CBMiowFBVV95cUxOSXlkb0tPUy1GbG9Dd09GS0dPbE1BZktUbUtCMXlpb2VVNDlzNmV3dXpFcm0zb1pLbHA4anU5c2ZoWEJYeUFMM3pOaXRuZXh3NFNjeHZzZzFfaGxZT2o3XzBHS3hyZG1NMVBiTDUtOU83cl9OcEhwcUtaVmZ2Y0RXWkFmMHdtSjJvUlE1UWh6TGIyVzFCaWFxZmNDM01WZUtyMnlr?oc=5,policia,95
"Ex-vice-prefeito é condenado por matar a esposa, mas é solto após decisão de júri no ES",2026-06-19T20:03:14+00:00,ES / Ibitirama,https://g1.globo.com/es/espirito-santo/sul-es/noticia/2026/06/19/ex-vice-prefeito-e-condenado-por-matar-a-esposa-e-solto-apos-decisao-de-juri-no-es.ghtml,homicidio,100
Homem é preso suspeito de tentar matar ex-companheira com 21 facadas em Colinas,2026-06-19T20:02:12+00:00,MA / Colinas,https://g1.globo.com/ma/maranhao/noticia/2026/06/19/homem-e-preso-suspeito-de-tentar-matar-ex-companheira-com-21-facadas-em-colinas.ghtml,homicidio,95
VÍDEO: Autoescola é invadida durante a madrugada em Cabo Frio e criminoso leva três bombons,2026-06-19T19:50:31+00:00,RJ / Cabo Frio,https://g1.globo.com/rj/regiao-dos-lagos/noticia/2026/06/19/video-autoescola-e-invadida-durante-a-madrugada-em-cabo-frio-e-criminoso-leva-tres-bombons.ghtml,furto,100
"Ciclista morre após ser atropelado por carro enquanto tentava atravessar a MG-497, em Uberlândia",2026-06-19T19:44:29+00:00,MG / Uberlândia,https://g1.globo.com/mg/triangulo-mineiro/noticia/2026/06/19/ciclista-morre-apos-ser-atropelado-por-carro-enquanto-tentava-atravessar-a-mg-497-em-uberlandia.ghtml,outros,95
Casal derrubado de moto em assalto havia celebrado o casamento no litoral de SP: 'Foi horrível',2026-06-19T19:41:14+00:00,SP / Peruíbe,https://g1.globo.com/sp/santos-regiao/noticia/2026/06/19/casal-derrubado-de-moto-em-assalto-havia-celebrado-o-casamento-no-litoral-de-sp-foi-horrivel.ghtml,roubo,98
"Rondoniense grava momento em que ouviu tiros na Times Square, em Nova York: 'Pensei que era um atentado'",2026-06-19T19:40:52+00:00,NY / Nova York / Times Square,https://g1.globo.com/ro/rondonia/noticia/2026/06/19/rondoniense-grava-momento-em-que-ouviu-tiros-na-times-square-em-nova-york-pensei-que-era-um-atentado.ghtml,violencia,85
Médico morre e irmão fica gravemente ferido após colisão entre carro e caminhão na Bahia,2026-06-19T19:36:27+00:00,BA / Santa Inês,https://g1.globo.com/ba/feira-de-santana-regiao/noticia/2026/06/19/medico-morre-apos-colisao-entre-carro-e-caminhao-no-vale-do-jiquirica.ghtml,homicidio,95
Homem que esfaqueou e decepou orelha da ex-companheira é condenado a 33 anos de prisão em Fortaleza,2026-06-19T19:36:26+00:00,CE / Fortaleza / Lagoa Redonda,https://g1.globo.com/ce/ceara/noticia/2026/06/19/homem-que-esfaqueou-e-decepou-orelha-da-ex-companheira-e-condenado-a-prisao-em-fortaleza.ghtml,violencia,95
Vídeo mostra momento em que homem invadiu salão de beleza e matou cabeleireira a tiros em Salvador,2026-06-19T19:31:22+00:00,BA / Salvador / Pituaçu,https://g1.globo.com/ba/bahia/noticia/2026/06/19/video-mostra-assassinato-de-mulher-na-bahia.ghtml,homicidio,100
Vídeo mostra momento em que homem invadiu salão de beleza e matou cabeleireira a tiros em Salvador - G1,2026-06-19T19:31:22+00:00,BA / Salvador,https://news.google.com/rss/articles/CBMinwFBVV95cUxPVVBfclJ0Y3VPMWFsaEpURTFkWUVxc3EzaVdJdXU0NE1faC1CN0UxVHlJRjhsT3JDeWxDUTNhOGtKRTdpNWx5VWJzUF9OcmNtNTY5MGwwb3BGUkxaTHcweHo3RFhrWVF0elM2SjlmSllDeHNnZ2p2X3NXZmZRMDhaQ2tHZS1zRnFkakdpX0ktci04LTJnRkZZUjE3TVBENVXSAa4BQVVfeXFMTzZaVk5RVndVdjg2RmQ5VjJoSlpRei1QWXQ4dmVSQUM4NHhnWUI3MV9YVUNxaFVVOUdaM0w1ZXpvTlhEUGs5S1hwamI5TFJ6NTJBcmR1eEQzRXpaNG9DNFhBbDdqT0hIb1lVdGhtd205WEhsZHJocF9QU19wMkc1RTdGeXNZbmJyUUMzWTdEVzJaalZ0by1YWmxSLTY4ZGVVVjg2RlVhcHhmR0F0VUxn?oc=5,homicidio,100
Investigação da PF aponta que empresa que deu origem à Braskem sabia de risco de afundamento desde 1988,2026-06-19T19:30:41+00:00,AL / Maceió / Pinheiro,https://g1.globo.com/al/alagoas/noticia/2026/06/19/investigacao-da-pf-aponta-que-braskem-sabia-de-risco-de-afundamento-em-maceio-desde-1988.ghtml,fraude,85
Festival Rota 01 2026 – Ponta Grossa,2026-06-19T19:29:08+00:00,PR / Ponta Grossa / Estação Saudade,https://g1.globo.com/pr/parana/especial-publicitario/rota-01/noticia/2026/06/19/festival-rota-01-2026-ponta-grossa.ghtml,outros,90
Corpo é encontrado em lagoa de Sete Lagoas,2026-06-19T19:29:06+00:00,MG / Sete Lagoas / Centro,https://g1.globo.com/mg/minas-gerais/noticia/2026/06/19/corpo-e-encontrado-em-lagoa-de-sete-lagoas.ghtml,homicidio,95
Polcia prende trs motoristas sob suspeita de golpes contra passageiros no aeroporto de Guarulhos,2026-06-19T16:29:00-03:00,SP / Guarulhos,https://redir.folha.com.br/redir/online/cotidiano/rss091/*https://www1.folha.uol.com.br/cotidiano/2026/06/policia-prende-tres-motoristas-sob-suspeita-de-golpes-contra-passageiros-no-aeroporto-de-guarulhos.shtml,policia,95
"Governo do DF promoveu PicPay e autorizou 'captação' de clientes em prédios públicos, diz investigação",2026-06-19T19:25:14+00:00,DF / Brasília,https://g1.globo.com/df/distrito-federal/post/2026/06/19/governo-do-df-promoveu-picpay-e-autorizou-captacao-de-clientes-em-predios-publicos-diz-investigacao.ghtml,fraude,85
Granada é encontrada em casa de idosa de 93 anos em Campo Grande; local tinha lixo e 14 cães,2026-06-19T19:24:05+00:00,RJ / Rio de Janeiro / Campo Grande,https://g1.globo.com/rj/rio-de-janeiro/noticia/2026/06/19/granada-e-encontrada-em-casa-de-idosa-de-93-anos-em-campo-grande-local-tinha-lixo-e-14-caes.ghtml,outros,85
Palmas cria auxílio para catadores de materiais recicláveis,2026-06-19T19:20:09+00:00,TO / Palmas,https://g1.globo.com/to/tocantins/noticia/2026/06/19/palmas-cria-auxilio-para-catadores-de-materiais-reciclaveis.ghtml,outros,100
"Fazendeiro considerado perigo à sociedade é condenado por ameaçar vizinhos de morte em Ribeirão Preto, SP",2026-06-19T19:16:54+00:00,SP / Ribeirão Preto / Centro,https://g1.globo.com/sp/ribeirao-preto-franca/noticia/2026/06/19/fazendeiro-considerado-perigo-a-sociedade-e-condenado-por-ameacar-vizinhos-em-ribeirao-preto-sp.ghtml,violencia,85
"Carro sai da pista e fica preso em área de mata na Avenida Jacira Reis, em Manaus",2026-06-19T19:15:26+00:00,AM / Manaus / Dom Pedro,https://g1.globo.com/am/amazonas/noticia/2026/06/19/carro-sai-da-pista-e-fica-preso-em-area-de-mata-na-avenida-jacira-reis-em-manaus.ghtml,outros,85
Mulheres são presas por tráfico de drogas com mais de 500 pinos de cocaína e porções de haxixe em Bauru,2026-06-19T19:15:23+00:00,SP / Bauru,https://g1.globo.com/sp/bauru-marilia/noticia/2026/06/19/mulheres-sao-presas-por-trafico-de-drogas-com-mais-de-500-pinos-de-cocaina-e-porcoes-de-haxixe-em-bauru.ghtml,trafico,100
Prefeitura inicia obra para ampliar drenagem no Rio Apa,2026-06-19T19:04:04+00:00,SC / Florianópolis / Lagoa da Conceição,https://g1.globo.com/sc/santa-catarina/especial-publicitario/prefeitura-municipal-de-florianopolis/florianopolis-uma-cidade-para-todos/noticia/2026/06/19/prefeitura-inicia-obra-para-ampliar-drenagem-no-rio-apa.ghtml,outros,100
Urbia+Cataratas apresenta experiências além das Cataratas do Iguaçu,2026-06-19T19:00:32+00:00,PR / Foz do Iguaçu,https://g1.globo.com/pr/parana/especial-publicitario/urbia-cataratas/noticia/2026/06/19/urbiacataratas-apresenta-experiencias-alem-das-cataratas-do-iguacu.ghtml,outros,95
Justiça Eleitoral mantém condenação e multa candidata a prefeita de Pedrinhas em R$ 53 mil por compra de votos,2026-06-19T18:59:37+00:00,SE / Pedrinhas,https://g1.globo.com/se/sergipe/noticia/2026/06/19/justica-eleitoral-mantem-condenacao-e-multa-candidata-a-prefeita-de-pedrinhas-em-r53-mil-por-compra-de-votos.ghtml,fraude,90
Polícia Civil apreende cerca de R$ 50 mil durante operação contra jogos de azar em Tatuí; duas pessoas foram presas,2026-06-19T18:57:11+00:00,SP / Tatuí,https://g1.globo.com/sp/itapetininga-regiao/noticia/2026/06/19/policia-civil-apreende-cerca-de-r-50-mil-durante-operacao-contra-jogos-de-azar-em-tatui-duas-pessoas-foram-presas.ghtml,policia,100
Operação da PM cerca ponto de tráfico e prende foragido em Itaperuna,2026-06-19T18:50:58+00:00,RJ / Itaperuna / Morro do Castelo,https://g1.globo.com/rj/norte-fluminense/noticia/2026/06/19/operacao-da-pm-cerca-ponto-de-trafico-e-prende-foragido-em-itaperuna.ghtml,policia,95
Casa histórica de Conde Koma em Belém é alvo de assalto - DOL,2026-06-19T18:47:53+00:00,PA / Belém,https://news.google.com/rss/articles/CBMimwFBVV95cUxNQUd3LWhiLUpkLVNWaUVlenFTakwwTVhZOUR2VHlBUDZpaDc3UDZpMG1NZkRMcy1xeWF0Sk5ubm5GV3NjbXd4VXhEOXNVNjVVcHF6QndNZ0sxMHdYUThYSnItaElUWUFrRUFCYXpzelJuTWZMRTlXRFRHT0JFeVM5QkpBendVV0VzWUo5Vk94WlNoeUg5ZGNqbWNqSdIBowFBVV95cUxPSXhJdW80cnlwVFp2OXlzY01ZdTZ4b0lnYjQ3LVpxMDVwZkZuZlp5WnM0S0VYQXhrbW81SFYtOEo2blVVYTNWeVJXdHY2S1BvSHNjVzlyNm80emZMZ0dOLU1YZHR2RTNpQVhYdE4wNE52dWtEUzMySGoxZUtkSHk2anJpem1mZjNIRktQMDVlbXdMQWg0UmRaS1lWVFgwRTJmM1BB?oc=5,roubo,90
Atendente usa banquinho para espantar ladrão armado e frustra assalto em farmácia de Londrina; veja o vídeo - gmconline.com.br,2026-06-19T18:47:00+00:00,PR / Londrina,https://news.google.com/rss/articles/CBMi4gFBVV95cUxPZ01ySmJqd2FsR19xczlyeERXYlk4TUVrSzdRNVpRWm1NcGJYUkxfMExrekNGaDV0bVc3ZTJZbDBFRGZZeDZoeFU1M2IyZFNSUHotVHJXMnlxT083ZFF6RjBLYWZGSUlmN1Q0RzlGWnpxV1ZGb29Ka0pCMGpLZDY2cFd6RGM3OFpVVHVTempDMHBJdWJNRjNSbnZ5QlJfR3RPd0NscGpDRVc0SEdPRFpUNzM0bWhaSmFlUWtzZ2FDSkx1M0taallTeFpiWXdyeFR4Y1BiaHpzS3l5WUFpajY3eFFn0gHnAUFVX3lxTE1BZGplR0tTYUlRWmZ6TC1WYTJBdVBMeWFiXzFWZVducjQxLUxJRHJzR1VHQnpReGhlWThxSEQxYmh0M1UzVmhwdVhRMHhoSFFwLWhoNUZkVXMzTE9VeUtjU0d4YTF5dWtCcHhUZGFPWTZ3SlJuTlppWVNsbklnT1ZlcmxGWUI0aEJ0RTM3TDQyUWFWN3FfaWNGbk5NczZNT0ZlbmsxSFRyOVFySFk5ajFSeUt2R0tXdEhMeUtPNVo0NjJTNG5iNmtmS1JSWjlaYXVhaW1nNkZ4STRfdko5c2dfb09RUFVYdw?oc=5,roubo,100
Florianópolis reduz burocracia e lidera ranking nacional de competitividade,2026-06-19T18:46:40+00:00,SC / Florianópolis,https://g1.globo.com/sc/santa-catarina/especial-publicitario/prefeitura-municipal-de-florianopolis/florianopolis-uma-cidade-para-todos/noticia/2026/06/19/florianopolis-reduz-burocracia-e-lidera-ranking-nacional-de-competitividade.ghtml,outros,100
Polícia Militar apreende 17 kg de cocaína em Pinheiral,2026-06-19T18:35:16+00:00,RJ / Pinheiral / Cruzeiro II,https://g1.globo.com/rj/sul-do-rio-costa-verde/noticia/2026/06/19/policia-militar-apreende-17-kg-de-cocaina-em-pinheiral.ghtml,trafico,100
"Ator teve infarto provocado por uso de drogas após ficar com dupla em quarto de motel, indica laudo",2026-06-19T18:31:20+00:00,MS / Campo Grande / Jardim Paulista,https://g1.globo.com/ms/mato-grosso-do-sul/noticia/2026/06/19/ator-teve-infarto-provocado-por-uso-de-drogas-apos-entrar-com-dupla-em-motel-de-campo-grande-indica-laudo.ghtml,homicidio,90
Casal é preso por suspeita de matar mulher após briga em Duque de Caxias,2026-06-19T18:25:02+00:00,RJ / Duque de Caxias / Comunidade do Lixão,https://g1.globo.com/rj/rio-de-janeiro/noticia/2026/06/19/casal-e-preso-por-suspeita-de-matar-mulher-apos-briga-em-duque-de-caxias.ghtml,homicidio,100
Excelência em terapia intensiva leva o norte de Mato Grosso ao destaque nacional,2026-06-19T18:20:38+00:00,MT / Sinop,https://g1.globo.com/mt/mato-grosso/especial-publicitario/instituto-dois-pinheiros/noticia/2026/06/19/excelencia-em-terapia-intensiva-leva-o-norte-de-mato-grosso-ao-destaque-nacional.ghtml,outros,100
Dupla é presa por roubar caminhão com eletrodomésticos e fazer motorista refém,2026-06-19T18:16:33+00:00,CE / Fortaleza / Ancuri,https://g1.globo.com/ce/ceara/noticia/2026/06/19/dupla-e-presa-por-roubar-caminhao-com-eletrodomesticos-e-fazer-motorista-refem.ghtml,roubo,95
Cachorro amarrado a carro é arrastado na Zona Leste de Teresina; homem é preso em flagrante por maus-tratos,2026-06-19T18:12:34+00:00,PI / Teresina / Planalto Uruguai,https://g1.globo.com/pi/piaui/noticia/2026/06/19/cachorro-amarrado-carro-arrastado-teresina.ghtml,outros,90
Corpos de homem e mulher encontrados na Zona Leste podem ter ligação com tentativa de sequestro; outro suspeito é preso,2026-06-19T18:04:18+00:00,SP / São Paulo / Colônia,https://g1.globo.com/sp/sao-paulo/noticia/2026/06/19/corpos-de-homem-e-mulher-encontrados-na-zona-leste-podem-ter-ligacao-com-tentativa-de-sequestro-outro-suspeito-e-preso.ghtml,homicidio,100
Homens são assassinados a tiros em rua no interior do Acre,2026-06-19T18:04:14+00:00,AC / Brasiléia / Leonardo Barbosa,https://g1.globo.com/ac/acre/noticia/2026/06/19/homens-sao-assassinados-a-tiros-em-rua-no-interior-do-acre.ghtml,homicidio,100
Policial civil é baleado durante cumprimento de mandado judicial em Nossa Senhora das Dores,2026-06-19T18:02:44+00:00,SE / Nossa Senhora das Dores,https://g1.globo.com/se/sergipe/noticia/2026/06/19/policial-civil-e-baleado-durante-cumprimento-de-mandado-judicial-em-nossa-senhora-das-dores.ghtml,policia,95
MP-MA aciona Câmara de Nova Iorque na Justiça para realização de concurso público,2026-06-19T18:00:30+00:00,MA / Nova Iorque,https://g1.globo.com/ma/maranhao/noticia/2026/06/19/mp-ma-aciona-camara-de-nova-iorque-na-justica-para-realizacao-de-concurso-publico.ghtml,outros,95
"Itapevi: motorista reage a assalto, desarma suspeito e impede roubo - Giro S/A",2026-06-19T17:58:42+00:00,SP / Itapevi,https://news.google.com/rss/articles/CBMigAFBVV95cUxNOWs0VlozeGdyQkNJYlNTamFUbkx5NDVES0xCNDA3NzBKYTZjTzZRZ2VaSjBXMlp6WlF5Q3Z2eWpkRlRoNWRFMjVSdEZYMjhENGFjWnhwaDB2QzFwSTY1R1JkaEZDTy00cndneTA1blBqVDd3UXhuZngySlFsY3V5YQ?oc=5,roubo,95
Operação Iara prende 17 suspeitos e desarticula centro logístico do crime organizado em ilha no Recife - LeiaJá,2026-06-19T17:54:00+00:00,PE / Recife,https://news.google.com/rss/articles/CBMi3wFBVV95cUxQdmpSaTdyQkdGUG1UX09mZTFOUWVxLWNJSTdIeHB5T0wweUFFVjZfaGhqOGJKdk0tVG84TmJYU1k0M0NrcVV4LTRkNkR6aUtrN0FRVlp3LXB5REplcUFxMFJRQ1lKdlN4S1F2UV9rVFVVTkxmUVJ5cmhfanQtY0VxX2o2WllVWkN0dDNXQmlHb01oUlJLUFdrczhLWk9YWUh0ZDVScTduS1VsWFh5a1VvcjVmNEllNjAzU1R4YjIyend0VVFDX2QyNzV0Um5naXhnUVZOUTFHRUlNWUhfZnVZ?oc=5,policia,100
"Traficante se disfarça de pescador, colocando varas em carro, mas acaba preso após polícia encontrar 270 kg de maconha no porta-malas, no PR",2026-06-19T17:52:49+00:00,PR / Londrina,https://g1.globo.com/pr/norte-noroeste/noticia/2026/06/19/disfarce-pescador-varas-carro-maconha-no-pr.ghtml,trafico,95
FICCO realiza operação contra vazamento de dados sigilosos em Governador Valadares,2026-06-19T17:51:16+00:00,MG / Governador Valadares,https://g1.globo.com/mg/vales-mg/noticia/2026/06/19/ficco-realiza-operacao-contra-vazamento-de-dados-sigilosos-em-governador-valadares.ghtml,policia,100
Comerciante é preso em flagrante suspeito de vender bebida alcoólica para adolescentes em Botucatu,2026-06-19T17:44:45+00:00,SP / Botucatu / Santa Maria I,https://g1.globo.com/sp/bauru-marilia/noticia/2026/06/19/comerciante-e-preso-em-flagrante-suspeito-de-vender-bebida-alcoolica-para-adolescentes-em-botucatu.ghtml,menor,95
Dupla é condenada a mais de 38 anos de prisão por assassinato ligado à disputa entre facções em Ribamar,2026-06-19T17:42:45+00:00,MA / São José de Ribamar / Roseana Sarney,https://g1.globo.com/ma/maranhao/noticia/2026/06/19/dupla-e-condenada-a-mais-de-38-anos-de-prisao-por-assassinato-ligado-a-disputa-entre-faccoes-em-ribamar.ghtml,homicidio,100
Polícia aponta retaliação de facção por atuação de vereador como motivação de atentado em Mossoró,2026-06-19T17:42:44+00:00,RN / Mossoró,https://g1.globo.com/rn/rio-grande-do-norte/noticia/2026/06/19/policia-aponta-retaliacao-de-faccao-por-atuacao-de-vereador-como-motivacao-de-atentado-em-mossoro.ghtml,homicidio,100
Atleta recebe alta de hospital cinco dias após acidente com time de basquete,2026-06-19T17:36:47+00:00,CE / Tauá,https://g1.globo.com/ce/ceara/cariri/noticia/2026/06/19/atleta-recebe-alta-de-hospital-cinco-dias-apos-acidente-com-time-de-basquete.ghtml,outros,95
Homem que matou jogadora de futsal após assediar namorada dela é condenado a 34 anos de prisão em SC,2026-06-19T17:35:38+00:00,SC / Chapecó / Centro,https://g1.globo.com/sc/santa-catarina/noticia/2026/06/19/homem-matou-jogadora-futsal-assediar-namorada-vitima-condenado-sc.ghtml,homicidio,100
Operação em ilha no Recife usada como 'quartel-general do crime organizado' prende 17 pessoas em 28 dias - G1,2026-06-19T17:31:07+00:00,PE / Recife,https://news.google.com/rss/articles/CBMi9AFBVV95cUxOREtHWWMtNGlHX1RWVm00YzRpdXdOeUQxOVY1dkFWRTh2dDBOS29WdXJzMERwMm1OSnNORnQwOTJBQVh5NlFsU2pGQWM0UEVYR0J0NWF3dmROLTc5TEtJU2ducW1EVTJNY0Iwdy1oRzRpekhxa3JOZ25ETlRCNkRLbEIyQ3pMZFhja1ZYZVo4YlZ3dERydGVaRFlYQjllSXZGN0VNcU1VUmpERjY0OEpYU1pITWtpeU52Q1NrS2FMdlIxT000VDdEMVlpXzhoaDNLbXIwVW1Eamp4dXNucWE5RmhKT1hJR3VpR3dlVTJ0Y2lBRkt00gGDAkFVX3lxTE1ZTjdPeVVfck9GNkFyZTJJNFp0VHFQZnRWNzVoYl9teTVwY3JWRC1IOUdMa0Y2bXdtak5ESjhxalNkTzRjdDk1MzhmdlNPNUR1RUZXZ012UVBueVlWYnltZllIZXVmNjZTdzlvbnBPbWowV3lIZ2RPWGNmWDhyMllfWWFmUkNTUXAwQkRKVHJRcTgzSmdPWDlCbTlNbVdJTzdZLURLelNiSUtRQVQ0SGVST0ZfbXZBQl8wdnFLT0lCQzd3R3FMTTJIYzNzcjFKZmVDd3dsN0VsN2hDZHlIUVhIaUJlcDdYZnllSmdBb0Fsbk5wNzU4V29VckRGTE0xZjZxMkU?oc=5,policia,95
Homem é preso após agredir ex-companheira e atear fogo em casa em Americana,2026-06-19T17:25:54+00:00,SP / Americana / Jardim dos Lírios,https://g1.globo.com/sp/campinas-regiao/noticia/2026/06/19/homem-e-preso-apos-agredir-ex-companheira-e-atear-fogo-em-casa-em-americana.ghtml,violencia,100
Micro-ônibus com roda sem parafuso é apreendido durante fiscalização em Manaus,2026-06-19T17:19:07+00:00,AM / Manaus / Zumbi dos Palmares,https://g1.globo.com/am/amazonas/noticia/2026/06/19/micro-onibus-com-roda-sem-parafuso-e-apreendido-durante-fiscalizacao-em-manaus.ghtml,veiculo,95
"Professor relata assalto durante corrida na Avenida Litorânea, em São Luís:  'levei um soco tão forte que fui ao chão'",2026-06-19T17:16:15+00:00,MA / São Luís,https://g1.globo.com/ma/maranhao/noticia/2026/06/19/professor-relata-assalto-durante-corrida-na-avenida-litoranea-em-sao-luis-levei-um-soco-tao-forte-que-fui-ao-chao.ghtml,roubo,95
Atendente usa banquinho para espantar ladrão armado e frustra assalto em farmácia de Londrina; veja o vídeo - Banda B,2026-06-19T17:16:00+00:00,PR / Londrina,https://news.google.com/rss/articles/CBMipgFBVV95cUxOV2FrT1hUSGdYdTkxWWNhZk5PNXB3cUNzdnpDeVpWdy1NQWJqRjFDdVJyNnRUYXRCTWl0RGJFUVNOeXVLNFMxRlNxODRneFJZUjhoaEJMeENRS2VXZXp2QXV3UjhXZGxoTTNWUlR5Q29PUkQwaUt1STZYOTQ2S1NkRDhTSThWUkhuWHRGTWZ4V2FLcm9NUzRFQllKVmRqQnJta0diY2t30gGrAUFVX3lxTE9hMWJHREdURDNkbG9zU2c4MG9Na1FmUEhndzZyVTNLTUpxUlNfaGl2SXlqS0ZwX3RCNEE0N2I1T0JTTnJCZi14dkMzbHNUc1dGeGs5Y2ZTVTd2bWgzd2lVZFJkQ2pFblZuaVY4RF9WS21BNWR6Snh4dkI0dTEwYzFwVWQ4RFo1eDFoSGVaTko3NW5tWjlSbTJESzU3ZTcxdHFROS1HdmFfQTFGMA?oc=5,roubo,95
Homem e mulher são assassinados a tiros em rua no Centro-Norte do Piauí; polícia investiga,2026-06-19T17:15:17+00:00,PI / União / Vila Nova Conquista,https://g1.globo.com/pi/piaui/noticia/2026/06/19/assassinados-a-tiros-piaui.ghtml,homicidio,100
Teresópolis lança Prêmio Estudante Inovador para alunos da rede municipal,2026-06-19T17:10:08+00:00,RJ / Teresópolis,https://g1.globo.com/rj/regiao-serrana/noticia/2026/06/19/teresopolis-lanca-premio-estudante-inovador-para-alunos-da-rede-municipal.ghtml,outros,100
VÍDEO: cachorro é flagrado de capacete e óculos escuros andando de moto em Vitória,2026-06-19T17:04:19+00:00,ES / Vitória / Avenida Dante Michelini,https://g1.globo.com/es/espirito-santo/noticia/2026/06/19/video-cachorro-e-flagrado-de-capacete-e-oculos-escuros-andando-de-moto-em-vitoria.ghtml,outros,95
"Moda, sabores e cultura marcam a 48ª FestMalhas",2026-06-19T17:01:12+00:00,MG / Jacutinga,https://g1.globo.com/mg/sul-de-minas/especial-publicitario/festmalhas-jacutinga/festmalhas-jacutinga/noticia/2026/06/19/moda-sabores-e-cultura-marcam-a-48a-festmalhas.ghtml,outros,100
"Mais Júri: Tribunal do Júri condena dupla a mais de 26 anos por homicídio, tráfico de drogas e organização criminosa em Juazeiro - Jornal Grande Bahia",2026-06-19T17:00:36+00:00,BA / Juazeiro,https://news.google.com/rss/articles/CBMi_AFBVV95cUxNUTgweE1RcXF6N2ltVDllTnFySHh2d2czQVRCY1JvTVZ6Q2VCVDlMV3ZPZ0prUFRBdjFTQWQ3YXY2WEt0TkxORzN3alQwMllTc0c2Z0M5b0hmSEh6RGxtS09OanhONkVkVkJVdktJeFJkOFgyN0pocFppbHF2ckdqUXd3Y2pMbUxtOXpzRlJYa21yVHFmUE56Z3dvSjFmVmZ1OXp5SkM1TzdDaWxkQWcxN1lqYWsyUU5MZ1dmNVV3Ylk4SHNndUFZR0NJUXpIMlk1czlORkpxYXJZU1h3UWo4RzVCOGtvTHNBMHNfMWhZeVU2QS1hcDV2aVFKbkM?oc=5,homicidio,100
Servidora pública morre após moto atingir cavalo em rodovia de MT,2026-06-19T17:00:06+00:00,MT / Santa Terezinha,https://g1.globo.com/mt/mato-grosso/noticia/2026/06/19/servidora-publica-morre-apos-motocicleta-atingir-cavalo-em-rodovia-de-mato-grosso.ghtml,homicidio,95
"Suspeito de estupros na zona leste de SP confessa crimes, diz polcia",2026-06-19T13:59:00-03:00,SP / São Paulo / Tatuapé,https://redir.folha.com.br/redir/online/cotidiano/rss091/*https://www1.folha.uol.com.br/cotidiano/2026/06/suspeito-de-estupros-na-zona-leste-de-sp-confessa-crimes-diz-policia.shtml,estupro,100
Assassinato de empresário em concessionária completa uma semana sem suspeitos,2026-06-19T16:56:47+00:00,SP / Campinas / Jd. do Trevo,https://g1.globo.com/sp/campinas-regiao/noticia/2026/06/19/assassinato-de-empresario-em-concessionaria-completa-uma-semana-sem-suspeitos.ghtml,homicidio,100
Mulher recebe encomenda e fica ferida após explosão em estabelecimento comercial em Salvador,2026-06-19T16:51:38+00:00,BA / Salvador / Castelo Branco,https://g1.globo.com/ba/bahia/noticia/2026/06/19/explosao-em-salvador.ghtml,homicidio,90
"Moda, elegância e identidade mineira: FestMalhas revela tendências para o inverno",2026-06-19T16:48:42+00:00,MG / Jacutinga,https://g1.globo.com/mg/sul-de-minas/especial-publicitario/festmalhas-jacutinga/festmalhas-jacutinga/noticia/2026/06/19/moda-elegancia-e-identidade-mineira-festmalhas-revela-tendencias-para-o-inverno.ghtml,outros,100
Jovem que ficou 3 dias preso em carro capotado se recupera em casa de Rondonópolis (MT) após alta,2026-06-19T16:45:56+00:00,MT / Pedra Preta,https://g1.globo.com/mt/mato-grosso/noticia/2026/06/19/jovem-que-ficou-3-dias-preso-em-carro-capotado-se-recupera-em-casa-de-rondonopolis-mt.ghtml,outros,95
Polícia Civil prende investigado por roubo a farmácia em Porto Alegre do Tocantins - Agência Tocantins,2026-06-19T16:39:53+00:00,TO / Porto Alegre do Tocantins,https://news.google.com/rss/articles/CBMizgFBVV95cUxQSDI1VUtrWThvZEtpeURrRDdpY29MUi0tbi1XUmVmd3UyRnJCb05JcFFtRG82SHpWb0dkWHNxRnpyWXNwRHdmaEN2bGdWMXNnTGFkcGs4ODBwTjlleV9WbnM0WWtRQ0hPSmtHZkQ0YXJ6bkV2dW5hZnF4Rmh2NGN1UW0yUnFvSW5IbzNEdVgxckVaQ0dVX2dabkNFbzN4bVVaT2FDUlEtZWp5Mi1SYlVLSmhCMDdxc1lmbXp3WGZIWlh1YnE2Z2I2WU5KdHhEdw?oc=5,policia,95
Bar é interditado após denúncias de irregularidades em Petrópolis,2026-06-19T16:38:32+00:00,RJ / Petrópolis / Castelânea,https://g1.globo.com/rj/regiao-serrana/noticia/2026/06/19/bar-e-interditado-apos-denuncias-de-irregularidades-em-petropolis.ghtml,policia,85
Fotógrafo registra 'noite estrelada' no Paraná e tem imagem publicada pela Nasa,2026-06-19T16:37:33+00:00,PR / Cascavel,https://g1.globo.com/pr/oeste-sudoeste/noticia/2026/06/19/fotografo-registra-noite-estrelada-no-parana-e-tem-imagem-publicada-pela-nasa.ghtml,outros,100
Carros de aplicativo viram vitrine para marcas em MT,2026-06-19T16:30:36+00:00,MT / Cuiabá,https://g1.globo.com/mt/mato-grosso/noticia/2026/06/19/carros-de-aplicativo-viram-vitrine-para-marcas-em-mt-entenda-como-funciona.ghtml,outros,80
Rapaz sentado em moto foge a pé de abordagem policial e morre após ser baleado em Sorocaba,2026-06-19T16:30:11+00:00,SP / Sorocaba / Centro,https://g1.globo.com/sp/sorocaba-jundiai/noticia/2026/06/19/homem-morre-apos-ser-baleado-por-policial-durante-fuga-em-sorocaba.ghtml,homicidio,95
Dupla cava buraco em parede de loja e furta 27 bicicletas elétricas com caminhão em Uberlândia; VÍDEO,2026-06-19T16:23:34+00:00,MG / Uberlândia / Jardim Holan,https://g1.globo.com/mg/triangulo-mineiro/noticia/2026/06/19/dupla-cava-buraco-em-parede-de-loja-e-furta-27-bicicletas-eletricas-com-caminhao-em-uberlandia-video.ghtml,furto,100
Dupla cava buraco em parede de loja e furta 27 bicicletas elétricas com caminhão em Uberlândia; VÍDEO - G1,2026-06-19T16:23:34+00:00,MG / Uberlândia,https://news.google.com/rss/articles/CBMi-wFBVV95cUxPUk9RNXdzcE9QZUtIaEplY1lqVGwzMGhSYzZnVHlGdHpqbkp3QXYtNEF1Wm80U1R1QWZHSDJVck9pdnRJZ2FQYTRveXQ3a0lyWTR3UEZHWDFDMjdlZ2NLUVAyNnF1N1d3ZUJxQzBhbnRlVDJ1WXBlbEJiSEctcGMyV3FCbVRyTzFvb3ZPU0lGaXliZGY5YlZyUk1UTmRGMm1obmJUYUJ4Y3k3NUkwNldsNTJXYWVjM0FfYV9zcXhzTk1SaUxURVNsVXo2VWhZSHJoNWZNaU40YkFLdjg0WDdKOUJlT3g0cEI5Zk9IUk5pdWtCaWhiNmQxZHd5RdIBigJBVV95cUxNWHdfeEFReVFGYWw4S1pldTBGYVVMZXo2NU83UjFMS2VmTlkzU1RGSlVHa2RkNmxuV3BrOUxhMi16MnpVUTJMcFo2TTgySGVkak9YMW9wR3lRU0Y3aHRQWC1haVhTMDJlenlOTGtQV1J2MXIxZ1JjRDlXamk5Y014TnprdWJJZHF5NDhNcTRPSXZYbDh0Vy03Nzl1VkxEcHVZSFJRbnJKcnRPNHVhZlAzZElyUXZpbHUwRGxiY0R2a3N2UE5jT2NmbzNSVVVSNzZFb1Z2SHNfcHRyR2JURDlrTGNKV1h2Wktad3FuTm5SdnRqOXlDdzJKdy1aZnlud0tjNnpkZ0pxeEgzdw?oc=5,furto,95
Campinas afasta cuidadoras após mãe denunciar que aluno autista teve virilha depilada; polícia investiga,2026-06-19T16:21:46+00:00,SP / Campinas / Parque Indu,https://g1.globo.com/sp/campinas-regiao/noticia/2026/06/19/campinas-afasta-cuidadoras-apos-mae-denunciar-que-aluno-autista-teve-virilha-depilada-policia-investiga.ghtml,menor,90
11 são presos em operação contra organização criminosa em Governador Valadares,2026-06-19T16:18:55+00:00,MG / Governador Valadares / Carapina,https://g1.globo.com/mg/vales-mg/noticia/2026/06/19/11-sao-presos-em-operacao-contra-organizacao-criminosa-em-governador-valadares.ghtml,policia,95
"Após assalto em Carandaí, criminosos trocam tiros com a polícia e são perseguidos pela BR-040; veículo e três armas são apreendidos - Portal 14B",2026-06-19T16:14:00+00:00,MG / Carandaí,https://news.google.com/rss/articles/CBMiX0FVX3lxTFBDZFl4ZHZwWndUOHQwQ0VLNWJ4bFcza1JiQm4zQ1J3TWtOQWw0YlFqd05Xa0wwOUh6VlFadmRVVnhrZ3ZleTd1cFdIdUtOU2d6aXJRV2lJTjdvZ3pxSk5Z?oc=5,policia,85
"Região Serrana pode gerar até 4,4 mil toneladas de lixo eletrônico por ano",2026-06-19T16:12:13+00:00,RJ / Petrópolis,https://g1.globo.com/rj/regiao-serrana/noticia/2026/06/19/regiao-serrana-pode-gerar-ate-44-mil-toneladas-de-lixo-eletronico-por-ano.ghtml,outros,100
Dois são mortos e 4 ficam feridos em ataques a tiros em Belford Roxo,2026-06-19T16:09:52+00:00,RJ / Belford Roxo / Xavantes,https://g1.globo.com/rj/rio-de-janeiro/noticia/2026/06/19/mortos-e-feridos-em-belford-roxo.ghtml,homicidio,100
Mulher é presa no RN suspeita de torturar e matar animais para vender conteúdo pela internet,2026-06-19T16:03:10+00:00,RN / Marcelino Vieira,https://g1.globo.com/rn/rio-grande-do-norte/noticia/2026/06/19/mulher-presa-suspeita-maus-tratos-animais.ghtml,policia,95
"Marceneiro é preso por engano no Paraná, tem cabelo raspado e é solto dias depois após descoberta de erro sobre alvo de mandado",2026-06-19T15:58:35+00:00,PR / Imbituva,https://g1.globo.com/pr/campos-gerais-sul/noticia/2026/06/19/marceneiro-e-preso-por-engano-no-parana-tem-cabelo-raspado-e-e-solto-dias-depois-apos-descoberta-de-erro-sobre-alvo-de-mandado.ghtml,policia,100
"PRF apreende carga irregular de madeira nativa e flagra crime ambiental na BR-222, em São Gonçalo do Amarante (CE) - www.gov.br",2026-06-19T15:56:00+00:00,CE / São Gonçalo do Amarante,https://news.google.com/rss/articles/CBMi-AFBVV95cUxPcEkyT3FFcUZmSml3TkxocjVxX25OWVl4dEtJV3NEbVRjOG0yUjNtb0puLVp1SW5zQ2MzWUd1aXNTR2xlSENMcjdKOFF3WEk3ZTRjQlFZUElIQ2paUFdIVi1wRlR3WlB4OWh1UndBVDB6cHgteDFvYW5rQ3dkeXFZY1NXWVBNMGwzNGM5ZUNxYkdod1JXc1V5N3NKaV9hem94RWpvT0pVM280cUFIVVZfdjNhTkxUZ2R0UGlTMkJ6X1lubDB2Sk1aaFllSnZ5bW50bnVrSDJ6RWRORlNZUGdRUExiZ1RkbVlKWXo0bERHdGZ4a0NPdi1kTA?oc=5,policia,95
Mãe de vítima de estupro coletivo diz que foi coagida por pais de suspeitos: 'Como se um pedido de desculpa fosse resolver',2026-06-19T15:55:14+00:00,MG / Belo Horizonte,https://g1.globo.com/mg/minas-gerais/noticia/2026/06/19/mae-de-vitima-de-estupro-coletivo-diz-que-foi-coagida-por-pais-de-envolvidos.ghtml,estupro,95
Condenado por assalto à mão armada é preso pela polícia - Dourados News,2026-06-19T15:51:00+00:00,MS / Campo Grande,https://news.google.com/rss/articles/CBMipwFBVV95cUxObkw2SFVNV1FzX0xoOU1mYzJVYTNKZEhFRk1tcTVXOFRxY3dreFVOdmZsdHpwOU55TVRMaW9CNFFTcnZoZVZjbVpMblVGOVdzdmlHRlNrWi1qMktGd1QwVUtYc0ZicTI0ZGdDUnRLMlNLZ2E3eHVLMlVQNFA2ZDgyeGYzM2NpY1BoZWZCS3NLMDFIZmNZeTFSTC15YWxaOW5sNWx0SXVtd9IBrAFBVV95cUxQLVZqZWpPTlQzYTJKRnY5cEc2RTRfVk1td2k3akZmVmNyWkZ6V0syQWpiSjU4THNJREc4X2t4azBUVTBaQ091NF9xQ25QdVJ2bDJpTUVXd0piZlp3Q0IwMVNXUmNOdzlpenEwR0UzRWdCRXNuQ2pqWVdfQzBiVC04YUJvSmE4WS1UN0VQTUV1NGZicWRJeUR0SXBLOEpLTWE3QThLcG0xek1CYzZ5?oc=5,policia,90
Governo do RJ anuncia compra de novos fuzis para as polícias Civil e Militar com recursos recuperados de esquemas de corrupção,2026-06-19T15:49:12+00:00,RJ / Rio de Janeiro,https://g1.globo.com/rj/rio-de-janeiro/rj1/noticia/2026/06/19/governo-do-rj-anuncia-compra-de-novos-fuzis-com-verba-recuperada-da-corrupcao.ghtml,fraude,85
História do Crime João Hélio: o menino que morreu arrastado preso ao cinto de segurança de um carro durante assalto,2026-06-19T15:42:38+00:00,RJ / Rio de Janeiro / Osvaldo Cruz,https://g1.globo.com/rj/rio-de-janeiro/noticia/2026/06/19/historia-do-crime-joao-helio-o-menino-que-morreu-arrastado-preso-ao-cinto-de-seguranca-de-um-carro-durante-assalto.ghtml,homicidio,95
História do Crime João Hélio: o menino que morreu arrastado preso ao cinto de segurança de um carro durante assalto - G1,2026-06-19T15:42:38+00:00,RJ / Rio de Janeiro,https://news.google.com/rss/articles/CBMiigJBVV95cUxNbmc2T1JTaFlZbjFFQlNySFl4MHpjY0d0QVdXRzF0WDJmLUJTNEFjNHF4OG9SU0dXaURkc3lmS3Nzc1VNMURjR3Njb2FnWHZQSUgyNmo5QkJJaFlLR3BVTUlPekpwbXRQNGFnTmZhakJ1TjBDZnFXU3piZGt4QlpSNXg0RnJfODE0S25aSDFDMU1YZlNkUjV2RHdvT3hoa2szejZ4TDFCYkFxRGR4VUIxNUI0UHZMWTJJRkNiV0c1YmdhWk1CMkxFald3dWxIWXN4Rk5LZ2ZVS1lSSXZLa1FiZnZBWFNudGpURDYzOHNrMmlmZFlkLVJZWVVjNTFfUS02SUZiZ0EwOVVqQdIBmAJBVV95cUxNWFdJMlYtQm44LXM2R3E3SWNqVC1kZEtNdHFBc2NEUW1DMmc5dnNEYnNXYkprTGE5b2s2Ujc4RS1jUTBIZ3hoODVNRnFTX1dKYkxLckpzeU9uSXdXaVdIbFlpeC1JT0poY2syTXRhT19LZ0g5WHE0TVBGLXFHbDBXVHltYVltY2k3NnRzcGVyaHpSYlFPMmpkSzQyUjNjd1AyVWpJejBqQ0ZqNy1ETGFEMFBiNXZodXNCOU9XbFBZNlNkVldMT0tYZEpfZGhfNXU0dGo3RFlJcElDRnZRV2dBekl6V1o2dHhmMWVoRFZTb3IyUjV1bXh1czZ1OHZUbHhEZzVsQndDSFFaV3hDM0dqU0xWYmVsODBz?oc=5,homicidio,100
Vídeo mostra agentes e delegado presos na PB em ação irregular com suspeito de tráfico; ASSISTA,2026-06-19T15:41:54+00:00,PB / João Pessoa,https://g1.globo.com/pb/paraiba/noticia/2026/06/19/video-mostra-agentes-e-delegado-presos-na-pb-em-acao-irregular-com-suspeito-de-trafico.ghtml,policia,95
"IA Contra o Crime ajudou a esclarecer 1,4 mil ocorrências - Jornal Ponta Grossa",2026-06-19T15:38:45+00:00,PR / Ponta Grossa,https://news.google.com/rss/articles/CBMirgFBVV95cUxOaGt2aGtJd2huLXBJdHRlQ1NaU0ZJVlM3QnQ4UUFmR0hia2NDYUNBdklxLXBGRTBvSWYySHFlRldXV1dBNnlPTElQUVliTENwMVphaUhZbEh2eGV6NkpST1R2QWstd2VSX21MY0JyU0FYMjVfeWtydVZVak1uWEd4QXR1cmE0NmxOYzVpakRnU05zenpQOE01aVBDQlF1YjQ2a183d3NJRXpOUGlUQUE?oc=5,policia,85
Homem é morto com golpes de faca no João de Deus em Petrolina,2026-06-19T15:26:19+00:00,PE / Petrolina,https://g1.globo.com/pe/petrolina-regiao/noticia/2026/06/19/homem-e-morto-com-golpes-de-faca-no-joao-de-deus-em-petrolina.ghtml,homicidio,100
Agente penitenciário suspeito de forjar documentos para fuga de preso por 10 homicídios é afastado no RS,2026-06-19T15:23:20+00:00,RS / Charqueadas,https://g1.globo.com/rs/rio-grande-do-sul/noticia/2026/06/19/agente-penitenciario-suspeito-de-forjar-documentos-para-fuga-de-preso-por-10-homicidios-e-afastado-no-rs.ghtml,fraude,85
Operação da PF contra produção e divulgação de vídeos de abuso sexual infantil prende suspeito no PR,2026-06-19T15:22:46+00:00,SP / Campinas,https://g1.globo.com/sp/campinas-regiao/noticia/2026/06/19/operacao-da-pf-contra-producao-e-divulgacao-de-videos-de-abuso-sexual-infantil-prende-suspeito-no-pr.ghtml,policia,85
Trabalhador morre três dias após ser eletrocutado durante serviço em rede de alta tensão no AM,2026-06-19T15:19:23+00:00,AM / Manaus,https://g1.globo.com/am/amazonas/noticia/2026/06/19/trabalhador-morre-tres-dias-apos-ser-eletrocutado-durante-servico-em-rede-de-alta-tensao-no-am.ghtml,homicidio,90
Polícia apreende motocicletas após denúncias de manobras perigosas em Itaperuna,2026-06-19T15:18:33+00:00,RJ / Itaperuna,https://g1.globo.com/rj/norte-fluminense/noticia/2026/06/19/policia-apreende-motocicletas-apos-denuncias-de-manobras-perigosas-em-itaperuna.ghtml,policia,95
Mais de 1 tonelada de 'canetas emagrecedoras' ilegais é incinerada em MS; veja vídeo,2026-06-19T15:18:12+00:00,MS / Dourados,https://g1.globo.com/ms/mato-grosso-do-sul/noticia/2026/06/19/mais-de-1-tonelada-de-canetas-emagrecedoras-ilegais-e-incinerada-em-ms-veja-video.ghtml,fraude,95
Sargento da Polícia Militar é baleado com a própria arma durante confusão em Porto Velho,2026-06-19T15:17:31+00:00,RO / Porto Velho / Zona Leste,https://g1.globo.com/ro/rondonia/noticia/2026/06/19/sargento-da-policia-militar-e-baleado-com-a-propria-arma-durante-confusao-em-porto-velho.ghtml,violencia,95
Médico é preso no Paraná suspeito de montar 'apartamento' em hospital e ameaçar servidores,2026-06-19T15:16:38+00:00,PR / Itaúna do Sul,https://g1.globo.com/pr/norte-noroeste/noticia/2026/06/19/prisao-medico-itauna-do-sul-investigacao.ghtml,violencia,85
"Médico formado no exterior, pioneiro em harmonização e 10 mil alunos: veja como suspeito de causar lesão grave a paciente se apresentava",2026-06-19T15:13:11+00:00,GO / Goiânia,https://g1.globo.com/go/goias/noticia/2026/06/19/veja-como-suspeito-de-causar-lesao-grave-a-paciente-se-apresentava.ghtml,fraude,95
Ligação clandestina de água é descoberta durante operação com drones em Cabo Frio,2026-06-19T15:12:01+00:00,RJ / Cabo Frio,https://g1.globo.com/rj/regiao-dos-lagos/noticia/2026/06/19/ligacao-clandestina-de-agua-e-descoberta-durante-operacao-com-drones-em-cabo-frio.ghtml,furto,95
Professor de jiu-jitsu é condenado a mais de 178 anos de prisão por abusos sexuais contra alunos no Amazonas,2026-06-19T15:09:52+00:00,AM / Manaus,https://g1.globo.com/am/amazonas/noticia/2026/06/19/professor-de-jiu-jitsu-e-condenado-a-mais-de-178-anos-de-prisao-por-abusos-sexuais-contra-alunos-no-amazonas.ghtml,estupro,100
Homem é morto a tiros a caminho do trabalho na zona rural de Petrolina,2026-06-19T15:09:18+00:00,PE / Petrolina / Núcleo 10 do Projeto Senador Nilo Coelho,https://g1.globo.com/pe/petrolina-regiao/noticia/2026/06/19/homem-e-morto-a-tiros-a-caminho-do-trabalho-na-zona-rural-de-petrolina.ghtml,homicidio,100
Justiça absolve policiais militares acusados de matar empresário em Mairinque,2026-06-19T15:08:05+00:00,SP / Mairinque,https://g1.globo.com/sp/sorocaba-jundiai/noticia/2026/06/19/juri-popular-policiais-mairinque.ghtml,homicidio,95
"Polícia prende em AL trio com mais de 20 BOs por furto qualificado, roubo, tráfico e tentativa de furto",2026-06-19T15:04:27+00:00,AL / Rio Largo,https://g1.globo.com/al/alagoas/noticia/2026/06/19/policia-prende-em-al-trio-com-mais-de-20-bos-por-furto-qualificado-roubo-trafico-e-tentativa-de-furto.ghtml,policia,95
Idoso desaparecido após sair de bar é encontrado morto em rio no litoral de SP,2026-06-19T15:03:34+00:00,SP / Itanhaém,https://g1.globo.com/sp/santos-regiao/noticia/2026/06/19/idoso-desaparecido-apos-sair-de-bar-e-encontrado-morto-em-rio-no-litoral-de-sp.ghtml,homicidio,95
Homem é encontrado morto com ferimento no pescoço em Rio Branco,2026-06-19T14:52:52+00:00,AC / Rio Branco / Habitasa,https://g1.globo.com/ac/acre/noticia/2026/06/19/homem-e-encontrado-morto-com-ferimento-no-pescoco-em-rio-branco.ghtml,homicidio,100
Polícia Federal de Campinas cumpre mandados contra crimes de abuso sexual infantojuvenil - Hora Campinas,2026-06-19T14:51:37+00:00,SP / Campinas,https://news.google.com/rss/articles/CBMitwFBVV95cUxQa09oaWgyQUhHSVhZZDRIU1FudUwwbDFVVEVybllZWnIzMERtQVNQV0VwTDlUMEJsLWNNRllXTVp0SmJHTDFLZ0FUZC1oSmlMazljM0ZPenJhTHQxcXRvRVZweFB3QlhUQWlvdC1YQkV1a3FQaU9IbnZzT0QwM3BIa2g0c2VidkdYbnJxcmtDMldHbzJnQTlzejd5V3JMenFHVTJ5LUV1eks5Tk5TYVdXQUEzUHVRLTA?oc=5,policia,95
Confronto entre milcia e Comando Vermelho fecha escolas e postos de sade no Rio,2026-06-19T11:50:00-03:00,RJ / Rio de Janeiro / Rio das Pedras,https://redir.folha.com.br/redir/online/cotidiano/rss091/*https://www1.folha.uol.com.br/cotidiano/2026/06/confronto-entre-milicia-e-comando-vermelho-fecha-escolas-e-postos-de-saude-no-rio.shtml,faccao,100
Comitê pede acesso a processo de cassação do vereador Rosinaldo Bual na Câmara de Manaus,2026-06-19T14:47:22+00:00,AM / Manaus,https://g1.globo.com/am/amazonas/noticia/2026/06/19/comite-pede-acesso-a-processo-de-cassacao-do-vereador-rosinaldo-bual-na-camara-de-manaus.ghtml,fraude,100
VÍDEO: Porta-malas recheado e criança deitada sobre droga; polícia apreende meia tonelada de maconha na região,2026-06-19T14:41:18+00:00,MG / Uberlândia,https://g1.globo.com/mg/triangulo-mineiro/noticia/2026/06/19/video-porta-malas-recheado-e-crianca-deitada-sobre-droga-policia-apreende-meia-tonelada-de-maconha-na-regiao.ghtml,trafico,95
Suspeito de tentar estuprar mulher é morto pela polícia ao tentar fugir em MT,2026-06-19T14:38:25+00:00,MT / Cuiabá / Jardim Leblon,https://g1.globo.com/mt/mato-grosso/noticia/2026/06/19/suspeito-de-tentar-estuprar-mulher-e-morto-pela-policia-ao-tentar-fugir-em-mt.ghtml,policia,95
Justia rejeita liminar e mantm priso de suspeitos da morte de jovem em salto da ponte em Limeira (SP),2026-06-19T11:32:00-03:00,SP / Limeira,https://redir.folha.com.br/redir/online/cotidiano/rss091/*https://www1.folha.uol.com.br/cotidiano/2026/06/justica-rejeita-liminar-e-mantem-prisao-de-suspeitos-da-morte-de-jovem-em-salto-da-ponte-em-limeira-sp.shtml,homicidio,95
Prefeitura de BH faz compra de 100 ônibus elétricos por R$ 320 milhões,2026-06-19T14:30:19+00:00,MG / Belo Horizonte,https://g1.globo.com/mg/minas-gerais/noticia/2026/06/19/prefeitura-de-bh-faz-compra-de-100-onibus-eletricos-por-r-320-milhoes.ghtml,fraude,85
"Morre homem que teve 60% do corpo queimado em incêndio no bairro Ipiranga, em Juiz de Fora",2026-06-19T14:28:19+00:00,MG / Juiz de Fora / Ipiranga,https://g1.globo.com/mg/zona-da-mata/noticia/2026/06/19/morre-homem-que-teve-60percent-do-corpo-queimado-em-incendio-no-bairro-ipiranga-em-juiz-de-fora.ghtml,homicidio,95
Homem é condenado a 71 anos de prisão por tentativa de chacina em Fortaleza,2026-06-19T14:25:31+00:00,CE / Fortaleza / Conjunto Palmeiras,https://g1.globo.com/ce/ceara/noticia/2026/06/19/homem-e-condenado-a-71-anos-de-prisao-por-tentativa-de-chacina-em-fortaleza.ghtml,homicidio,95
"Passageiro morre após se desequilibrar ao descer de moto, cair e ser atropelado por ônibus; vídeo",2026-06-19T14:24:01+00:00,GO / Goiânia,https://g1.globo.com/go/goias/transito/noticia/2026/06/19/acidente-causa-morte-na-avenida-mutirao-em-goiania.ghtml,veiculo,95
Investigação do Ministério Público diz que rompimento de barragem no TO ocorreu por 'falhas de planejamento',2026-06-19T14:22:43+00:00,TO / Ponte Alta do Bom Jesus / Zona rural,https://g1.globo.com/to/tocantins/noticia/2026/06/19/investigacao-do-ministerio-publico-diz-que-rompimento-de-barragem-no-to-ocorreu-por-falhas-de-planejamento.ghtml,outros,95
"‘Para mim, foi um atentado’, diz pai de youtuber argentino morto em queda de helicópteros no Rio",2026-06-19T14:20:57+00:00,RJ / Rio de Janeiro / Recreio dos Bandeirantes,https://g1.globo.com/rj/rio-de-janeiro/noticia/2026/06/19/entrevista-pai-de-youtuber-argentino-morto-em-queda-de-helicopteros-no-rio.ghtml,homicidio,100
Suspeito de invadir confeitaria em Cuiabá é preso dois meses após deixar sistema prisional,2026-06-19T14:19:15+00:00,MT / Cuiabá,https://g1.globo.com/mt/mato-grosso/noticia/2026/06/19/suspeito-de-invadir-confeitaria-em-cuiaba-e-preso-dois-meses-apos-deixar-sistema-prisional.ghtml,furto,95
Falso terapeuta é alvo de fiscalização em Cuiabá após denúncia de atendimentos a crianças com autismo,2026-06-19T14:16:11+00:00,MT / Cuiabá / Altos do Coxipó,https://g1.globo.com/mt/mato-grosso/noticia/2026/06/19/falso-terapeuta-e-alvo-de-fiscalizacao-em-cuiaba-apos-denuncia-de-atendimentos-a-criancas-com-autismo.ghtml,fraude,85
Piloto de globo da morte e outros integrantes de circo: quem são as vítimas do acidente na BR-110,2026-06-19T14:16:03+00:00,BA / Catu,https://g1.globo.com/ba/feira-de-santana-regiao/noticia/2026/06/19/acidente-vitimas-bahia.ghtml,homicidio,95
Polícia investiga suspeita de exploração sexual após homem combinar encontro com adolescente no interior de SP,2026-06-19T14:14:02+00:00,SP / Avaré / Vila Brabância,https://g1.globo.com/sp/itapetininga-regiao/noticia/2026/06/19/policia-investiga-suspeita-de-exploracao-sexual-apos-homem-combinar-encontro-com-adolescente-no-interior-de-sp.ghtml,menor,95
PMCE prende dois suspeitos e recupera carga de eletrodomésticos roubada em Fortaleza - CN7,2026-06-19T14:12:00+00:00,CE / Fortaleza,https://news.google.com/rss/articles/CBMipwFBVV95cUxOZi1NRVZWelVkRHU2N1pUa2RMUXpfUmdUUjR1Tk9vcUNObDk3SGtyeW9TMFBLT2I0c0pibE41RTZqODE1b2pBZ0JGRm45bEhtZzNUZXJPZXAxZXlDaVR4akNJSFdJQWRBYW1qWF9RZi1EeC1YNWlIank4MTA4Q0dxM0N0WWlpWmhuTWV0MXRUbzVwb1RnazM0c3kxR2k2OTVCNHRfNlRtWQ?oc=5,policia,95
Justiça determina internação de adolescente responsável por ataque em escola no Acre,2026-06-19T14:11:19+00:00,AC / Rio Branco,https://g1.globo.com/ac/acre/noticia/2026/06/19/justica-determina-internacao-de-adolescente-responsavel-por-ataque-em-escola-no-acre.ghtml,homicidio,100
"Esquema suspeito em campanha da prefeita de Campo Grande tinha núcleos para compra 'sistemática de votos', revela PF",2026-06-19T14:09:17+00:00,MS / Campo Grande / Taquarussu,https://g1.globo.com/ms/mato-grosso-do-sul/noticia/2026/06/19/esquema-suspeito-em-campanha-de-adriane-lopes-tinha-nucleos-para-compra-sistematica-de-votos-revela-pf.ghtml,fraude,85
"Mulher morre atropelada na Transamazônica, em Itaituba, PA",2026-06-19T13:55:24+00:00,PA / Itaituba,https://g1.globo.com/pa/para/noticia/2026/06/19/mulher-morre-apos-ser-atropelada-na-transamazonica-em-itaituba-pa.ghtml,homicidio,95
Soldador morre após sofrer descarga elétrica durante serviço na zona rural de Riachão do Jacuípe,2026-06-19T13:55:13+00:00,BA / Riachão do Jacuípe / Malhada de Juazeiro,https://g1.globo.com/ba/feira-de-santana-regiao/noticia/2026/06/19/morte-descarga-eletrica-bahia.ghtml,outros,95
Ciclista morre após ser atropelado por carro e micro-ônibus na BR-101,2026-06-19T13:54:47+00:00,PE / Recife,https://g1.globo.com/pe/pernambuco/noticia/2026/06/19/ciclista-morre-apos-ser-atropelado-por-carro-e-micro-onibus-na-br-101.ghtml,homicidio,95
Dupla é presa por envolvimento com o tráfico de drogas em Angra dos Reis,2026-06-19T13:53:17+00:00,RJ / Angra dos Reis / Morro da Fortaleza,https://g1.globo.com/rj/sul-do-rio-costa-verde/noticia/2026/06/19/trafico-de-drogas-em-angra-dos-reis.ghtml,trafico,100
Quatro pessoas ficam feridas após colisão entre motos no Ceará; entre as vítimas estão crianças,2026-06-19T13:52:15+00:00,CE / Tabuleiro do Norte,https://g1.globo.com/ce/ceara/noticia/2026/06/19/quatro-pessoas-ficam-feridas-apos-colisao-entre-motos-no-ceara.ghtml,outros,85
PM é preso em operação contra milícia do Catiri suspeita de movimentar R$ 25 milhões em extorsões no RJ,2026-06-19T13:43:41+00:00,RJ / Rio de Janeiro / Bangu,https://g1.globo.com/rj/rio-de-janeiro/noticia/2026/06/19/operacao-contra-milicia-que-atua-na-zona-oeste-do-rio.ghtml,policia,95
Indenização de quase R$ 600 mil: médico que matou dois jovens em acidente faz acordo com a Justiça e não será julgado,2026-06-19T13:40:50+00:00,GO / Goiânia,https://g1.globo.com/go/goias/noticia/2026/06/19/indenizacao-de-quase-r-600-mil-medico-que-dirigia-carro-de-luxo-em-acidente-que-matou-dois-jovens-faz-acordo-com-a-justica-e-nao-ira-passar-por-julgamento.ghtml,homicidio,95
"Ação da PMCE em fortaleza prende dois, recupera carga de eletrodomésticos e arma de fogo - Sobral Online",2026-06-19T13:36:08+00:00,CE / Fortaleza,https://news.google.com/rss/articles/CBMidEFVX3lxTFAwaDNnUVVvOVk2Y2hiLUtqTkxrYnF5QlZWY0pEZGthSUMtLWZia2tiVTdQOWNLSUhOcUxQblVrMGFLTHpEMzRvWjBnN2hteEs0YUFPbnd3amxLMjMxcVBPaXpYVS1Cb2VIS2lBRS01czZWYzNE?oc=5,policia,95
Gerente é indiciado por assédio sexual contra funcionárias em MT,2026-06-19T13:26:05+00:00,MT / Cuiabá,https://g1.globo.com/mt/mato-grosso/noticia/2026/06/19/gerente-e-indiciado-por-assedio-sexual-contra-funcionarias-em-mt.ghtml,estupro,90
Empresário é encontrado morto em lago a cerca de 400 km de onde morava,2026-06-19T13:23:02+00:00,GO / Anápolis,https://g1.globo.com/go/goias/noticia/2026/06/19/empresario-e-encontrado-morto-em-lago-de-anapolis.ghtml,homicidio,100
Designer de sobrancelhas morre ao desviar moto de carreta e bater em carro na MT-208,2026-06-19T13:22:06+00:00,MT / Alta Floresta,https://g1.globo.com/mt/mato-grosso/noticia/2026/06/19/designer-de-sobrancelhas-morre-ao-desviar-de-carreta-e-bater-em-carro-na-mt-208.ghtml,homicidio,95
Homem é morto com sete tiros na região central de Maringá - Maringa.Com,2026-06-19T13:20:23+00:00,PR / Maringá / região central,https://news.google.com/rss/articles/CBMilwFBVV95cUxQbUlyWmY4dHFoNEJmTWRPcU81Y29DWHI2bjh5ellOVTlldU84QURfTW5CelB6TG1JdDFVS05KY0JGcm5FX2hkSXdGSUJWeS1LWmNJeDdRTF9nOTJPQ3VQdFdaWjFIQ1Jsc2hTTFRWTGZDRmlHbUZxZEg1d2QyWVdRYnRZemhzZ29DODNORTQ0cHB6bTh3WC1V?oc=5,homicidio,100
São Pedro da Aldeia abre inscrições para cursos gratuitos de qualificação,2026-06-19T13:18:33+00:00,RJ / São Pedro da Aldeia,https://g1.globo.com/rj/regiao-dos-lagos/noticia/2026/06/19/sao-pedro-da-aldeia-abre-inscricoes-para-cursos-gratuitos-de-qualificacao.ghtml,outros,100
"Ataque hacker desvia mais de R$ 1,5 milhão destinado à saúde de prefeitura no Paraná",2026-06-19T13:05:43+00:00,PR / Espigão Alto do Iguaçu,https://g1.globo.com/pr/oeste-sudoeste/noticia/2026/06/19/ataque-hacker-desvia-prefeitura-no-parana.ghtml,fraude,95
"Caso Pedro Lucas: família sofre com falta de respostas dois anos após menino sumir ao levar irmão à escola, diz advogado",2026-06-19T13:01:54+00:00,GO / Rio Verde,https://g1.globo.com/go/goias/noticia/2026/06/19/caso-pedro-lucas-familia-de-menino-que-sumiu-ha-mais-de-dois-anos-apos-levar-irmao-a-escola-sofre-com-saudade-diaria-diz-advogado.ghtml,menor,85
Polícia Militar registra roubo de motocicleta na MG-447 em Ubá - Primeiro a Saber,2026-06-19T12:59:00+00:00,MG / Ubá,https://news.google.com/rss/articles/CBMipwFBVV95cUxQcnB2Z21lcEROeEJlWENxWS1YVnlUVzlpMGpWTUVwWEczYkV0YUlXQUkzMmQyRDhEdWFyZi1hcHp1SGRaQWZCbjJ2V1A1OFhWeFRtc0lwTXlXOTQweUZHay1tcnVmS1NGa1BqZWRSc0o3d0pGQ1VndF9iV0Y2RkRINTA1UkF0dEVSLUl5ZnFOTmNQLV9NaWw1S1NNZm1mUlFCSUU1STJKaw?oc=5,roubo,95
PF cumpre mandados em operação que investiga suspeita de compra de votos na campanha da prefeita de Campo Grande,2026-06-19T12:57:09+00:00,MS / Campo Grande,https://g1.globo.com/ms/mato-grosso-do-sul/noticia/2026/06/19/pf-cumpre-mandados-em-operacao-que-investiga-compra-de-votos-na-campanha-de-adriane-lopes.ghtml,fraude,90
"Jovem é morto a tiros na porta de casa no bairro Santa Lúcia, em Divinópolis",2026-06-19T12:54:36+00:00,MG / Divinópolis / Santa Lúcia,https://g1.globo.com/mg/centro-oeste/noticia/2026/06/19/jovem-e-morto-a-tiros-na-porta-de-casa-no-bairro-santa-lucia-em-divinopolis.ghtml,homicidio,100
"Jovem é morto a tiros na porta de casa no bairro Santa Lúcia, em Divinópolis - G1",2026-06-19T12:54:36+00:00,MG / Divinópolis / Santa Lúcia,https://news.google.com/rss/articles/CBMi0wFBVV95cUxPUE9ic1BrTzd5clB6d3hZYnVIajlDcXdrRW55cFZCZWM0dk1hckNEd3oyZjRKNVdSdnczOHl4ZnlJbGF1T0EtdWpIbGhYdmozdWhlbW5mM1NMUFhRQVdhaEl2Z0trek5PM212amFlMTNxQk9MZVNRODJ1YmwzNjBJU3JMQlBZVmNVeDdJSjhIZGlvUTF2WVFCQldrYTJWVzlBeE9ZYXItTk82cjVRbFFkVU1NbkI2YWlENmM4cFFJdlpVOGxfOGhkUnZyNm83SWd0WUVj0gHiAUFVX3lxTE5KTlZKbkhKZHZKVFhlNThlbWJNUUJGenpYa1ExNmtFck9KQTBkRW5MOG13OTkyM3pqb2FlNGh0aHFkV2REVXpQdUhCLUg5NXFiY2NtMnBhUk03eU9wTGN0ckZEbE9WZlozeXdNQ2wxOG9fdjZKbHJnanBUY05vTWVTMFdmVjRsR25WODgwVndZcG52bGpCRnVzV25OLXhTTVRERl9tM1FpTlRLa1pDODJmNEJZazFaNUpJT1J5ZDYwOEloWVVWV1JvQXRnY0tUZ0cyd3lFaXlBMGJXbHhjTmlZTnc?oc=5,homicidio,100
"Homem é preso suspeito de estuprar criança de 7 anos, na Paraíba",2026-06-19T12:52:41+00:00,PB / Alagoa Nova,https://g1.globo.com/pb/paraiba/noticia/2026/06/19/homem-e-preso-suspeito-de-estuprar-crianca-de-7-anos-na-paraiba.ghtml,estupro,100
Polícia Federal realiza operação em Sergipe e no Tocantins contra grupo suspeito de invadir contas da Caixa,2026-06-19T12:46:30+00:00,SE / Itabaiana,https://g1.globo.com/se/sergipe/noticia/2026/06/19/policia-federal-deflagra-operacao-em-se-e-outro-estado-contra-grupo-suspeito-de-invadir-contas-da-caixa.ghtml,policia,99
"Idosa de 74 anos é presa em flagrante por tráfico de drogas em Imperatriz, no MA",2026-06-19T12:40:29+00:00,MA / Imperatriz / Vila Lobão,https://g1.globo.com/ma/maranhao/noticia/2026/06/19/idosa-de-74-anos-e-presa-em-flagrante-por-trafico-de-drogas-em-imperatriz-no-ma.ghtml,trafico,100
Foragido do presídio de Muriaé é recapturado em BH durante operação 'Cerco Fechado',2026-06-19T12:38:27+00:00,MG / Belo Horizonte / Jardim Alvorada,https://g1.globo.com/mg/zona-da-mata/noticia/2026/06/19/foragido-do-presidio-de-muriae-e-recapturado-em-bh-durante-operacao-cerco-fechado.ghtml,policia,95
"Entenda suposto esquema investigado em operação contra BRB, Secretaria de Economia do DF e PicPay",2026-06-19T12:35:03+00:00,DF / Brasília,https://g1.globo.com/df/distrito-federal/post/2026/06/19/entenda-suposto-esquema-investigado-em-operacao-contra-brb-secretaria-de-economia-do-df-e-picpay.ghtml,fraude,95
"Operação contra grupo suspeito de tráfico, homicídios e comércio ilegal de armas é deflagrada na Bahia",2026-06-19T12:33:28+00:00,BA / Maraú,https://g1.globo.com/ba/bahia/noticia/2026/06/19/operacao-tres-coqueiros-e-deflagrada-na-bahia.ghtml,policia,95
VÍDEO: Suspeito de lavagem de dinheiro para Comando Vermelho é abordado em academia no Ceará,2026-06-19T12:27:45+00:00,CE / Sobral,https://g1.globo.com/ce/ceara/noticia/2026/06/19/video-suspeito-de-lavagem-de-dinheiro-para-comando-vermelho-e-preso-em-academia-no-ceara.ghtml,fraude,90
"Fiscalização resgata 95 aves, aplica R$ 400 mil em multas e prende criador por maus-tratos, no Paraná",2026-06-19T12:25:15+00:00,PR / Guarapuava,https://g1.globo.com/pr/campos-gerais-sul/noticia/2026/06/19/fiscalizacao-resgata-95-aves-aplica-r-400-mil-em-multas-e-prende-criador-por-maus-tratos-no-parana.ghtml,outros,95
Lotofácil: aposta simples do Paraná acerta todos os números e leva prêmio milionário,2026-06-19T12:24:28+00:00,PR / Maringá,https://g1.globo.com/pr/norte-noroeste/noticia/2026/06/19/lotofacil-aposta-parana-maringa.ghtml,outros,100
"Após batida na BR-116, moto pega fogo e duas pessoas morrem em Inhapim",2026-06-19T12:23:33+00:00,MG / Inhapim,https://g1.globo.com/mg/vales-mg/noticia/2026/06/19/apos-batida-na-br-116-moto-pega-fogo-e-duas-pessoas-morrem-em-inhapim.ghtml,outros,90
Assaltante que esfaqueou motorista de aplicativo em Blumenau é morto em confronto com a PM; suspeito tinha 17 anos - Jornal de Pomerode,2026-06-19T12:19:27+00:00,SC / Blumenau,https://news.google.com/rss/articles/CBMi5AFBVV95cUxNQUdvNTUxU21zWUhrZTNvZUNESjN3Y1dUcUw4SEREX1NGbU9wb05TOWtFeDk0N1lWSzRTQXVsVWl6ekp2VE9QdVJYckxPMndoZkc3OUtBcmdoWS12VktEbVhvcTF5bmdhQmFfNXBRYmtIRkRxdFpRQ3dVd3MydEwyNW43T1FsY3VmZ2VZWVJHQWZHV1o4XzZvdWNvYnhSaW14ZWhpTEx6a0lyOGVSTG4wRHNNeWo2aXpXVFpQeFlBRmZGR3Bjb3Y5VVFiWkRLZHY5YVBydDZCWjhXcWppT0E4YnZaSjU?oc=5,policia,85
Suspeito de roubo a motorista de aplicativo em Blumenau morre em confronto com a PM em Navegantes - Testo Notícias,2026-06-19T12:18:02+00:00,SC / Blumenau,https://news.google.com/rss/articles/CBMi0AFBVV95cUxPR09Oekc3MnB4WmVfUlBBekhHOHNGcU9JdzVZdG15UmxvbWhCN2tpMjlUcExSWHJDcUZPRXFGYWJQM1hoOEZYUlB2TDdlcmNxb2F0bHlKUWl6dGNQLVJZeWZ1LWVlTkwxNkQzU0NYR3ZFYWR2YlBVUUJ3UVJCbllvcEVYSUZ1N0hSZmtGOExVbmtUSXJJY3VWR1pyTnowUG5Nams4aFFxRTc1dFg4Y0lFM0ctOFBiNFJyT2lraE5RWTMwendhQzJFeXcwc1lTbU1E?oc=5,policia,90
VÍDEO: centenas de araras com as cores do Brasil se ‘hospedam’ em propriedade de MT,2026-06-19T12:17:20+00:00,MT / Porto dos Gaúchos,https://g1.globo.com/mt/mato-grosso/noticia/2026/06/19/video-centenas-de-araras-com-as-cores-do-brasil-se-hospedam-em-hotel-de-mt.ghtml,outros,90
Motorista é preso por matar família em acidente de trânsito na BR-101 no ES,2026-06-19T12:14:50+00:00,ES / Jaguaré,https://g1.globo.com/es/espirito-santo/noticia/2026/06/19/motorista-e-preso-por-matar-familia-em-acidente-de-transito-na-br-101-no-es.ghtml,homicidio,95
Dois dos 7 policiais acusados de matar jovem em Salvador são condenados a mais de 20 anos de prisão,2026-06-19T12:14:23+00:00,BA / Salvador,https://g1.globo.com/ba/bahia/noticia/2026/06/19/policiais-condenados-por-matar-jovem-em-salvador-sao-condenados-a-mais-de-20-anos-de-prisao.ghtml,homicidio,100
Dois dos 7 policiais acusados de matar jovem em Salvador são condenados a mais de 20 anos de prisão - G1,2026-06-19T12:14:23+00:00,BA / Salvador,https://news.google.com/rss/articles/CBMi3wFBVV95cUxQa1U1NThySTNqd2Itb1ViY25JeTNIeGVEdVZiMTBiZExWUTdRcHd6NnhHZWNVeEZaWGNSQlpOUGdGR2NFZVFlbUpranBaNlkzZVo3bWtOSjFZVWdENjR6bk5La2ZTcGZyRFNsbTRndXd0bjhVMk5ZOWc4RWc3a0k1RFhuNWw1MG1OT0xXSmFiRjBoQVFwUWdaeE5BcTVmUTk3TnJ4NWdDWDdCVWp5VFozVnlHNjN6NENuWFdXRkdSQnNXQ2hzWHVBRk43VVpVQkJpRTJKUjBrVEk1Z2MtZ1pR0gHuAUFVX3lxTE15RGI0VE5vTDk1N3dLSVZ3TzRGMktXd21EMThsX2ZERXpET2ZUTV9rajZTVlE3MzhuUzRoVkt6djVKZ2dNME03VHlhYk9sYy1LMjFmSGwzX3Nta2lEMS0tMXlCcFBWN0JaZ2otSHgwVEViVVhLSkpNV3lRR3JzenpXWllIcFAzZXhvWktDTU5NOGdiSWwwVTk5dmFuSi1TUnh6NUV6NkNiVXp2VGFLdWY4V09JalRURTdSWEF3UVJ3T0I0NGEtSWtybWttNnR5UzNBTjNzNVRkOVd3eExCLTZOZDdFN2hFT2dsRm52UkE?oc=5,homicidio,95
"O que é o PicPay, banco digital alvo de operação por descontos indevidos a servidores do DF",2026-06-19T12:12:50+00:00,DF / Brasília,https://g1.globo.com/economia/noticia/2026/06/19/o-que-e-a-picpay.ghtml,fraude,90
Homem é preso e mais de 200 espadas são apreendidas durante operação em Cruz das Almas,2026-06-19T12:12:24+00:00,BA / Cruz das Almas / Itapicuru,https://g1.globo.com/ba/feira-de-santana-regiao/noticia/2026/06/19/prisao-suspeiro-espadas-bahia.ghtml,policia,100
Entrega de apartamentos para vítimas da tragédia de 2011 em Teresópolis é adiada novamente,2026-06-19T12:12:02+00:00,RJ / Teresópolis / Fazenda Ermitage,https://g1.globo.com/rj/regiao-serrana/noticia/2026/06/19/entrega-de-apartamentos-para-vitimas-da-tragedia-de-2011-em-teresopolis-e-adiada-novamente.ghtml,outros,100
Homem é preso suspeito de esfaquear a esposa no DF,2026-06-19T12:06:43+00:00,DF / Ceilândia,https://g1.globo.com/df/distrito-federal/noticia/2026/06/19/homem-e-preso-suspeito-de-esfaquear-a-esposa-no-df.ghtml,violencia,95
"Motorista é detido com caminhão clonado na Via Dutra, em Itatiaia",2026-06-19T11:57:10+00:00,RJ / Itatiaia,https://g1.globo.com/rj/sul-do-rio-costa-verde/noticia/2026/06/19/motorista-e-detido-com-caminhao-clonado-na-via-dutra-em-itatiaia.ghtml,veiculo,90
Mais de 20 suspeitos de integrar facção são presos no litoral do PI durante operação,2026-06-19T11:56:53+00:00,PI / Parnaíba,https://g1.globo.com/pi/piaui/noticia/2026/06/19/suspeitos-integrar-faccao-presos-operacao-litoral-pi.ghtml,faccao,90
Homem é preso por agredir ex-companheira em Boa Vista - Roraima 1,2026-06-19T11:56:46+00:00,RR / Boa Vista,https://news.google.com/rss/articles/CBMihAFBVV95cUxQeFJaN3h2a2lyZ3FOeGlhSU92YTNmZkF4ZXBhbGVUSkJWSmpyeUs1VGJlRklfWFpEdC1jTWJVeEE5RmtPYWZBZ0FxemxrbEdFRFFIemlFZk8zc2wwZHF4TDBHUkpnd3BXS1MzeWR0dlNaLUdXMUl5bnJvWmxFVmR0VFM3a0I?oc=5,violencia,95
"Aparelhos de raio-x encontrados em ferro-velho não apresentam risco de contaminação, diz Cnen",2026-06-19T11:46:52+00:00,GO / Anápolis,https://g1.globo.com/go/goias/noticia/2026/06/19/aparelhos-de-raio-x-encontrados-em-ferro-velho-nao-apresentam-risco-de-contaminacao-diz-cnen.ghtml,outros,95
'Arrastadores': operação mira motoristas clandestinos que aplicam golpes em passageiros no Aeroporto Internacional de SP,2026-06-19T11:44:22+00:00,SP / Guarulhos / Aeroporto Internacional,https://g1.globo.com/sp/sao-paulo/noticia/2026/06/19/arrastadores-operacao-mira-motoristas-clandestinos-que-aplicam-golpes-em-passageiros-no-aeroporto-internacional-de-sp.ghtml,policia,95
Entenda quais as acusações contra a ex-secretária Dhieine Caminski em investigação sobre terceirização das UPAs,2026-06-19T11:24:57+00:00,TO / Palmas,https://g1.globo.com/to/tocantins/noticia/2026/06/19/entenda-quais-as-acusacoes-contra-a-ex-secretaria-dhieine-caminski-em-investigacao-sobre-terceirizacao-das-upas.ghtml,fraude,100
"Fuzil e cerca de 147 kg de drogas são encontrados em tonel enterrado em área de mata, em Angra dos Reis",2026-06-19T11:22:53+00:00,RJ / Angra dos Reis / Morro do Santo Antônio,https://g1.globo.com/rj/sul-do-rio-costa-verde/noticia/2026/06/19/fuzil-e-cerca-de-147-kg-de-drogas-sao-encontrados-em-tonel-enterrado-em-area-de-mata-em-angra-dos-reis.ghtml,trafico,95
Polícia Civil tenta prender assassinos de adolescente; jovem foi torturado e esquartejado em Guaratiba,2026-06-19T11:20:48+00:00,RJ / Rio de Janeiro / Guaratiba,https://g1.globo.com/rj/rio-de-janeiro/noticia/2026/06/19/policia-civil-tenta-prender-assassinos-de-adolescente.ghtml,homicidio,95
Funcionária é rendida durante roubo a posto de combustíveis em Visconde do Rio Branco - Primeiro a Saber,2026-06-19T11:14:00+00:00,MG / Visconde do Rio Branco,https://news.google.com/rss/articles/CBMixgFBVV95cUxPZDJZMDhYWGpsa1kzN2owcVM5cGtLS2o2cThZVjctV0hHemk4c2ZnRWpMaHhnSDVhSnc5RW56WkdIVk5xSUYxWnc5VllQQk9jV1d5czJlOFdXcWFPNWVoTHFLcUdmN3cyZ1ROLVFqUXU4TXJLSXNlbjhwN2E2TlZRSEF3SFFDM3h1QU8xVTdobjNMa1BjTWdtVkRsdWltbE8xUE1NZll6d0VvNzB5ZEp4M0U3UDVKOFBCdGIxX2tHdTZOWmdwX2c?oc=5,roubo,100
"Motorista de caminhonete morre em acidente com rodotrem carregado com madeira na BR-050, em Uberaba",2026-06-19T11:07:07+00:00,MG / Uberaba,https://g1.globo.com/mg/triangulo-mineiro/noticia/2026/06/19/motorista-de-caminhonete-morre-em-acidente-com-rodotrem-carregado-com-madeira-na-br-050-em-uberaba.ghtml,outros,95
"Quem é Eduardo Chedid, executivo da Faria Lima e alvo da Operação Juros Zero",2026-06-19T11:06:23+00:00,DF / Brasília,https://g1.globo.com/sp/sao-paulo/noticia/2026/06/19/quem-e-eduardo-chedid-executivo-da-faria-lima-e-alvo-da-operacao-juros-zero.ghtml,fraude,95
"Homem é morto a tiros na entrada de condomínio em Nova Parnamirim, na Grande Natal",2026-06-19T11:02:23+00:00,RN / Parnamirim / Nova Parnamirim,https://g1.globo.com/rn/rio-grande-do-norte/noticia/2026/06/19/morto-tiros-entrada-condominio-nova-parnamirim.ghtml,homicidio,100
Cobra jiboia é capturada em jardim de casa em Aracaju,2026-06-19T10:59:15+00:00,SE / Aracaju / Aruana,https://g1.globo.com/se/sergipe/noticia/2026/06/19/cobra-jiboia-e-capturada-em-jardim-de-casa-em-aracaju.ghtml,outros,95
Comerciantes da Tijuca prendem aparelhos de ar-condicionado com correntes após onda de furtos no bairro,2026-06-19T10:59:07+00:00,RJ / Rio de Janeiro / Tijuca,https://g1.globo.com/rj/rio-de-janeiro/noticia/2026/06/19/comerciantes-tijuca-furtos-no-bairro.ghtml,furto,100
Denúncias de caça ilegal levam PM a apreender armas e aves em Rio Vermelho,2026-06-19T10:55:45+00:00,MG / Rio Vermelho,https://g1.globo.com/mg/vales-mg/noticia/2026/06/19/denuncias-de-caca-ilegal-levam-pm-a-apreender-armas-e-aves-em-rio-vermelho.ghtml,policia,100
"Servidor que amputou o próprio pé para receber indenização de R$ 1,5 milhão contratou quatro seguros um mês antes",2026-06-19T10:46:53+00:00,BA / Amélia Rodrigues,https://g1.globo.com/ba/feira-de-santana-regiao/noticia/2026/06/19/servidor-publico-pe-amputado-seguros.ghtml,fraude,100
Mulher é morta a tiros dentro do salão de beleza em que trabalhava em Salvador,2026-06-19T10:43:57+00:00,BA / Salvador / Pituaçu,https://g1.globo.com/ba/bahia/noticia/2026/06/19/mulher-e-morta-a-tiros-dentro-do-salao-em-que-trabalhava-em-salvador.ghtml,homicidio,100
Mulher é morta a tiros dentro do salão de beleza em que trabalhava em Salvador - G1,2026-06-19T10:43:57+00:00,BA / Salvador,https://news.google.com/rss/articles/CBMiwAFBVV95cUxONTF0ZVRfcTFmWHpPQzFleGNwdkowdVpyclBBUmV6OHhUODZaMi10WFowNmtTWUJxcUlvOGJOSWdIWk44N2VPNTlZWERUV19odnlwQ3lZZlViVUpaOHYzem41Ymo0SGUzNjdDeHBKajN2TXVLT0M2dUJ6UWcyeHJBakxTTjNEMkd1Uy0wcHQ5VFFPVlVZTklvQk52SWw5Z2l4aFZCY2RHUnVaX2VJeVd6OURiVUFfdjI2b1FBZDFKeETSAc8BQVVfeXFMTkJXeEFVeXh0MTAxM0ZuOFZXZEZJd0NoQ1BWN010OUJDU0I0dEhrY09MNDNUT19ZbEMwVThaTHZfRi1ERFAyS3R2b0E4MXFMV2VDTkRMOVVCR1h6TUJOQkxYTDNseHN6VmFGcHhtaWI2YWhiajNoWVhKUTlfWHM1YUR0SUY2eHFFSG5tN0JMd3plYVBGd090YTd3SjV2Qmt3UmtVT0xDUE9SbVVtSGFFOUJoNmpaWllnRlQ5dEVldWYzcW96TGFjbnhMUEl2WW9r?oc=5,homicidio,100
Medicamentos para emagrecimento contrabandeados são apreendidos em ônibus interestadual em Cascavel - CGN,2026-06-19T10:36:00+00:00,PR / Cascavel,https://news.google.com/rss/articles/CBMizwFBVV95cUxPMmZCNVdJdXRRVVNVZEJOeXFpTm0zWTlWdndFS2xoQkJXZTZ0SGV6eTRSOElLeFQwTnNvVGhNaUJpSFVDNUpXZVFkX2UzQlpGWE5MOVYxV3h4T3FpX2JMS0sxWXR0Y193YW1xS1lRSFBEZ3J3a1drTFdaWk9Ja2ptVFlyODdqS09jWlF0U096cEFBTkdjYmI4d092TWpELTdtQ3ZJRDJMNnZyNmdPRjEybko1M1JCak1pZ1hDc2dheXFCMTZ6NTlOUVQ1czM2YkHSAdQBQVVfeXFMT0NkRjBOckphcUNiS19MZWtjdnI1S2xTR1ZTbVN3R3F6aDJvbFAyYWNOVXBVdTVwd3gxaEtBbFc3R1IxMllOeTF2MUhuUktzYml4RnVBakpHNnVzRE9KME1FTWlUYkF1dXB1RzJTbnc4elFkaWNpMWs0UkQ2LW83bnRvUXFacVFqazNxSDNDTFYzcmJsUnc1Vy1KV3pYelBraVZoeVhwT1czVkdDSWNhcFFpSHRBZ05pbVg0bC1tNHRkNm9aeDN2Nlh3SjhuTVc2V190MHI?oc=5,trafico,85
Homem que esfaqueou e decepou orelha da ex por não aceitar fim da relação é julgado em Fortaleza,2026-06-19T10:34:38+00:00,CE / Fortaleza / Lagoa Redonda,https://g1.globo.com/ce/ceara/noticia/2026/06/19/homem-que-esfaqueou-e-decepou-orelha-da-ex-por-nao-aceitar-fim-da-relacao-e-julgado-em-fortaleza.ghtml,violencia,100
Justiça nega novo pedido de habeas corpus de empresário acusado de matar gari em BH,2026-06-19T10:34:03+00:00,MG / Belo Horizonte,https://g1.globo.com/mg/minas-gerais/noticia/2026/06/19/justica-nega-novo-pedido-de-habeas-corpus-de-empresario-acusado-de-matar-gari-em-bh.ghtml,homicidio,100
"Motorista de caminhão arranca poste após colisão na Av. Durval de Góes Monteiro, em Maceió",2026-06-19T10:30:54+00:00,AL / Maceió / Tabuleiro do Martins,https://g1.globo.com/al/alagoas/noticia/2026/06/19/motorista-de-caminhao-arranca-poste-apos-colisao-na-av-durval-de-goes-monteiro-em-maceio.ghtml,outros,95
Homem é condenado a quase 90 anos de prisão por matar os ex-sogros após ser expulso da casa onde morava com a ex,2026-06-19T10:27:10+00:00,GO / Cristalina,https://g1.globo.com/go/goias/noticia/2026/06/19/homem-e-condenado-a-quase-90-anos-de-prisao-por-matar-os-ex-sogros-apos-ser-expulso-da-casa-onde-morava-com-a-ex.ghtml,homicidio,100
Menina encontrada morta após desaparecer em fazenda: polícia descarta envolvimento de terceiros,2026-06-19T10:25:01+00:00,GO / Doverlândia,https://g1.globo.com/go/goias/noticia/2026/06/19/menina-encontrada-morta-apos-desaparecer-em-fazenda-policia-descarta-envolvimento-de-terceiros.ghtml,homicidio,95
Suspeito de tentar matar adolescente de 15 anos com tiro no pé por rixa com primo da vítima é preso no PI,2026-06-19T10:15:02+00:00,PI / Campo Maior / Zona Rural,https://g1.globo.com/pi/piaui/noticia/2026/06/19/suspeito-preso-tentar-matar-adolescente.ghtml,homicidio,95
"Operação faz buscas contra BRB, Secretaria de Economia do DF e PicPay",2026-06-19T10:07:08+00:00,DF / Brasília,https://g1.globo.com/df/distrito-federal/post/2026/06/19/operacao-investiga-esquema-na-folha-de-pagamento-de-servidores-do-df.ghtml,fraude,95
Homem suspeito de importunação sexual contra jornalista é preso em João Pessoa - Repórter PB,2026-06-19T09:50:00+00:00,PB / João Pessoa,https://news.google.com/rss/articles/CBMi4gFBVV95cUxOOXRmV2xRd2hvWlJwdEdKd2tBV0VWSG5ScDdWUlJ3b0h4djJrXzhtV1BlVmxnUFBnSk94SDJDQUhjZ0RINjVQaFhwaG95ZmU5RnpVV1JmeEQ1LV9GYlR0cURxaVYtVHZWcVYzUEJZelg0YlNUN3VHeEhieVptVTdJZTNhbWZKanh6bjJlZUp2Yi1BZkpfNTUyY3VxY1U2RmNBcE1EZmNSMGhzdm9YYlBnZzM1M29sYThCV3FVV2xDU2toRkZoaUZLSTB3SVdDNEpOdTVzQkUwOFRkczhsRnd6eWtn?oc=5,estupro,95
Operação da PM mobiliza mais de 350 policiais para combater roubos e tráfico de drogas em SP,2026-06-19T09:46:06+00:00,SP / São Paulo,https://g1.globo.com/sp/sao-paulo/noticia/2026/06/19/operacao-da-pm-mobiliza-mais-de-350-policiais-para-combater-roubos-e-trafico-de-drogas-em-sp.ghtml,policia,95
Metrô de BH fecha nove estações para obras neste fim de semana e linhas de ônibus terão reforço; veja quais,2026-06-19T09:42:19+00:00,MG / Belo Horizonte,https://g1.globo.com/mg/minas-gerais/noticia/2026/06/19/metro-de-bh-fecha-nove-estacoes-para-obras-neste-fim-de-semana-e-linhas-de-onibus-terao-reforco-veja-quais.ghtml,outros,100
"Condenado, ex-prefeito de Paulínia Edson Moura foi preso por sonegação; entenda crime",2026-06-19T09:40:35+00:00,SP / Paulínia,https://g1.globo.com/sp/campinas-regiao/noticia/2026/06/19/condenado-ex-prefeito-de-paulinia-foi-preso-por-sonegacao-de-contribuicao-previdenciaria-entenda.ghtml,fraude,95
Rio das Pedras tem nova noite de tiroteios e ataques com drones; linhas de ônibus são desviadas e 17 escolas impactadas,2026-06-19T09:38:24+00:00,RJ / Rio de Janeiro / Rio das Pedras,https://g1.globo.com/rj/rio-de-janeiro/noticia/2026/06/19/rio-das-pedras-tem-nova-noite-de-tiroteios.ghtml,faccao,100
"Motorista com sinais de embriaguez bate carro e parte poste ao meio na Av. Menino Marcelo, em Maceió",2026-06-19T09:30:57+00:00,AL / Maceió / Serraria,https://g1.globo.com/al/alagoas/noticia/2026/06/19/motorista-com-sinais-de-embriaguez-colide-e-parte-poste-ao-meio-na-av-menino-marcelo-em-maceio.ghtml,veiculo,90
"Motorista é autuado pela Agefis por descarte irregular de óleo de motor às margens do Rio Cocó, em Fortaleza",2026-06-19T09:11:38+00:00,CE / Fortaleza / Cocó,https://g1.globo.com/ce/ceara/noticia/2026/06/19/motorista-e-autuado-pela-agefis-por-descarte-irregular-de-oleo-de-motor-as-margens-do-rio-coco-em-fortaleza.ghtml,outros,95
Trabalhador que caiu em silo de soja é encontrado morto após mais de 36 horas de buscas no RS,2026-06-19T09:10:48+00:00,RS / Tapera,https://g1.globo.com/rs/rio-grande-do-sul/noticia/2026/06/19/trabalhador-que-caiu-em-silo-de-soja-e-encontrado-no-rs.ghtml,homicidio,95
"Após 34 dias, bebê prematura deixa UTI vestida de Nossa Senhora Aparecida no AC: 'Confiei no milagre'",2026-06-19T09:00:20+00:00,AC / Cruzeiro do Sul,https://g1.globo.com/ac/acre/noticia/2026/06/19/apos-34-dias-bebe-prematura-deixa-uti-vestida-de-nossa-senhora-aparecida-no-ac-confiei-no-milagre.ghtml,outros,100
Vereador é acusado de esquema de rachadinha; MP pede devolução de R$ 285 mil,2026-06-19T08:08:20+00:00,SP / São Vicente,https://g1.globo.com/sp/santos-regiao/noticia/2026/06/19/vereador-e-acusado-de-esquema-de-rachadinha-mp-pede-devolucao-de-r-285-mil.ghtml,fraude,95
"Suspeitos de matar comerciante em Petrolina são presos com armas, drogas e motocicleta usada na execução do crime | Preto no Branco - Preto no Branco | Com Sibelle Fonseca",2026-06-19T08:00:22+00:00,PE / Petrolina,https://news.google.com/rss/articles/CBMi8gFBVV95cUxPb2lUbUxua0h0RTFQX1h6WUJvcFhITDBNWm9VblVFcjdIWU9aMmsxeWVHUHdqYWNyb08xODRwY0oweXVhT1BMenRfTmh6X0dTNU5fR3BKVlZyeElSMUowSi04RDlkaXF0dzJjbEFNYkZfdnhtVEZ1bm1EN2RpZThtbGFoS1g3cnM2cDBVX1doQWFHVHFRa0V4MEdHSFItN0pQUmRHcTVrSF84QV8tOUs0cVdKSktTWDBGYjJKdGRYeVNIZmpucy03ZXRXamZvVTFUaXVUM1BYQ1k2ZlBkXzBfX19JM25vSF9BeGtFTkNlZTZPQQ?oc=5,homicidio,100
Você já viu um cervo nadar? Animal é flagrado atravessando o Rio Araguaia no Tocantins; veja vídeo,2026-06-19T08:00:11+00:00,TO / Caseara,https://g1.globo.com/to/tocantins/noticia/2026/06/19/voce-ja-viu-um-cervo-nadar-animal-e-flagrado-atravessando-o-rio-araguaia-no-tocantins-veja-video.ghtml,outros,100
VÍDEO: motorista leva carro para oficina e descobre ninhada de gatinhos escondida no motor,2026-06-19T07:01:12+00:00,ES / Vila Velha,https://g1.globo.com/es/espirito-santo/noticia/2026/06/19/video-motorista-leva-carro-para-oficina-e-descobre-ninhada-de-gatinhos-escondida-no-motor.ghtml,outros,100
Defesa Civil alerta para frio intenso em Minas; cidades podem registrar menos de 5°C,2026-06-19T07:00:40+00:00,MG / Belo Horizonte,https://g1.globo.com/mg/minas-gerais/noticia/2026/06/19/defesa-civil-alerta-para-frio-intenso-em-minas-cidades-podem-registrar-menos-de-5c.ghtml,outros,100
Mobilidade Urbana tem novo Centro Administrativo,2026-06-19T03:01:43+00:00,RJ / Macaé / Virgem Santa,https://g1.globo.com/rj/regiao-dos-lagos/especial-publicitario/prefeitura-de-macae/capital-de-energia-e-do-orgulho-de-ser-macaense/noticia/2026/06/19/mobilidade-urbana-tem-novo-centro-administrativo.ghtml,outros,100
"Em depoimento, adolescente que apareceu em vídeo com jacaré em bicicleta no Rio disse que queria 'dar uma volta'",2026-06-19T03:01:05+00:00,RJ / Rio de Janeiro / Mandela,https://g1.globo.com/rj/rio-de-janeiro/noticia/2026/06/19/depoimento-adolescente-jacare-bicicleta-video.ghtml,menor,85
Quem é o advogado preso por suspeita de lavagem de dinheiro para facção criminosa,2026-06-19T03:00:44+00:00,CE / Fortaleza,https://g1.globo.com/ce/ceara/noticia/2026/06/19/quem-e-o-advogado-preso-por-suspeita-de-lavagem-de-dinheiro-para-faccao-criminosa.ghtml,faccao,95
'Prova nuclear': o conteúdo dos celulares que tornou Deolane e Marcola réus,2026-06-19T03:00:40+00:00,SP / São Paulo,https://g1.globo.com/sp/sao-paulo/noticia/2026/06/19/prova-nuclear-o-que-ha-nos-celulares-que-levaram-deolane-e-marcola-a-virar-reus.ghtml,faccao,95
"Jaques Wagner, familiares e mais: entenda suposta atuação dos alvos na BA da operação que apura repasses ligados ao Banco Master",2026-06-19T03:00:38+00:00,BA / Salvador,https://g1.globo.com/ba/bahia/noticia/2026/06/19/jaques-wagner-familiares-e-mais-entenda-suposta-atuacao-dos-alvos-na-ba-da-operacao-que-apura-repasses-ligados-ao-banco-master.ghtml,fraude,90
Adolescente suspeito de assaltar motorista de aplicativo em Blumenau morre em confronto com a PM - NSC Total,2026-06-19T02:07:00+00:00,SC / Blumenau,https://news.google.com/rss/articles/CBMizgFBVV95cUxOSmhZajN5YWtLMXFNRGdjUWZIMGM0d2VZVHp5SEI1ZWNzMUVCSWxwV2xsQzBCWGRXNDQ4aDJoaG82XzhsbXpZSUE3TEVLNVl5dkNoTlhWY3Y2VlE1MHoxemZHMklsblZDdDU5b2cwVnMxaUR5YjUwMVY2RWhDbkdHc2d0SWNRamRac0JXa29lN1pVMDEyV29zREs4ekg5ckJrbzBRd0NUa2ZRSXhCNU9JWGthcDBxeVBleG9RUk9qZ09zb1dRR2g2cXlQQUY5UQ?oc=5,policia,90
Suspeito de envolvimento em roubo a motorista de aplicativo em Blumenau morre em confronto com a PM em Navegantes - RBA TV,2026-06-19T01:18:22+00:00,SC / Blumenau,https://news.google.com/rss/articles/CBMi4gFBVV95cUxQbDdvTzZ2V0VUdDNXdWVoOWxGUlZGMGIxYWVTc2xYRm1tWFJ5NTJmMUlRRG9nUmpObHZJWVFIbzN6ZldZTTBfNFV0cTJWWkdTSm9Vc3FNMTlVdmd5UTNUY2ZTdy02ZkxxQzVQSS1pSlVCVmhoVzRpUk0zcXBWUG82cGF4cmdpSzJKWlJDN24tdXJCbF9nT1h2T0VHcldxWEZzOThfTkwwU2tqNzBlUGtTYTdoMU5vN0ota09Gd2dHWkFWUkhpVmVnWTV3SW1vX0EyN3NDR0JfU0NZU3p4aHJBR0hn?oc=5,homicidio,95
"Vítima de crime brutal em Joinville não tinha passagens policiais, revela investigação - NSC Total",2026-06-19T01:17:00+00:00,SC / Joinville,https://news.google.com/rss/articles/CBMivwFBVV95cUxQeHZrR0NfZG1uUGxEVlV4cDZ2c01rLXl2ZjJlNmdqaVVkSUc1dmVvSXBIb0V3ZzlkcmJ0Z3BKTEltUFBkRWgzM0F2dkxaeFhCdFdkRmNBNU9xUktGRVk5SlNKSndsT0xoZ2dxYVlZUzJZdGNSUWpKb2RiTDlZOS15WmE2ZS1EanBOSFhQWFBEWEViZVd2aWl6eTlMSnhsamg1MldyVUttbUgwdm9KM2drdm1yQ2M1R0lQU1FXcUZ0Yw?oc=5,violencia,75
Duas pessoas morrem e cinco ficam feridas após ambulância e carro colidirem na Bahia,2026-06-19T01:08:36+00:00,BA / Itabuna,https://g1.globo.com/ba/bahia/noticia/2026/06/18/pessoas-morrem-e-outras-ficam-feridas-na-bahia.ghtml,veiculo,95
Maior congresso de aviação agrícola do mundo acontece em Goianápolis tem aeronaves de até R$ 15 milhões,2026-06-19T01:05:22+00:00,GO / Goianápolis / Condomínio Aeronáutico Liberty,https://g1.globo.com/go/goias/noticia/2026/06/18/maior-congresso-de-aviacao-agricola-do-mundo-acontece-em-goianapolis-tem-aeronaves-de-ate-r-15-milhoes.ghtml,outros,100
"Vídeo: idosa é espancada em assalto no Cordeiro, no Recife - Diario de Pernambuco",2026-06-19T00:55:00+00:00,PE / Recife / Cordeiro,https://news.google.com/rss/articles/CBMivwFBVV95cUxQN0RBV3VHUS12RERBT3BpZXY1d05PR2FoZUtUdFB4dmZ3Q2lrZHBjcW1ZM3g0eUZwTnRmb1BXZ2JRYW1tMEl6QmpYTEctdW1UeDc1ZUdKOU0tWmJ3UTYzdmVnbnhQaXd1UGJGcC1CRXZsMHRjWE9KVGlaY0UtQmFiSDJhQnY2X0ZNY0dwUkd0cWJBY01EbmJzSVhDUEFlSEVyY2xXNXp1RkNabDVYOWFOanMzbzZHMGdkaHRGdVdkWQ?oc=5,roubo,95
VÍDEO: Moradora relata pânico após homem invadir casa pelo forro para fugir de suposta ameaça,2026-06-19T00:50:38+00:00,TO / Formoso do Araguaia,https://g1.globo.com/to/tocantins/noticia/2026/06/18/video-moradora-relata-panico-apos-homem-invadir-casa-pelo-forro-para-fugir-de-suposta-ameaca.ghtml,outros,90
Biblioteca tem funcionamento suspenso após prédio ser atingido por caminhão em Salvador,2026-06-19T00:25:29+00:00,BA / Salvador / Dois de Julho,https://g1.globo.com/ba/bahia/noticia/2026/06/18/biblioteca-tem-funcionamento-suspenso-em-salvador.ghtml,veiculo,85
15 cães são resgatados e três pessoas são presas por maus-tratos em Três Rios,2026-06-19T00:24:12+00:00,RJ / Três Rios / Purys,https://g1.globo.com/rj/sul-do-rio-costa-verde/noticia/2026/06/18/15-caes-sao-resgatados-e-tres-pessoas-sao-presas-por-maus-tratos-em-tres-rios.ghtml,outros,95
"Cercas irregulares que somavam quase 2 km são removidas em dunas da Sabiaguaba, em Fortaleza",2026-06-19T00:23:28+00:00,CE / Fortaleza / Sabiaguaba,https://g1.globo.com/ce/ceara/noticia/2026/06/18/cercas-irregulares-que-somavam-quase-2-km-sao-removidas-em-dunas-da-sabiaguaba-em-fortaleza.ghtml,outros,95
'Mamãe Noel' é absolvida da acusação de assassinato do marido 'Papai Noel' em SC,2026-06-19T00:18:58+00:00,SC / São Bento do Sul,https://g1.globo.com/sc/santa-catarina/noticia/2026/06/18/mamae-noel-absolvida-assassinato-papai-noel.ghtml,homicidio,100
Briga entre trabalhadores termina com homem esfaqueado na cabeça na Ceagesp,2026-06-19T00:04:38+00:00,SP / São Paulo / Vila Leopoldina,https://g1.globo.com/sp/sao-paulo/noticia/2026/06/18/briga-entre-trabalhadores-termina-com-homem-esfaqueado-na-cabeca-na-ceagesp.ghtml,violencia,90
Homem acusado de estuprar menina perto do Metrô Tatuapé é levado para delegacia e 2ª vítima o reconhece; câmera registrou perseguição,2026-06-18T23:41:30+00:00,SP / São Paulo / Tatuapé,https://g1.globo.com/sp/sao-paulo/noticia/2026/06/18/homem-acusado-de-estuprar-menina-perto-do-metro-tatuape-e-levado-para-delegacia-e-2a-vitima-o-reconhece-camera-registrou-perseguicao.ghtml,estupro,100
Caso do corpo carbonizado em carro na BR-381: um dos acusados é condenado a mais de 30 anos pelo júri,2026-06-18T23:34:08+00:00,MG / Governador Valadares / Baguari,https://g1.globo.com/mg/vales-mg/noticia/2026/06/18/caso-do-corpo-carbonizado-em-carro-na-br-381-um-dos-acusados-e-condenado-a-mais-de-30-anos-pelo-juri.ghtml,homicidio,100
Operação da Polícia Militar captura foragido da Justiça e apreende drogas em Paraty,2026-06-18T23:33:26+00:00,RJ / Paraty / Condado,https://g1.globo.com/rj/sul-do-rio-costa-verde/noticia/2026/06/18/operacao-da-policia-militar-captura-foragido-da-justica-e-apreende-drogas-em-paraty.ghtml,policia,85
STF decide que provas em processos por crimes sexuais são nulas se houver desrespeito; caso Mari Ferrer voltará à 1ª instância,2026-06-18T23:30:40+00:00,SC / Florianópolis,https://g1.globo.com/politica/noticia/2026/06/18/stf-decide-que-provas-em-processos-por-crimes-sexuais-sao-nulas-se-houver-desrespeito-caso-mari-ferrer-voltara-a-1a-instancia.ghtml,estupro,100
Maranhense que morreu soterrado durante obra em Brasília será sepultado em Santa Helena,2026-06-18T23:22:03+00:00,DF / Brasília,https://g1.globo.com/ma/maranhao/noticia/2026/06/18/maranhense-que-morreu-soterrado-durante-obra-em-brasilia-sera-sepultado-em-santa-helena.ghtml,homicidio,85
"Moradores do Segundo Distrito são os que mais sentem insegurança em Rio Branco, mostra estudo",2026-06-18T23:17:13+00:00,AC / Rio Branco / Belo Jardim,https://g1.globo.com/ac/acre/noticia/2026/06/18/moradores-do-segundo-distrito-sao-os-que-mais-sentem-inseguranca-em-rio-branco-mostra-estudo.ghtml,violencia,95
Porsche é apreendida e três pessoas são presas em operação contra o tráfico em MS,2026-06-18T23:15:21+00:00,MS / Campo Grande,https://g1.globo.com/ms/mato-grosso-do-sul/noticia/2026/06/18/porsche-e-apreendida-e-tres-pessoas-sao-presas-em-operacao-contra-o-trafico-em-ms.ghtml,policia,90
Motociclista que ameaçou jornalistas ao trafegar por passarela vai responder por direção perigosa,2026-06-18T23:13:42+00:00,CE / Fortaleza,https://g1.globo.com/ce/ceara/noticia/2026/06/18/motociclista-que-ameacou-jornalistas-ao-trafegar-por-passarela-vai-responder-por-direcao-perigosa.ghtml,outros,100
Homem condenado por agredir companheira é preso em Boa Vista,2026-06-18T23:02:15+00:00,RR / Boa Vista / Laura Moreira,https://g1.globo.com/rr/roraima/noticia/2026/06/18/homem-condenado-por-agredir-companheira-e-preso-em-boa-vista.ghtml,policia,90
Fiscalização apreende 650 kg de carnes e frios irregulares em atacadista de Campo Grande,2026-06-18T23:00:37+00:00,MS / Campo Grande,https://g1.globo.com/ms/mato-grosso-do-sul/noticia/2026/06/18/fiscalizacao-apreende-650-kg-de-carnes-e-frios-irregulares-em-atacadista-de-campo-grande.ghtml,fraude,85
Conselho denuncia raios X em sala improvisada na UPA de São Pedro da Aldeia: 'sem blindagem e a vida de pessoas em risco',2026-06-18T22:56:57+00:00,RJ / São Pedro da Aldeia,https://g1.globo.com/rj/regiao-dos-lagos/noticia/2026/06/18/vigilancia-apura-denuncia-de-raios-x-feitos-em-sala-de-curativos-de-upa-em-sao-pedro-da-aldeia.ghtml,outros,90
"Homem é morto a tiros dentro de carro no bairro Nova Gameleira, em BH",2026-06-18T22:51:18+00:00,MG / Belo Horizonte / Nova Gameleira,https://g1.globo.com/mg/minas-gerais/noticia/2026/06/18/homem-e-morto-a-tiros-dentro-de-carro-no-bairro-nova-gameleira-em-bh.ghtml,homicidio,100
STJ revoga priso de ex-professor de direito acusado de crimes sexuais no RS,2026-06-18T19:40:00-03:00,RS / Porto Alegre,https://redir.folha.com.br/redir/online/cotidiano/rss091/*https://www1.folha.uol.com.br/cotidiano/2026/06/stj-revoga-prisao-de-ex-professor-de-direito-acusado-de-crimes-sexuais-no-rs.shtml,estupro,95
Bebê nasce dentro de carro de aplicativo no centro de Brasília,2026-06-18T22:38:50+00:00,DF / Brasília / Centro,https://g1.globo.com/df/distrito-federal/noticia/2026/06/18/bebe-nasce-dentro-de-carro-de-aplicativo-no-centro-de-brasilia.ghtml,outros,90
"Hospital Pedro I suspende pronto-atendimento temporariamente por causa de obras, em Campina Grande",2026-06-18T22:38:00+00:00,PB / Campina Grande,https://g1.globo.com/pb/paraiba/noticia/2026/06/18/hospital-pedro-i-suspende-servico-de-pronto-atendimento-por-conta-de-obras-em-campina-grande.ghtml,outros,90
Operação investiga atuação do Comando Vermelho em comunidade de São Luís,2026-06-18T22:33:38+00:00,MA / São Luís,https://g1.globo.com/ma/maranhao/noticia/2026/06/18/operacao-investiga-atuacao-do-comando-vermelho-em-comunidade-de-sao-luis.ghtml,policia,95
Polícia investiga fraude em aluguéis e 'alunos fantasmas' em creches ligadas à vereadora Gigi Castilho no Rio,2026-06-18T22:25:36+00:00,RJ / Rio de Janeiro,https://g1.globo.com/rj/rio-de-janeiro/noticia/2026/06/18/policia-investiga-fraude-em-alugueis-e-alunos-fantasmas-em-creches-ligadas-a-vereadora-gigi-castilho-no-rio.ghtml,fraude,100
Motociclista morre depois de bater contra meio-fio na MT-400,2026-06-18T22:18:33+00:00,MT / Cuiabá,https://g1.globo.com/mt/mato-grosso/noticia/2026/06/18/motociclista-morre-depois-de-bater-contra-meio-fio-na-mt-400.ghtml,veiculo,95
"Caminhão sai da pista e provoca interdição parcial da BR-324, no interior da Bahia",2026-06-18T22:15:32+00:00,BA / Conceição do Jacuípe,https://g1.globo.com/ba/feira-de-santana-regiao/noticia/2026/06/18/caminhao-sai-da-pista-na-br-324.ghtml,outros,95
Acusado de chefiar esquema de tráfico de drogas interestadual é preso pela PF em Fortaleza,2026-06-18T22:12:50+00:00,CE / Fortaleza,https://g1.globo.com/ce/ceara/noticia/2026/06/18/acusado-de-chefiar-esquema-de-trafico-de-drogas-interestadual-e-preso-pela-pf-em-fortaleza.ghtml,trafico,99
Etiqueta de costela roubada leva polícia a apartamento em Cuiabá - Primeira Página,2026-06-18T22:11:39+00:00,MT / Cuiabá,https://news.google.com/rss/articles/CBMisAFBVV95cUxPUlVfZFZNdVNndlRpSmhLQ2xIRzU1MVdrSHByMlZRTGJ6LXpETklRUzJ0VEVQeFNiMzlpLWJhYkdtMjkwY05XRTE3Z1ZjOWNQZThFU0pSVklHTzRlNWNoQlY1Rk45ZDJNbDlmeGVEbzF4T3dScFVmMnAxOVZyVndzZmtNQTd2T1pPcnJvWGthY29ORTlFTjZ2b3VCbE1JSVFrZUNUS2pTcnNlWkxwRU9vVg?oc=5,furto,95
Fiscalização intercepta 124 mil litros de etanol transportados de forma irregular em Itatiaia,2026-06-18T22:11:01+00:00,RJ / Itatiaia,https://g1.globo.com/rj/sul-do-rio-costa-verde/noticia/2026/06/18/fiscalizacao-intercepta-124-mil-litros-de-etanol-transportados-de-forma-irregular-em-itatiaia.ghtml,fraude,85
Sítio é furtado e incendiado na zona rural de Angatuba; suspeitos fugiram,2026-06-18T22:10:43+00:00,SP / Angatuba / Covada,https://g1.globo.com/sp/itapetininga-regiao/noticia/2026/06/18/sitio-e-furtado-e-incendiado-na-zona-rural-de-angatuba-suspeitos-fugiram.ghtml,furto,85
VÍDEO: dois carros são roubados em ruas paralelas em menos de 4 h no Jardim Oceânico,2026-06-18T22:07:33+00:00,RJ / Rio de Janeiro / Jardim Oceânico,https://g1.globo.com/rj/rio-de-janeiro/noticia/2026/06/18/cameras-seguranca-roubos-jardim-oceanico.ghtml,roubo,95
Suspeito de invadir casas e furtar bicicleta é preso em Campos,2026-06-18T22:06:01+00:00,RJ / Campos dos Goytacazes / Alphaville e Parque Flamboyant,https://g1.globo.com/rj/norte-fluminense/noticia/2026/06/18/suspeito-de-invadir-casas-e-furtar-bicicleta-e-preso-em-campos.ghtml,furto,95
Migrante de Serra Leoa vive há seis meses em aeroporto de Belém e MPF pede acolhimento imediato,2026-06-18T22:05:43+00:00,PA / Belém,https://g1.globo.com/pa/para/noticia/2026/06/18/migrante-de-serra-leoa-vive-ha-seis-meses-em-aeroporto-de-belem-e-mpf-pede-acolhimento-imediato.ghtml,outros,100
"Três homens são detidos com mais de R$ 9 mil em notas falsas na BR-407, em Petrolina",2026-06-18T21:57:51+00:00,PE / Petrolina,https://g1.globo.com/pe/petrolina-regiao/noticia/2026/06/18/tres-homens-sao-detidos-com-mais-de-r-9-mil-em-notas-falsas-na-br-407-em-petrolina.ghtml,fraude,95
Polícia Civil começa a ouvir adolescentes suspeitos de estupro coletivo na Grande BH,2026-06-18T21:56:16+00:00,MG / Contagem,https://g1.globo.com/mg/minas-gerais/noticia/2026/06/18/policia-civil-comeca-a-ouvir-adolescentes-suspeitos-de-estupro-coletivo-na-grande-bh.ghtml,estupro,95
STF tem maioria para negar recursos e manter condenações por assassinato de Marielle,2026-06-18T21:53:37+00:00,RJ / Rio de Janeiro,https://g1.globo.com/politica/noticia/2026/06/18/stf-tem-maioria-para-negar-recursos-e-manter-condenacoes-por-assassinato-de-marielle.ghtml,homicidio,100
VÍDEO: Carro escapa 'de raspão' de ser atingido por caminhão que tombou e matou motorista em SC,2026-06-18T21:51:08+00:00,SC / Seara,https://g1.globo.com/sc/santa-catarina/noticia/2026/06/18/video-carro-escapa-raspao-atingido-caminhao-desgovernado-sc.ghtml,homicidio,95
Nove pessoas são presas em ação contra grupo criminoso suspeito de lavagem de dinheiro em cidades da BA,2026-06-18T21:51:00+00:00,BA / Jacobina,https://g1.globo.com/ba/bahia/noticia/2026/06/18/pessoas-sao-presas-em-operacao-na-bahia.ghtml,policia,95
Governo do Amazonas firmou contratos simultâneos para mesmo serviço com empresa da família do governador Roberto Cidade,2026-06-18T21:50:30+00:00,AM / Manaus,https://g1.globo.com/am/amazonas/noticia/2026/06/18/governo-do-amazonas-firmou-contratos-simultaneos-para-mesmo-servico-com-empresa-da-familia-do-governador-roberto-cidade.ghtml,fraude,100
Ex-prefeito de Paulínia é preso em condomínio no Guarujá,2026-06-18T21:49:37+00:00,SP / Guarujá,https://g1.globo.com/sp/campinas-regiao/noticia/2026/06/18/pm-prende-ex-prefeito-de-paulinia-em-condominio-no-guaruja.ghtml,fraude,90
Vídeo: dois homens são presos por furtar carnes de caminhão na Grande Fortaleza,2026-06-18T21:48:38+00:00,CE / Maracanaú,https://g1.globo.com/ce/ceara/noticia/2026/06/18/video-dois-homens-sao-presos-por-furtar-carnes-de-caminhao-na-grande-fortaleza.ghtml,furto,100
Prefeitura vai pagar R$ 450 mil para transporte de girafas até zoológico de BH,2026-06-18T21:47:58+00:00,MG / Belo Horizonte,https://g1.globo.com/mg/minas-gerais/noticia/2026/06/18/prefeitura-vai-pagar-r-450-mil-para-transporte-de-girafas-ate-zoologico-de-bh.ghtml,outros,95
"Filho de ex-deputado, estudante de direito morre aos 24 anos em Goiás",2026-06-18T21:46:36+00:00,GO / Goiânia,https://g1.globo.com/go/goias/noticia/2026/06/18/filho-de-ex-deputado-estudante-de-direito-morre-aos-24-anos-em-goias.ghtml,homicidio,95
Vídeo mostra queda de galho que fez jovem perder movimentos em praça de Curitiba,2026-06-18T21:42:45+00:00,PR / Curitiba,https://g1.globo.com/pr/parana/noticia/2026/06/18/video-queda-de-galho-praca-curitiba.ghtml,outros,100
VÍDEO: Suspeito de furtar comércios no Centro de Divinópolis é procurado; homem foi flagrado por câmeras,2026-06-18T21:41:24+00:00,MG / Divinópolis / Centro,https://g1.globo.com/mg/centro-oeste/noticia/2026/06/18/video-suspeito-de-furtar-comercios-no-centro-de-divinopolis-e-procurado-homem-foi-flagrado-por-cameras.ghtml,furto,95
Motorista que causou acidente que matou mãe e filha na avenida Nazaré é condenado a 3 anos e 7 meses,2026-06-18T21:41:03+00:00,PA / Belém / Nazaré,https://g1.globo.com/pa/para/noticia/2026/06/18/motorista-que-causou-acidente-com-mortes-de-mae-e-filha-na-avenida-nazare-e-condenado-a-3-anos-e-7-meses.ghtml,homicidio,95
"VÍDEO: Suspeito de assaltos é atropelado, baleado e preso após troca de tiros com policiais no PI",2026-06-18T21:40:55+00:00,PI / Piripiri / Centro,https://g1.globo.com/pi/piaui/noticia/2026/06/18/suspeito-atropelado-baleado.ghtml,policia,95
"Filha usou R$ 10 mil retirados das contas dos pais idosos para apostas online, diz polícia",2026-06-18T21:39:23+00:00,TO / Paraíso do Tocantins,https://g1.globo.com/to/tocantins/noticia/2026/06/18/filha-usou-r-10-mil-retirados-das-contas-dos-pais-idosos-para-apostas-online-diz-policia.ghtml,fraude,95
"Após assalto, caminhão quebra e quadrilha abandona carga de café de R$ 250 mil no interior de SP",2026-06-18T21:36:29+00:00,SP / Torrinha,https://g1.globo.com/sp/sao-carlos-regiao/noticia/2026/06/18/carga-de-cafe-de-r-250-mil-e-recuperada-apos-quadrilha-fazer-refens-no-interior-de-sp.ghtml,roubo,95
"Do pirarucu ao marabaixo, Rogério Nobre leva a identidade amazônica para as ruas de Macapá",2026-06-18T21:33:25+00:00,AP / Macapá,https://g1.globo.com/ap/amapa/noticia/2026/06/18/do-pirarucu-ao-marabaixo-rogerio-nobre-leva-a-identidade-amazonica-para-as-ruas-de-macapa.ghtml,outros,100
Prefeita de Umbaúba anuncia exonerações após morte de idosa; polícia investiga atuação do médico,2026-06-18T21:29:21+00:00,SE / Umbaúba,https://g1.globo.com/se/sergipe/noticia/2026/06/18/prefeita-de-umbauba-anuncia-exoneracao-de-secretario-da-saude-apos-morte-de-idosa-policia-investiga-atuacao-do-medico.ghtml,homicidio,95
Bebê indígena com bronquiolite é resgatada de helicóptero em aldeia no interior do Acre,2026-06-18T21:27:33+00:00,AC / Santa Rosa do Purus / Aldeia Boa União,https://g1.globo.com/ac/acre/noticia/2026/06/18/bebe-indigena-com-bronquiolite-e-resgatada-de-helicoptero-em-aldeia-no-interior-do-acre.ghtml,policia,95
Dois homens são presos suspeitos de envolvimento na morte de empresário em Petrolina,2026-06-18T21:26:46+00:00,PE / Petrolina / Areia Branca,https://g1.globo.com/pe/petrolina-regiao/noticia/2026/06/18/dois-homens-sao-presos-suspeitos-de-envolvimento-na-morte-de-empresario-em-petrolina.ghtml,homicidio,95
Dois homens são presos suspeitos de envolvimento na morte de empresário em Petrolina - G1,2026-06-18T21:26:46+00:00,PE / Petrolina,https://news.google.com/rss/articles/CBMi5AFBVV95cUxQVGQyZWc0eWhVVHp1Y1ZLa1Jwd0FTWEtzMktDYUkwMXQ0TnJteWFFMUQyTU80NEJKRUkyTHdfQ2RYakJwZERCa2VHWFdnZE5URGRGYW5CdkMtQWwycmZyWDRpZFhaNHB1eE9OazdLVVF1NzZVVlM0YzktakVxWUtMS3pPOGJKVGJKWXNQZmw1clhLR3ViMzRjXy1WMkdBekprdkRyYTRQaThPVDhFczRxbmxVWmxvY1djbjVQWGh4U1F3Vzl5TFpVRDk5UGstYm1KbHJkSEo4NlZVeEY5ZTRwYzFSTEHSAfMBQVVfeXFMTzdQNWcwV1dXZUctNVkzbXlLclQtalpUOHBiSDFzZlVhaW9xR0E4QkNRdnZJQVJWWmhVeE5udG9JbW9QTkpweEJwWWRhS0M5NTFGSTFfMlVBbUswdmNxbXJJMVVpc2VuQ28xdHBBbDRBSWRVLXdtRjQxd2xNT2dRWjdMSzNyc1NfRHIxMUlGdUU1MnREV1ZTOWJtaklnSll2Y0gxaG9BVlJHMFYyV1JpSzRsd1FoX2REVHFlQzNvRFdOd2RVYUNFQmlhT053VUZXQ28wLXVic1hZTXZfbDVYejBfZnZtYWJ2eU1rTVZjMmRzYkE0?oc=5,homicidio,100
Suspeito de importunar manicure em Rondonópolis (MT) tem prisão preventiva decretada pela Justiça,2026-06-18T21:24:26+00:00,MT / Rondonópolis,https://g1.globo.com/mt/mato-grosso/noticia/2026/06/18/suspeito-de-importunar-manicure-em-rondonopolis-mt-tem-prisao-preventiva-decretada-pela-justica.ghtml,estupro,90
Foragido da Justiça do Paraná que estava na lista dos mais procurados do Brasil é preso com documento falso no Espírito Santo,2026-06-18T21:16:01+00:00,ES / Vila Velha,https://g1.globo.com/pr/parana/noticia/2026/06/18/foragido-lista-dos-mais-procurados-do-brasil-e-preso.ghtml,fraude,85
Sebrae/CE participa mais uma vez da realização da PEC Brasil 2026,2026-06-18T21:15:08+00:00,CE / Fortaleza,https://g1.globo.com/ce/ceara/especial-publicitario/sebrae-ceara/inovacao-e-negocios/noticia/2026/06/18/sebraece-participa-mais-uma-vez-da-realizacao-da-pec-brasil-2026.ghtml,outros,80
Relógio de R$ 28 mil: MP descarta furto em Viracopos e encaminha caso de influenciadora para Recife,2026-06-18T21:15:02+00:00,PE / Recife,https://g1.globo.com/sp/campinas-regiao/noticia/2026/06/18/relogio-de-r-28-mil-mp-descarta-furto-em-viracopos-e-encaminha-caso-de-influenciadora-para-recife.ghtml,fraude,85
Homem é encontrado morto em rio 2 dias após fugir de cerco policial em MS,2026-06-18T21:14:01+00:00,MS / Coxim / Barranqueira,https://g1.globo.com/ms/mato-grosso-do-sul/noticia/2026/06/18/homem-e-encontrado-morto-em-rio-2-dias-apos-fugir-de-cerco-policial-em-ms.ghtml,homicidio,95
Suspeitos de extorquir mulher e causar prejuízo de R$ 600 mil são presos em operação na Bahia,2026-06-18T21:13:01+00:00,BA / Valença,https://g1.globo.com/ba/feira-de-santana-regiao/noticia/2026/06/18/suspeitos-de-extorquir-mulher-e-causar-prejuizo-sao-presos-em-valenca.ghtml,policia,90
"Criança de 10 anos, natural do Suriname, morre em Canela e casal com guarda provisória é preso por suspeita de tortura",2026-06-18T21:11:23+00:00,RS / Canela,https://g1.globo.com/rs/rio-grande-do-sul/noticia/2026/06/18/crianca-natural-suriname-morre-canela-casal-preso-suspeita-tortura.ghtml,homicidio,100
Aegea RO participa do 6º Seminário Nacional de Práticas Comerciais em Saneamento,2026-06-18T21:00:53+00:00,BA / Salvador,https://g1.globo.com/ro/rondonia/especial-publicitario/aguas-de-ariquemes/aguas-de-ariquemes/noticia/2026/06/18/aegea-ro-participa-do-6o-seminario-nacional-de-praticas-comerciais-em-saneamento.ghtml,outros,100
Volta Redonda promove mutirão de emprego para pessoas com deficiência na sexta-feira,2026-06-18T20:59:00+00:00,RJ / Volta Redonda / Retiro,https://g1.globo.com/rj/sul-do-rio-costa-verde/noticia/2026/06/18/volta-redonda-promove-mutirao-de-emprego-para-pessoas-com-deficiencia-na-sexta-feira.ghtml,outros,100
"Unidade especializada de SP detecta 69 mil contas suspeitas de lavagem com R$ 9,6 bi",2026-06-18T17:57:00-03:00,SP / São Paulo,https://redir.folha.com.br/redir/online/cotidiano/rss091/*https://www1.folha.uol.com.br/cotidiano/2026/06/unidade-especializada-de-sp-detecta-69-mil-contas-suspeitas-de-lavagem-com-r-96-bi.shtml,policia,85
Fórum de Guarulhos reforça segurança para júri do caso Gritzbach e suspende outras audiências a partir do dia 22,2026-06-18T20:54:56+00:00,SP / Guarulhos,https://g1.globo.com/sp/sao-paulo/noticia/2026/06/18/forum-de-guarulhos-reforca-seguranca-para-juri-do-caso-gritzbach-e-suspende-outras-audiencias-a-partir-do-dia-22.ghtml,homicidio,100
Polcia Civil prende suspeito pela morte de PM em roubo de bicicleta na zona leste de SP,2026-06-18T17:51:00-03:00,SP / São Paulo / Zona Leste,https://redir.folha.com.br/redir/online/cotidiano/rss091/*https://www1.folha.uol.com.br/cotidiano/2026/06/policia-civil-prende-suspeito-pela-morte-de-pm-em-roubo-de-bicicleta-na-zona-leste-de-sp.shtml,homicidio,95
Homem abandona 7 cães na entrada do Madureira Shopping; polícia investiga caso,2026-06-18T20:50:58+00:00,RJ / Rio de Janeiro / Madureira,https://g1.globo.com/rj/rio-de-janeiro/noticia/2026/06/18/homem-abandona-7-caes-na-entrada-do-madureira-shopping-policia-investiga-caso.ghtml,outros,95
Leônidas Oliveira destaca FestMalhas por unir criatividade e identidade,2026-06-18T20:49:11+00:00,MG / Jacutinga,https://g1.globo.com/mg/sul-de-minas/especial-publicitario/festmalhas-jacutinga/festmalhas-jacutinga/noticia/2026/06/18/leonidas-oliveira-destaca-festmalhas-por-unir-criatividade-e-identidade.ghtml,outros,100
Detran-RJ interdita ferro-velho irregular em Barra Mansa,2026-06-18T20:48:05+00:00,RJ / Barra Mansa,https://g1.globo.com/rj/sul-do-rio-costa-verde/noticia/2026/06/18/detran-rj-interdita-ferro-velho-irregular-em-barra-mansa.ghtml,veiculo,95
"Ônibus escolar sem bancos, enferrujado e sujo: pais denunciam condições e estudantes deixam de ir para a escola no ES",2026-06-18T20:47:28+00:00,ES / Montanha / Assentamento Oziel Alves,https://g1.globo.com/es/espirito-santo/norte-noroeste-es/noticia/2026/06/18/onibus-escolar-sem-bancos-enferrujado-e-sujo-pais-denunciam-condicoes-de-transporte-de-estudantes-no-es.ghtml,menor,85
Homem joga panela de feijão quente na esposa e é preso por violência doméstica no Sertão da Paraíba,2026-06-18T20:40:39+00:00,PB / Princesa Isabel,https://g1.globo.com/pb/paraiba/noticia/2026/06/18/homem-joga-panela-de-feijao-quente-em-esposa-e-e-preso-por-violencia-domestica-no-sertao-da-paraiba.ghtml,violencia,95
Acusado de matar homem com 12 tiros é condenado a 16 anos de prisão em São José dos Campos,2026-06-18T20:39:40+00:00,SP / São José dos Campos,https://g1.globo.com/sp/vale-do-paraiba-regiao/noticia/2026/06/18/acusado-de-matar-homem-com-12-tiros-e-condenado-a-16-anos-de-prisao-em-sao-jose-dos-campos.ghtml,homicidio,100
Homem é preso durante operação contra o tráfico de drogas em Salvador; mesma ação prendeu 5 pessoas no interior da Bahia,2026-06-18T20:36:55+00:00,BA / Salvador / Federação,https://g1.globo.com/ba/bahia/noticia/2026/06/18/homem-e-preso-em-salvador.ghtml,trafico,95
MP recorre contra soltura de mecânico preso por agressão contra esposa em Teresina; vídeo mostra socos na vítima,2026-06-18T20:36:14+00:00,PI / Teresina / Dirceu,https://g1.globo.com/pi/piaui/noticia/2026/06/18/mp-mecanico-esposa-teresina.ghtml,violencia,95
Polícia prende investigado por tentativa de feminicídio em São Gonçalo - A Tribuna RJ,2026-06-18T20:30:00+00:00,RJ / São Gonçalo,https://news.google.com/rss/articles/CBMirAFBVV95cUxNeHN2OTRBSjh2ZmJQQlBJVkw0YUx2SEF5ZmItdmVKMkpUNGJQRm5qNjJYWjZELXV4NWQzMDc2SFgwUlhHVjR6dzkwQzRlcWs1MzBTQ3lGc3RkV015YkQwR0xDLWlRSFFvX0VjS2JoOUlyRXFFbzBtaFowQ3FRbjl5YUFuMXRXempKanBDNllsWlFtbGJOX2tNanVLcXJydk0xVThEM19UUEEwb0Iz?oc=5,policia,85
Investigação revela plano de Deolane Bezerra para lavar dinheiro do PCC em Dubai,2026-06-18T20:26:45+00:00,SP / São Paulo,https://g1.globo.com/sp/sao-paulo/noticia/2026/06/18/investigacao-revela-plano-de-deolane-bezerra-para-lavar-dinheiro-do-pcc-em-dubai.ghtml,fraude,95
Polícia de Catanduva prende suspeitos que se passavam por funcionários de plano de saúde e enganavam idosos para coletar dados e biometria,2026-06-18T20:25:02+00:00,SP / Catanduva,https://g1.globo.com/sp/sao-jose-do-rio-preto-aracatuba/noticia/2026/06/18/policia-de-catanduva-prende-quadrilha-que-aplicava-golpe-em-idosos.ghtml,fraude,90
Papa dá novo passo para tornar santo padre que atuou em Manhumirim e fundou 3 congregações em MG,2026-06-18T20:23:17+00:00,MG / Manhumirim,https://g1.globo.com/mg/vales-mg/noticia/2026/06/18/papa-da-novo-passo-para-tornar-santo-padre-que-atuou-em-manhumirim-e-fundou-3-congregacoes-em-mg.ghtml,outros,100
STJ manda soltar professor de Direito suspeito de 12 crimes sexuais contra 10 mulheres no RS,2026-06-18T20:21:37+00:00,RS / Porto Alegre,https://g1.globo.com/rs/rio-grande-do-sul/noticia/2026/06/18/professor-direito-suspeito-estupro-mulheres-rs.ghtml,estupro,100
"Semana do Meio Ambiente em Ariquemes é marcada por palestras, trilha e limpeza",2026-06-18T20:18:46+00:00,RO / Ariquemes,https://g1.globo.com/ro/rondonia/especial-publicitario/aguas-de-ariquemes/aguas-de-ariquemes/noticia/2026/06/18/semana-do-meio-ambiente-em-ariquemes-e-marcada-por-palestras-trilha-e-limpeza.ghtml,outros,100
Sebrae/CE divulga seleção para Analista Técnico I com salário de R$ 7 mil,2026-06-18T20:17:29+00:00,CE / Fortaleza,https://g1.globo.com/ce/ceara/especial-publicitario/sebrae-ceara/inovacao-e-negocios/noticia/2026/06/18/sebraece-divulga-selecao-para-analista-tecnico-i-com-salario-de-r-7-mil.ghtml,outros,95
"Homem é baleado ao chegar para trabalhar em obra na Savassi, em BH; câmeras registram ataque",2026-06-18T20:16:54+00:00,MG / Belo Horizonte / Savassi,https://g1.globo.com/mg/minas-gerais/noticia/2026/06/18/homem-e-baleado-ao-chegar-para-trabalhar-em-obra-no-bairro-lourdes-em-bh-cameras-registram-ataque.ghtml,violencia,90
Advogada reencontra 'fada madrinha' que a presenteou com mochila há mais de 20 anos no ES,2026-06-18T20:10:46+00:00,ES / Vila Velha,https://g1.globo.com/es/espirito-santo/noticia/2026/06/18/advogada-reencontra-fada-madrinha-que-a-presenteou-com-mochila-ha-mais-de-20-anos-no-es.ghtml,outros,100
Organização criminosa tem R$ 2 milhões bloqueados; suspeita é de clonagem de telefones e invasão de contas digitais,2026-06-18T20:09:11+00:00,MG / Frutal,https://g1.globo.com/mg/triangulo-mineiro/noticia/2026/06/18/organizacao-criminosa-tem-r-2-milhoes-bloqueados-em-mg-suspeita-e-de-clonagem-de-telefones-e-invasao-de-contas-digitais.ghtml,fraude,95
Casal vira réu no caso de jovem morta por dançar perto de homem em distribuidora,2026-06-18T20:07:07+00:00,TO / Palmas,https://g1.globo.com/to/tocantins/noticia/2026/06/18/casal-vira-reu-pela-morte-de-jovem-por-dancar-perto-de-homem-em-distribuidora.ghtml,homicidio,100
"Polícia identifica 'central de monitoramento clandestina' de câmeras usadas por facções, na PB",2026-06-18T20:06:33+00:00,PB / João Pessoa,https://g1.globo.com/pb/paraiba/noticia/2026/06/18/policia-identifica-central-de-monitoramento-clandestina-de-cameras-usadas-por-faccoes-na-pb.ghtml,policia,95
Empreendedorismo feminino impulsiona a história e o sucesso da FestMalhas,2026-06-18T20:03:44+00:00,MG / Jacutinga,https://g1.globo.com/mg/sul-de-minas/especial-publicitario/festmalhas-jacutinga/festmalhas-jacutinga/noticia/2026/06/18/empreendedorismo-feminino-impulsiona-a-historia-e-o-sucesso-da-festmalhas.ghtml,outros,100
Homem condenado por tráfico de drogas é preso em Orocó após ação da Polícia Civil e FICCO,2026-06-18T20:00:25+00:00,PE / Orocó,https://g1.globo.com/pe/petrolina-regiao/noticia/2026/06/18/homem-condenado-por-trafico-de-drogas-e-preso-em-oroco-apos-acao-da-policia-civil-e-ficco.ghtml,policia,95
Mais de 20 kg de maconha são apreendidos após perseguição e troca de tiros entre Timon e Caxias; droga tinha Teresina como destino,2026-06-18T19:57:07+00:00,MA / Timon,https://g1.globo.com/pi/piaui/noticia/2026/06/18/mais-de-20-kg-de-maconha-sao-apreendidos.ghtml,trafico,95
"Lamborghini, Camaro, joias e imóveis somam cerca de R$ 10 milhões em bens alvo de operação contra lavagem de dinheiro em SE",2026-06-18T19:46:18+00:00,SE / Estância / Praia da Caueira,https://g1.globo.com/se/sergipe/noticia/2026/06/18/lamborghini-camaro-joias-e-casas-somam-cerca-de-r-10-milhoes-em-bens-apreendidos-durante-operacao-em-sergipe.ghtml,policia,95
Produção audiovisual abre seleção remunerada para figurantes em Belém,2026-06-18T19:46:11+00:00,PA / Belém,https://g1.globo.com/pa/para/noticia/2026/06/18/veja-servicos-e-oportunidades-em-junho-de-2026-no-para.ghtml,outros,90
Filho é preso por deixar mãe aposentada que ganha R$ 16 mil passar fome em Maceió,2026-06-18T19:46:10+00:00,AL / Maceió / Poço,https://g1.globo.com/al/alagoas/noticia/2026/06/18/filho-e-preso-por-deixar-mae-aposentada-que-ganha-r-16-mil-passar-fome-em-maceio.ghtml,violencia,85
Abertura da FestMalhas 2026: Feira é protagonista da moda e da economia mineira,2026-06-18T19:42:59+00:00,MG / Jacutinga,https://g1.globo.com/mg/sul-de-minas/especial-publicitario/festmalhas-jacutinga/festmalhas-jacutinga/noticia/2026/06/18/abertura-da-festmalhas-2026-feira-e-protagonista-da-moda-e-da-economia-mineira.ghtml,outros,100
Pouso Alegre lidera crimes cibernéticos no Sul de MG em 2026 com média de 10 casos por dia,2026-06-18T19:42:41+00:00,MG / Pouso Alegre,https://g1.globo.com/mg/sul-de-minas/noticia/2026/06/18/pouso-alegre-lidera-crimes-ciberneticos-no-sul-de-mg-em-2026-com-media-de-10-casos-por-dia.ghtml,fraude,100
Três mulheres são presas em flagrante em operação contra tráfico de drogas na Bahia,2026-06-18T19:41:10+00:00,BA / Barro Preto,https://g1.globo.com/ba/bahia/noticia/2026/06/18/mulheres-sao-presas-em-barro-preto.ghtml,trafico,95
"Polícia vai pedir exame de sanidade mental de genro que confessou assassinato da sogra em Sertãozinho, SP",2026-06-18T19:40:35+00:00,SP / Sertãozinho,https://g1.globo.com/sp/ribeirao-preto-franca/noticia/2026/06/18/policia-vai-pedir-exame-de-sanidade-mental-de-genro-que-confessou-assassinato-da-sogra-em-sertaozinho-sp.ghtml,homicidio,100
Personal trainer e engenheiro são presos por suspeita de lavagem de dinheiro para facção,2026-06-18T19:37:18+00:00,CE / Sobral,https://g1.globo.com/ce/ceara/noticia/2026/06/18/personal-trainer-e-engenheiro-sao-presos-por-suspeita-de-lavagem-de-dinheiro-para-faccao.ghtml,faccao,95
VÍDEO: agulha é encontrada em carne servida no Restaurante Universitário da Ufes em Vitória,2026-06-18T19:36:56+00:00,ES / Vitória / Goiabeiras,https://g1.globo.com/es/espirito-santo/noticia/2026/06/18/video-agulha-e-encontrada-em-porcao-de-carne-servida-no-restaurante-universitario-da-ufes-em-vitoria.ghtml,outros,100
Advogado de MT que virou réu por atropelar e matar pedestre segue ativo na OAB,2026-06-18T19:35:16+00:00,MT / Várzea Grande,https://g1.globo.com/mt/mato-grosso/noticia/2026/06/18/advogado-de-mt-que-virou-reu-por-atropelar-e-matar-pedestre-segue-ativo-na-oab.ghtml,homicidio,95
Justiça proíbe ação policial sem ordem judicial em área ocupada por indígenas em Amambai,2026-06-18T19:33:24+00:00,MS / Amambai / Fazenda Limoeiro,https://g1.globo.com/ms/mato-grosso-do-sul/noticia/2026/06/18/justica-proibe-acao-policial-sem-ordem-judicial-em-area-ocupada-por-indigenas-em-amambai.ghtml,outros,85
"Homem com mandado de prisão por roubo qualificado é preso no Bairro Interlagos, em Cascavel - CGN",2026-06-18T19:26:00+00:00,PR / Cascavel / Interlagos,https://news.google.com/rss/articles/CBMiwwFBVV95cUxPaGhTbENIb3pBTy1ESTVOdXR5eWlFVk1hYzRITzJpQWd3X3RjYXBWN2RJSmNmZW5xX09nUE02ajBRQnhCak1DbGdyY3JWN09IUVNIcFZKdnFFZW54aHF6WFB3NmRwYnl5Uy1ZRkJEUExfb3VjZFBvNDQzbm5IYzdEa0Fxd2pjT3dqWjh2UFhQNkRoRGxqb0s1NGFLSlJMN2FKd0sxeGJ2WTRhUUFUTXR0dFoyQ1YwVmc5cXhCMmx6QWNyakHSAcgBQVVfeXFMTnFfakdRUFhTUThUTEJDSlo0cEh5ekpqanVucjNCc2FhdGNaYWk1aWFDak9IS2JCb2cya09Zak9RVndfNHlESmFSVUlJRU5oOWt6RHU5eUxyWjZSeWtfa2xOeXlhYkg2TFR1Y05wOUpYYXBma0ZGcGQ1MGJrQXZqX0ZMOUNhdVBLSkJvdHRRQWdvYzBYbkhyZmRkMEFrbFZnYVRJRG51MFZ6UldZaGtLU3o2cEhhLVEweDE2X3J3b2VyZ1hINV9wREw?oc=5,policia,100
Santuário de MT se prepara para receber elefanta 'Baby' 2 anos após fechamento de zoológico no Beto Carrero,2026-06-18T19:24:39+00:00,SC / Penha,https://g1.globo.com/mt/mato-grosso/noticia/2026/06/18/santuario-de-mt-se-prepara-para-receber-elefanta-baby-2-anos-apos-fechamento-de-zoologico-no-beto-carrero.ghtml,outros,100
Três pessoas morrem após colisão entre caminhonete e carreta na BR-110,2026-06-18T19:24:19+00:00,BA / Catu,https://g1.globo.com/ba/feira-de-santana-regiao/noticia/2026/06/18/pessoas-morrem-apos-colisao-em-catu.ghtml,homicidio,95
"Maringá registra queda de 42% nas ocorrências de roubo em 2026, mostram dados da SESP - Maringá Post",2026-06-18T19:04:00+00:00,PR / Maringá,https://news.google.com/rss/articles/CBMivwFBVV95cUxOMHVRbjBIQXZBXzhrWVdZNU8tX1RZYWFGWnFFaEZJTllKNmlrdks2amV3TGYzQ19GM01BM0k3WlB4QTJNU0lQT2Fwamkzc3Q3Sk92WDBYMXZFLVB2WC1yUnZXR19NdFhGRlFLODdnQUZBWXJYYW1zcXUwR080ajUzRkExVE1laS1xa2FmcDZnMFpxeFAwSVNDZWh1amxWU280eWhvNUdEZzdFMlpEOE5LZ19zazBET09seTBqOGpjTQ?oc=5,roubo,100
Como Varginha abraça o mundo?,2026-06-18T18:55:02+00:00,MG / Varginha,https://g1.globo.com/mg/sul-de-minas/especial-publicitario/prefeitura-de-varginha/noticia/2026/06/18/como-varginha-abraca-o-mundo.ghtml,outros,95
Polícia apreende ouro sem origem comprovada e prende suspeito durante operação em Manaus,2026-06-18T18:53:53+00:00,AM / Manaus / Centro,https://g1.globo.com/am/amazonas/noticia/2026/06/18/policia-apreende-ouro-sem-origem-comprovada-e-prende-suspeito-durante-operacao-em-manaus.ghtml,policia,95
PF prende homem denunciado por roubo e extorsão a ex-vice-governador de MG,2026-06-18T18:53:07+00:00,MG / Ribeirão das Neves,https://g1.globo.com/mg/minas-gerais/noticia/2026/06/18/pf-prende-homem-denunciado-por-roubo-e-extorcao-a-ex-vice-governador-de-mg.ghtml,policia,95
Homem é preso por suspeita de extorquir comerciantes e moradores em Fortaleza,2026-06-18T18:51:03+00:00,CE / Fortaleza / Antônio Bezerra,https://g1.globo.com/ce/ceara/noticia/2026/06/18/homem-e-preso-por-suspeita-de-extorquir-comerciantes-e-moradores-em-fortaleza.ghtml,policia,85
Operação cumpre mandados e prende homem em flagrante em Pio XII,2026-06-18T18:46:54+00:00,MA / Pio XII / Cordeiro,https://g1.globo.com/ma/maranhao/noticia/2026/06/18/operacao-cumpre-mandados-e-prende-homem-em-flagrante-em-pio-xii.ghtml,policia,95
"Polícia Civil cumpre mandado e sequestra bens em investigação sobre crime tributário de R$ 2,5 milhões - o rio branco",2026-06-18T18:46:06+00:00,AC / Rio Branco,https://news.google.com/rss/articles/CBMiwgFBVV95cUxNaERRWlhka3hTRWx3Q05STUJDUDRjZlJxSFRHcy1OWVUyaVdKN2gtWFhsZTFZMEJlMWlQTlpUU1Z1RHZjZnZtTW5ISGVaZXBZd200Z2VzVm02NU10aGpVY0JlekQ3MklhRERSTkdqUnJYVmZISkZFemM5ZzNPaEhkYnRyMEoydUYzNmkzMVlFMWxSc01qN2U0ZG1xQ0ZxdTZnZmU3MnRzOTA3S2ZGMzJLeDB0YWh0aFZybmkwMGxVekp2Zw?oc=5,fraude,95
Polícia prende suspeitos de roubo de cabos que causou prejuízo de R$ 19 mil em Ibiporã - Bonde | O seu portal de notícias,2026-06-18T18:38:00+00:00,PR / Ibiporã,https://news.google.com/rss/articles/CBMixwFBVV95cUxPeXM0STVfVjlHX1ZOUWxjZXlBX1N0X3ByTW55eFl0dVA2MmJ4TEVhSzFpUjN0QXpMWFk4YkhhN2JqRExmUnVvMG93M1U2T28zcGFZaHRCSUF0My1BYkdUVDBDLWprdk1LTTkyZ1lhVndHMDJHMldxczRwVkE0Y2tYMDVmSkpvalVKTDJ5TmJqdWRwTU9Ka0dYQUpPaEdFMm5hVkRUVmxWaDBBcHU1Q1d1dnlHX2U0SXhmS01zTExKSDVnSGVONkpj?oc=5,policia,85
Suspeito de agredir companheira com socos e tentar estrangulá-la é preso no Centro-Sul do PI,2026-06-18T18:37:42+00:00,PI / Picos,https://g1.globo.com/pi/piaui/noticia/2026/06/18/suspeito-agredir-companheira-preso-picos.ghtml,violencia,95
Transporte coletivo volta a operar em Itaperuna após acordo emergencial,2026-06-18T18:35:08+00:00,RJ / Itaperuna,https://g1.globo.com/rj/norte-fluminense/noticia/2026/06/18/transporte-coletivo-volta-a-operar-em-itaperuna-apos-acordo-emergencial.ghtml,outros,100
Ações da Braskem despencam em meio a impasse com credores e novos riscos judiciais em Alagoas,2026-06-18T18:33:06+00:00,AL / Maceió,https://g1.globo.com/economia/noticia/2026/06/18/impasse-credores-riscos-judiciais-acoes-braskem.ghtml,outros,95
PF faz operação contra abuso sexual infantil e prende homem em flagrante no interior de MG,2026-06-18T18:28:59+00:00,MG / Capelinha,https://g1.globo.com/mg/vales-mg/noticia/2026/06/18/pf-faz-operacao-contra-abuso-sexual-infantil-e-prende-homem-em-flagrante-no-interior-de-mg.ghtml,policia,95
Suspeito de importunação sexual contra jornalista e influenciadora na orla de Cabedelo é preso,2026-06-18T18:25:58+00:00,PB / Cabedelo / Orla,https://g1.globo.com/pb/paraiba/noticia/2026/06/18/suspeito-tentativa-estupro-jornalista-orla-cabedelo-preso.ghtml,estupro,100
Delegado cita arrependimento de filhos que confessaram assassinato do pai em Frei Paulo,2026-06-18T18:25:12+00:00,SE / Frei Paulo,https://g1.globo.com/se/sergipe/noticia/2026/06/18/delegado-cita-arrependimento-de-filhos-que-confessaram-assassinato-do-pai-em-frei-paulo.ghtml,homicidio,100
"Dentista causou lesões gravíssimas a pacientes com procedimentos estéticos, conclui polícia",2026-06-18T18:14:23+00:00,GO / Goiânia,https://g1.globo.com/go/goias/noticia/2026/06/18/dentista-causou-lesoes-gravissimas-a-pacientes-com-procedimentos-esteticos-conclui-policia.ghtml,violencia,90
"'Fica vivo, respira, por favor', diz PM após atirar e matar homem que se rendia após briga de trânsito",2026-06-18T18:13:12+00:00,SP / São Paulo / Jardim Pirituba,https://g1.globo.com/sp/sao-paulo/noticia/2026/06/18/fica-vivo-respira-por-favor-diz-pm-apos-atirar-e-matar-homem-que-se-rendia-apos-briga-de-transito.ghtml,homicidio,100
"Motocicleta é furtada no bairro Santo André, em BH - Rádio Itatiaia",2026-06-18T18:10:07+00:00,MG / Belo Horizonte / Santo André,https://news.google.com/rss/articles/CBMinAFBVV95cUxPM0otOHVXdW1TMmZrdnJ2aks4UWpHLU9CRDlxN2NpSlNLRkpUM3JBT0dTbVd0VVdqTU1ZdWVzZ054S1FxckdIckZzY2dOMzlyYk01UGJfTkRUSXczZ1kyTnlzZ24xV0FfdTJXMnBQWnZCUXhjMmtpUTF3LUMzWGJtV0swTjNnYW1jVURDZGJ2UUFsbWx5NmdqR1pDN2g?oc=5,furto,100
Trio é preso e 10 veículos carregados com mercadorias contrabandeadas são apreendidos em Jales,2026-06-18T18:08:52+00:00,SP / Jales,https://g1.globo.com/sp/sao-jose-do-rio-preto-aracatuba/noticia/2026/06/18/trio-e-preso-e-10-veiculos-carregados-com-mercadorias-contrabandeadas-sao-apreendidos-em-jales.ghtml,fraude,80
Passageira de avião esvaziado antes da decolagem para inspeção da Polícia Federal relata apreensão: 'Todo mundo inquieto',2026-06-18T18:07:28+00:00,DF / Brasília,https://g1.globo.com/sp/sorocaba-jundiai/noticia/2026/06/18/passageira-de-aviao-esvaziado-antes-da-decolagem-para-inspecao-da-policia-federal-relata-apreensao.ghtml,policia,95
Operação da prefeitura remove carros em situação de abandono em Volta Redonda,2026-06-18T18:06:39+00:00,RJ / Volta Redonda / Três Poços,https://g1.globo.com/rj/sul-do-rio-costa-verde/noticia/2026/06/18/operacao-da-prefeitura-remove-carros-em-situacao-de-abandono-em-volta-redonda.ghtml,policia,85
Homem é condenado a 20 anos de prisão por tentar matar ex-companheira em Vitória do Mearim,2026-06-18T18:04:58+00:00,MA / Vitória do Mearim / Povoado São Benedito,https://g1.globo.com/ma/maranhao/noticia/2026/06/18/homem-e-condenado-a-20-anos-por-matar-ex-companheira-a-tiros-em-vitoria-do-mearim.ghtml,homicidio,95
Prisão de suspeito desarticula quadrilha que invadia e roubava casas  no Amapá,2026-06-18T18:00:39+00:00,AP / Macapá / Congós,https://g1.globo.com/ap/amapa/noticia/2026/06/18/prisao-de-suspeito-desarticula-quadrilha-que-invadia-e-roubava-casas-no-amapa.ghtml,policia,90
"Após decisão da justiça, Polícia Civil vistoria imóvel para futura Deam em Petrópolis",2026-06-18T17:57:57+00:00,RJ / Petrópolis,https://g1.globo.com/rj/regiao-serrana/noticia/2026/06/18/apos-decisao-da-justica-policia-civil-vistoria-imovel-para-futura-deam-em-petropolis.ghtml,policia,100
Mulher é levada à delegacia após quebrar móveis e ameaçar incendiar hospital em Governador Valadares,2026-06-18T17:57:36+00:00,MG / Governador Valadares,https://g1.globo.com/mg/vales-mg/noticia/2026/06/18/mulher-e-levada-a-delegacia-apos-quebrar-moveis-e-ameacar-incendiar-hospital-em-governador-valadares.ghtml,violencia,90
"Leilão do Detran-RN tem motos com lance inicial de R$ 800 e carros a partir de R$ 3,2 mil",2026-06-18T17:43:21+00:00,RN / Natal,https://g1.globo.com/rn/rio-grande-do-norte/noticia/2026/06/18/leilao-do-detran-rn-tem-motos-com-lance-inicial-de-r-800-e-carros-a-partir-de-r-32-mil.ghtml,veiculo,95
Operação prende seis suspeitos de estelionato em Campos e no Rio; prejuízo a empresário do Paraná chega a R$ 550 mil,2026-06-18T17:43:07+00:00,RJ / Campos dos Goytacazes,https://g1.globo.com/rj/norte-fluminense/noticia/2026/06/18/operacao-prende-seis-suspeitos-de-estelionato-em-campos-e-no-rio-prejuizo-a-empresario-do-parana-chega-a-r-550-mil.ghtml,policia,95
Amigos e professores fazem homenagem ao pesquisador indígena Mairu Karajá: 'Líder que inspirava muitos',2026-06-18T17:29:26+00:00,TO / Palmas,https://g1.globo.com/to/tocantins/noticia/2026/06/18/amigos-e-professores-fazem-homenagem-ao-pesquisador-indigena-mairu-karaja-lider-que-inspirava-muitos.ghtml,homicidio,90
Polícia apreende remédios irregulares e celulares contrabandeados em duas ocorrências no interior de SP,2026-06-18T17:28:49+00:00,SP / Assis,https://g1.globo.com/sp/bauru-marilia/noticia/2026/06/18/policia-apreende-remedios-irregulares-e-celulares-contrabandeados-em-duas-ocorrencias-no-interior-de-sp.ghtml,policia,95
Petrópolis e Teresópolis lideram aumento no consumo de energia no inverno,2026-06-18T17:24:46+00:00,RJ / Petrópolis,https://g1.globo.com/rj/regiao-serrana/noticia/2026/06/18/petropolis-e-teresopolis-lideram-aumento-no-consumo-de-energia-no-inverno.ghtml,outros,100
Trabalhador é procurado após cair em silo de soja no interior do RS,2026-06-18T17:20:38+00:00,RS / Tapera,https://g1.globo.com/rs/rio-grande-do-sul/noticia/2026/06/18/trabalhador-e-procurado-apos-cair-em-silo-de-soja-no-interior-do-rs.ghtml,outros,100
Homem é preso por matar a facadas filhote de pitbull do vizinho em kitinet de Dourados,2026-06-18T17:15:38+00:00,MS / Dourados / Jardim Carisma,https://g1.globo.com/ms/mato-grosso-do-sul/noticia/2026/06/18/homem-e-preso-em-flagrante-por-matar-pitbull-de-vizinho-em-kitnet-em-dourados.ghtml,outros,95
Suspeito é preso com drogas e armas durante operação em Bequimão,2026-06-18T17:05:47+00:00,MA / Bequimão,https://g1.globo.com/ma/maranhao/noticia/2026/06/18/suspeito-e-preso-com-drogas-e-armas-durante-operacao-em-bequimao.ghtml,trafico,90
Dupla é presa por suspeita de tráfico de drogas em Paraty,2026-06-18T17:02:15+00:00,RJ / Paraty / Patitiba,https://g1.globo.com/rj/sul-do-rio-costa-verde/noticia/2026/06/18/dupla-e-presa-por-suspeita-de-trafico-de-drogas-em-paraty.ghtml,trafico,100
Tentativa de assalto termina com tiro dentro de comércio em Italva,2026-06-18T17:00:44+00:00,RJ / Italva,https://g1.globo.com/rj/norte-fluminense/noticia/2026/06/18/tentativa-de-assalto-termina-com-tiro-dentro-de-comercio-em-italva.ghtml,roubo,95
"Suspeito de planejar sequestro na Zona Leste de SP já se relacionou com mãe da criança, diz polícia",2026-06-18T16:56:45+00:00,SP / São Paulo / Guaianases,https://g1.globo.com/sp/sao-paulo/noticia/2026/06/18/suspeito-de-planejar-sequestro-na-zona-leste-de-sp-ja-se-relacionou-com-mae-da-crianca-diz-policia.ghtml,sequestro,95
Suspeito de matar homem que foi encontrado boiando em açude é preso no PI; vítima estava com ferimentos na cabeça,2026-06-18T16:55:43+00:00,PI / Teresina,https://g1.globo.com/pi/piaui/noticia/2026/06/18/suspeito-de-matar-homem-preso.ghtml,homicidio,95
"Brasileiro é preso suspeito de participar de mega-assalto a bancos no Paraguai; polícia apreende armas, coletes e munições",2026-06-18T16:51:49+00:00,PR / Curitiba,https://g1.globo.com/pr/oeste-sudoeste/noticia/2026/06/18/brasileiro-e-preso-suspeito-de-participar-de-mega-assalto-no-paraguai.ghtml,roubo,95
"SW4, Compass e Hillux: 60 automóveis são apreendidos em operação contra o CV que prendeu 28 pessoas",2026-06-18T16:32:42+00:00,CE / Sobral,https://g1.globo.com/ce/ceara/noticia/2026/06/18/sw4-compass-e-hillux-60-automoveis-sao-apreendidos-em-operacao-contra-o-cv-que-prendeu-28-pessoas.ghtml,policia,95
Polícia prende trio e recupera R$ 500 mil em joias de vítima de golpe do falso sequestro em Natal,2026-06-18T16:26:08+00:00,RN / Natal,https://g1.globo.com/rn/rio-grande-do-norte/noticia/2026/06/18/policia-joias-falso-sequestro-natal.ghtml,fraude,95
Interceptação de avião com mais de 600 quilos de cocaína leva polícia a prender suspeito no interior de SP,2026-06-18T16:24:42+00:00,SP / Jales,https://g1.globo.com/sp/sao-jose-do-rio-preto-aracatuba/noticia/2026/06/18/interceptacao-de-aviao-com-mais-de-600-quilos-de-cocaina-leva-policia-a-prender-suspeito-no-interior-de-sp.ghtml,trafico,95
"Menina que foi encontrada morta no dia do aniversário teve desidratação, diz polícia",2026-06-18T16:20:10+00:00,GO / Goiânia,https://g1.globo.com/go/goias/noticia/2026/06/18/menina-que-foi-encontrada-morta-no-dia-do-aniversario-teve-desidratacao-diz-policia.ghtml,homicidio,95
"Animador infantil morre atropelado após cair de 'carretinha' em Paragominas, no Pará",2026-06-18T16:10:51+00:00,PA / Paragominas,https://g1.globo.com/pa/para/noticia/2026/06/18/animador-infantil-morre-atropelado-apos-cair-de-carretinha-em-paragominas-no-para.ghtml,veiculo,95
Homem é preso no Paraná suspeito de manter namorada em cárcere privado por nove dias,2026-06-18T16:09:51+00:00,PR / Curitiba,https://g1.globo.com/pr/oeste-sudoeste/noticia/2026/06/18/homem-e-preso-no-parana-suspeito-de-manter-namorada-em-carcere-privado.ghtml,sequestro,95
Campos dos Goytacazes (RJ): Suspeito é preso após sequestro em shopping - Diário do Estado,2026-06-18T16:08:30+00:00,RJ / Campos dos Goytacazes,https://news.google.com/rss/articles/CBMiowFBVV95cUxPV3NjalFNS2xCbHZsdi1OeUhNb2JDd2FPOEdOLWJrQ0t6Sm5FQ1NCT2J4TmdkUnVud20yMWxNZDlwQ185Z1hsQ3d3bm12RE02OXlaRVdiZ1VuZVBWSHlGYS1TM1J2eWZVNnhoVGNwNDY2TEpYdkR0d0RKTVRRcFNhR084SUJmbC01ZDhLZDVmZTI4cjlIcUNsUE50bTlJN2hTR3Mw?oc=5,sequestro,100
Polícia Federal investiga empresa de dedetização que movimentou mais de R$ 2 milhões em contratos com prefeituras,2026-06-18T15:57:53+00:00,PE / Recife,https://g1.globo.com/pe/pernambuco/noticia/2026/06/18/policia-federal-investiga-empresa-de-dedetizacao-que-movimentou-mais-de-r-2-milhoes-em-contratos-com-prefeituras.ghtml,fraude,90
"Garis protestam em Ananindeua, no PA, por atraso de salários e direitos trabalhistas",2026-06-18T15:46:00+00:00,PA / Belém,https://g1.globo.com/pa/para/noticia/2026/06/18/garis-protestam-em-ananindeua-no-pa-por-atraso-de-salarios-e-direitos-trabalhistas.ghtml,outros,85
Homem tem braço amputado após acidente com maquinário no DF,2026-06-18T15:39:50+00:00,DF / Brasília,https://g1.globo.com/df/distrito-federal/noticia/2026/06/18/homem-tem-braco-amputado-apos-acidente-com-maquinario-no-df.ghtml,outros,100
Empresário suspeito de se passar por policial penal e aplicar 'estelionato do amor' é preso após denúncia da ex,2026-06-18T15:39:26+00:00,ES / Vitória,https://g1.globo.com/es/espirito-santo/noticia/2026/06/18/empresario-suspeito-de-se-passar-por-policial-penal-e-aplicar-estelionato-do-amor-e-preso-apos-denuncia-da-ex.ghtml,fraude,100
Operação apreende R$ 500 mil em produtos falsificados em lojas de João Pessoa,2026-06-18T15:39:01+00:00,PB / João Pessoa,https://g1.globo.com/pb/paraiba/noticia/2026/06/18/operacao-apreende-r-500-mil-em-produtos-falsificados-em-lojas-de-joao-pessoa.ghtml,fraude,95
Justiça aceita denúncia contra advogado preso por atropelar e matar pedestre em MT,2026-06-18T15:34:02+00:00,MT / Cuiabá,https://g1.globo.com/mt/mato-grosso/noticia/2026/06/18/justica-aceita-denuncia-contra-advogado-preso-por-atropelar-e-matar-pedestre-em-mt.ghtml,homicidio,95
"Preso suspeito de tentar matar homem na Feira Permanente do Cruzeiro, no DF",2026-06-18T15:32:35+00:00,DF / Brasília,https://g1.globo.com/df/distrito-federal/noticia/2026/06/18/preso-suspeito-de-tentar-matar-homem-na-feira-permanente-do-cruzeiro-no-df.ghtml,homicidio,95
Mais de mil cápsulas de cocaína são apreendidas em Porto Real,2026-06-18T15:20:57+00:00,RJ / Volta Redonda,https://g1.globo.com/rj/sul-do-rio-costa-verde/noticia/2026/06/18/mais-de-mil-capsulas-de-cocaina-sao-apreendidas-em-porto-real.ghtml,trafico,95
"Dossiês, quebra de sigilo e 'blitz encomendada': veja como funcionava a 'agência' de espionagem de empresário Alan Cavalcante em BH",2026-06-18T15:17:12+00:00,MG / Belo Horizonte,https://g1.globo.com/mg/minas-gerais/noticia/2026/06/18/dossies-quebra-de-sigilo-e-blitz-encomendada-veja-como-funcionava-a-agencia-de-espionagem-de-empresario-alan-cavalcante-em-bh.ghtml,fraude,90
"'Supermaconha', cocaína e crack são apreendidos em casas abandonadas durante operação da PM em Timóteo",2026-06-18T15:15:26+00:00,MG / Governador Valadares,https://g1.globo.com/mg/vales-mg/noticia/2026/06/18/supermaconha-cocaina-e-crack-sao-apreendidos-em-casas-abandonadas-durante-operacao-da-pm-em-timoteo.ghtml,policia,95
Agente da Polícia Civil da Paraíba é preso em operação contra corrupção em delegacia,2026-06-18T15:13:55+00:00,PB / João Pessoa,https://g1.globo.com/pb/paraiba/noticia/2026/06/18/agente-da-policia-civil-da-paraiba-e-preso-em-operacao-contra-corrupcao-em-delegacia.ghtml,policia,95
CORREÇÃO: prisão por homicídio em Itatiba,2026-06-18T15:09:21+00:00,SP / Sorocaba,https://g1.globo.com/sp/sorocaba-jundiai/noticia/2026/06/18/correcao-prisao-por-homicidio-em-itatiba.ghtml,homicidio,100
Edital com recursos do Fundo Amazônia recebe inscrições de viveiros e redes de sementes do PA,2026-06-18T15:09:05+00:00,PA / Belém,https://g1.globo.com/pa/para/noticia/2026/06/18/edital-com-recursos-do-fundo-amazonia-recebe-inscricoes-de-viveiros-e-redes-de-sementes-do-pa.ghtml,outros,100
"Operação mira grupo que usava funcionários de telefonia para desbloquear celulares roubados em Ribeirão Preto, SP",2026-06-18T15:08:29+00:00,SP / Ribeirão Preto,https://g1.globo.com/sp/ribeirao-preto-franca/noticia/2026/06/18/operacao-mira-grupo-que-usava-funcionarios-de-telefonia-para-desbloquear-celulares-roubados-em-ribeirao-preto-sp.ghtml,policia,95
Policial rodoviário federal é preso no Paraná após ser flagrado dirigindo carro com registro de roubo e chassi adulterado,2026-06-18T15:05:03+00:00,PR / Curitiba,https://g1.globo.com/pr/norte-noroeste/noticia/2026/06/18/prf-preso-londrina.ghtml,policia,95
Policial rodoviário federal é preso no Paraná após ser flagrado dirigindo carro com registro de roubo e chassi adulterado - G1,2026-06-18T15:05:03+00:00,PR / Londrina,https://news.google.com/rss/articles/CBMiigFBVV95cUxNSFZZc21tb2hpbzR0bFkwS1BFcTgxdWJGTktmTkZXRldHS3RhcE9uOEV5c21zRDMtalZ3YzQ1bE5rV3d6cGRZWFRtWlNuWGUwRUU2SGVxbFZVR3ZyUnExNUN5WlQ5MHZ0dzBuYzhaN3lxalZLTHUtVmpJaTJGMGRlMjFhUGxXUkFLT1HSAZgBQVVfeXFMT3dEZXVPcFZwWGFPOG1DRlNxT0p6S1BZUmF2dGFwWmNTZGNxdThwbXJOSjZEM2FULS1YREJ2SWJfU2hCVkpXa1ZNVHMwT3l3TVdRaFlZTHpPOWNjQm9JQW5xX2RHRmg5UHN0NzY4X1p0MDYtaDhXT0VJSWFPVzhPeG1Yek12YlVFMWZEVGFLNHVXcEtPa0hWNHA?oc=5,veiculo,95
Homem é preso por roubo e extorsão após manter vítima amarrada em carro em Campos,2026-06-18T15:02:16+00:00,RJ / Campos dos Goytacazes,https://g1.globo.com/rj/norte-fluminense/noticia/2026/06/18/homem-e-preso-por-roubo-e-extorsao-apos-manter-vitima-amarrada-em-carro-em-campos.ghtml,sequestro,85
Homem é preso por roubo e extorsão após manter vítima amarrada em carro em Campos - G1,2026-06-18T15:02:16+00:00,RJ / Campos dos Goytacazes,https://news.google.com/rss/articles/CBMi4AFBVV95cUxQbzVVdzBEdEdBMFdIT2s0clY0MndnUHVEY1M5Q3hQSmZxMm42QUJ1Y0plWDVfSHNNTDltaURjZTNrUFpxWUpnYkYwaFcwcE9hOThxLXdQTWFickRXQWRiTDlfVGdSb2cxMWRjaUlrZmtCUl9BT09LeWxSc0U5alJ2QjQ2TGxxd1puaXJHRFV1T3NDTzdXakQwckh6WE8yc3VGdmg2Qm9DMVJjSjVWeUdQeFhNdnBtSjJQeHBhLU14MkZJR1Q5RGREbXhPVnFvT3pOMHJnNGxNUUFBQ29veEU1S9IB7wFBVV95cUxPMWNNcGxKUktQNzdGLXN2eHJCUUFSNnVxREVfNWNwYWNSNUx0QU1wOEtXaFZaUlNqS0hLYnp3b2RVNDVhNXdwRlA4M2wyYzNtSkoxRlBkUFlzbUQxRGtFWGxWZ0NOcnVrbmhDTTNaMlBISWV2Mkltb0RLdDAxREM0X21EeHBoRGlfRlpnZEVHV2ZhMzYxZDZ1N1BYVkw5TU5OcTR3bUZISVBNa05JVXVsNEwzTFdDV2hEeUp1UFlrNWhQeEd2cGU4NEgyZEh1STN0d1ROUHR1T0VZTDFqNUZnR2hRblRTVHNFX0dRdVFmVQ?oc=5,roubo,95
Mais de 70 câmeras de monitoramento usadas por facções na Grande João Pessoa são apreendidas,2026-06-18T14:58:01+00:00,PB / João Pessoa,https://g1.globo.com/pb/paraiba/noticia/2026/06/18/mais-de-70-cameras-de-monitoramento-usadas-por-faccoes-na-grande-joao-pessoa-sao-apreendidas.ghtml,policia,95
"PM encontra armas, drogas, munições, radiocomunicadores e monocular noturno em mochila abandonada na BR-401",2026-06-18T14:56:37+00:00,RR / Boa Vista,https://g1.globo.com/rr/roraima/noticia/2026/06/18/pm-encontra-armas-drogas-municoes-radiocomunicadores-e-monocular-noturno-em-mochila-abandonada-na-br-401.ghtml,policia,95
Deolane Bezerra e Marcola viram réus por organização criminosa e lavagem de dinheiro do PCC em SP,2026-06-18T14:52:03+00:00,SP / São Paulo,https://g1.globo.com/sp/sao-paulo/noticia/2026/06/18/justica-aceita-denuncia-e-torna-deolane-bezerra-marcola-e-seus-parentes-reus-por-organizacao-criminosa-e-lavagem-de-dinheiro-do-pcc-em-sp.ghtml,faccao,95
Adolescente de 14 anos é morto a tiros em praça de Vitória,2026-06-18T14:50:13+00:00,ES / Vitória,https://g1.globo.com/es/espirito-santo/noticia/2026/06/18/adolescente-de-14-anos-e-morto-a-tiros-em-praca-de-vitoria.ghtml,homicidio,100
"MPRJ aponta que, assim como CV, TCP ‘também se entranhou nas vísceras da Casa Legislativa’",2026-06-18T14:46:02+00:00,RJ / Rio de Janeiro,https://g1.globo.com/rj/rio-de-janeiro/noticia/2026/06/18/investigacao-ministerio-publico.ghtml,faccao,95
Gritos e pedidos por socorro revelam crime brutal em Joinville - NSC Total,2026-06-18T14:41:00+00:00,SC / Joinville,https://news.google.com/rss/articles/CBMioAFBVV95cUxNZXk0RTZkV0JhMFZndWQtWkx6RURxNF9NdGhiWTZIN1Z6WVJUOE1KeDlLMlRpc0pISDlzSmhDN3U4YUdSSHNmMW94OF9RZjdhcjRhRkNUbzVBRjRUNGNfQ2xIcG04TzczM1hpYmhqTnpRc3RLV2t5MzJSd2Fia1RiSjY1eVhEYUJtYlBMcHJZRnVPNzNsVnpVcF95YURfTjdp?oc=5,violencia,80
Mais de 30 suspeitos de tráfico e homicídio são presos durante operação em 19 municípios do ES,2026-06-18T14:40:39+00:00,ES / Vitória,https://g1.globo.com/es/espirito-santo/sul-es/noticia/2026/06/18/suspeitos-de-trafico-e-homicidio-sao-presos-durante-operacao-em-19-municipios-do-es.ghtml,policia,95
VÍDEO: Bombeiros deixam vítima de acidente cair no chão em Porto Velho,2026-06-18T14:39:14+00:00,RO / Porto Velho,https://g1.globo.com/ro/rondonia/noticia/2026/06/18/video-bombeiros-deixam-vitima-de-acidente-cair-no-chao-em-porto-velho.ghtml,veiculo,85
"Fuzil que pode ter sido usado em atentado contra vereador é apreendido em Mossoró, diz polícia",2026-06-18T14:38:39+00:00,RN / Natal,https://g1.globo.com/rn/rio-grande-do-norte/noticia/2026/06/18/fuzil-apreendido-caso-vereador-mossoro-policia.ghtml,policia,85
Cachorro baleado por PM em BH recebe alta após cirurgia,2026-06-18T14:37:00+00:00,MG / Belo Horizonte,https://g1.globo.com/mg/minas-gerais/noticia/2026/06/18/cachorro-baleado-por-pm-em-bh-recebe-alta-apos-cirurgia.ghtml,policia,90
"Vídeo mostra que menina encontrada morta no dia do aniversário tinha o costume de andar pela fazenda, diz delegado",2026-06-18T14:36:05+00:00,GO / Goiânia,https://g1.globo.com/go/goias/noticia/2026/06/18/video-mostra-que-menina-encontrada-morta-no-dia-do-aniversario-tinha-o-costume-de-andar-pela-fazenda-diz-delegado.ghtml,homicidio,100
Cadela 'Fúria' ajuda PM a encontrar arma e drogas escondidas em carro e homem é preso em Boa Vista,2026-06-18T14:32:11+00:00,RR / Boa Vista,https://g1.globo.com/rr/roraima/noticia/2026/06/18/cadela-furia-ajuda-pm-a-encontrar-arma-e-drogas-escondidas-em-carro-e-homem-e-preso-em-boa-vista.ghtml,policia,95
Entenda como rede de supermercados da Bahia se tornou produto de crédito consignado ligado ao Banco Master,2026-06-18T14:32:03+00:00,BA / Salvador,https://g1.globo.com/ba/bahia/noticia/2026/06/18/entenda-ligacao-de-rede-de-mercados-da-bahia-com-banco-master.ghtml,fraude,85
"PF cancela porte de arma de GCMs de Ribeirão Pires, na Grande SP",2026-06-18T14:30:41+00:00,SP / Ribeirão Pires,https://g1.globo.com/sp/sao-paulo/noticia/2026/06/18/pf-cancela-porte-de-arma-de-gcms-de-ribeirao-pires-na-grande-sp-corporacao-e-investigada-pelo-mp-por-suspeita-de-formacao-de-milicia.ghtml,policia,95
Jornalista Baptista Chagas de Almeida morre aos 62 anos em BH,2026-06-18T14:30:37+00:00,MG / Belo Horizonte,https://g1.globo.com/mg/minas-gerais/noticia/2026/06/18/morre-aos-62-anos-o-jornalista-baptista-chagas-de-almeida.ghtml,outros,95
Pintor morre após sofrer descarga elétrica enquanto trabalhava no interior da Bahia,2026-06-18T14:28:40+00:00,BA / Salvador,https://g1.globo.com/ba/feira-de-santana-regiao/noticia/2026/06/18/morte-descarga-eletrica-bahia.ghtml,outros,95
Flávio propõe presídios no modelo de El Salvador e redução da maioridade como medidas contra o crime - Estadão,2026-06-18T14:27:17+00:00,BA / Salvador,https://news.google.com/rss/articles/CBMi0wFBVV95cUxNaGRUZ19JYmJ3SU9tb0NnekVkamFZb1llSkJiQ1d1MUpja2N4R0haTEVtbkhjaWNGa0J5X1ZUN3N4RjFHSkpFZjhYc2tSTWhfQzNqTmMtaGwzSDU1QklFZVRMQWhuRDNvaEFaXzBSQWFuaFRfTUJvSU9NaWNERk81TWF2aXgwZTJTTFE4WGlGM2NKRjJiYnhlczIxVmFiUUhXNVhDNGZkdHFfQ29RQVBTZG41SnZTOGQ3WjRDX2tFM3c5Qks2eF9oYTd6bFU1blJ0a08w0gHYAUFVX3lxTE5CT3Z0eFR1bk9LOG5LNVhLVTNmR1hReGpVa1pfc1hZdTlIM3YyM21iS2VjT25VbVZKT29jNXUxNkZOTHFRMW8zUW9IN2wySXpUcmJ4TjI4cjV0RUVkYnpSY21MSmsyNDhESG03MVA0NWIwUkxRUWxNdVhvNTZVU1ZzQWpkOGdWMVUtbmtreEViTFM5a1p1bldoRFRobUtjck85cXRZNlNQOFdPd0lWeG9URzdYd2o2cHMwTm5WeXg5d3ZZaFIwREQzemNqUlI5LTZmZlZZNWgwbw?oc=5,outros,95
"Obra-prima da música clássica mundial, Carmina Burana será apresentada no Teatro Amazonas",2026-06-18T14:23:36+00:00,AM / Manaus,https://g1.globo.com/am/amazonas/role-amazonas/noticia/2026/06/18/obra-prima-da-musica-classica-mundial-carmina-burana-sera-apresentada-no-teatro-amazonas.ghtml,outros,100
Motorista de aplicativo sofre tentativa de latrocínio em Blumenau; criminosos roubam Honda Civic e seguem foragidos - Farol Blumenau,2026-06-18T14:23:36+00:00,SC / Blumenau,https://news.google.com/rss/articles/CBMingFBVV95cUxNT3pud1NzS3VMSGxKVjVsUGNCZGloQnRmcUJWN1ljQzZrdzhpb3ZJN0xqdGlYNzVzUi0yN0Q4TjhZWEdwTmM2djFYcXZ3TEpPd3h6bFBfakx3NF9PTU40N0xOdlJ5UHJ2TnFzTmJmQzhqQzJYUG1UMENfemlKMEhva0tDNURZZlRqNzQ0TlpBS2w4Vnk1cDUtU1E5VklRQQ?oc=5,roubo,95
Motopel transforma o sonho da moto própria em realidade para milhares de baianos,2026-06-18T14:19:09+00:00,BA / Salvador,https://g1.globo.com/ba/bahia/especial-publicitario/motopel/noticia/2026/06/18/motopel-transforma-o-sonho-da-moto-propria-em-realidade-para-milhares-de-baianos.ghtml,outros,80
Caminhonete capota e para a cerca de 10 metros da pista após mulher perder o controle da direção,2026-06-18T14:09:17+00:00,MG / Governador Valadares,https://g1.globo.com/mg/grande-minas/noticia/2026/06/18/caminhonete-capota-e-para-a-cerca-de-10-metros-da-pista-apos-mulher-perder-o-controle-da-direcao.ghtml,outros,95
Mulher reage a assalto em escadaria e faz suspeito fugir em Porto Alegre (RS) - R7,2026-06-18T14:05:35+00:00,RS / Porto Alegre,https://news.google.com/rss/articles/CBMiuwFBVV95cUxNLXRUWkxpcWQxSnpRYmpXWkhyNDFuRWwycWpHd2dJUVd4Ul95NWljQ0ZrNkNfQTZkcEtOcDJhTXZramh0d0RjeWZhOENRMGpqQlhNd0dNWEYtVGYzTGhON0tTZGNKQ2U0blJIOU9qWlhwd1JJY1FxYXZnRm9zS0VxdHlsLVAwQzlaeEFWSEFyejdKZi1MU1NlUXVWanRkS1c0LTZ1d1A2RXljcmNFMTVXbHNmR0txelpRLWJF?oc=5,roubo,100
"Grupo do DF suspeito de comercializar, pelo menos, 8 toneladas de drogas ostentava vida de luxo",2026-06-18T14:04:51+00:00,DF / Brasília,https://g1.globo.com/df/distrito-federal/noticia/2026/06/18/grupo-do-df-suspeito-de-comercializar-pelo-menos-8-toneladas-de-drogas-ostentava-vida-de-luxo.ghtml,trafico,95
Professores do mesmo município morrem em acidentes diferentes no Ceará,2026-06-18T14:03:22+00:00,CE / Tauá,https://g1.globo.com/ce/ceara/noticia/2026/06/18/professores-do-mesmo-municipio-morrem-em-acidentes-diferentes-no-ceara.ghtml,homicidio,95
"Spa, quadra de tênis e apartamentos de 203 m²: como é o condomínio do imóvel que Jaques Wagner teria recebido, segundo PF",2026-06-18T14:00:41+00:00,BA / Salvador / Horto Florestal,https://g1.globo.com/ba/bahia/noticia/2026/06/18/pf-aponta-apartamento-como-vantagem-indevida-recebida-por-jaques-wagner-conheca-imovel.ghtml,fraude,85
VÍDEO: Seu Jorge visita reserva no AC e se reúne com líder ambientalista e primo de Chico Mendes,2026-06-18T13:57:43+00:00,AC / Xapuri / Reserva Extrativista Chico Mendes,https://g1.globo.com/ac/acre/noticia/2026/06/18/video-seu-jorge-visita-reserva-no-ac-e-se-reune-com-lider-ambientalista-e-primo-de-chico-mendes.ghtml,outros,100
Lutador de artes marciais é preso com revólver e skunk após resistir à abordagem da PM,2026-06-18T13:57:20+00:00,RR / Boa Vista / Equatorial,https://g1.globo.com/rr/roraima/noticia/2026/06/18/lutador-de-artes-marciais-e-preso-com-revolver-e-skunk-apos-resistir-a-abordagem-da-pm.ghtml,policia,95
Homem é preso após furtar farmácia ao lado de uma delegacia em Pinheiro,2026-06-18T13:57:15+00:00,MA / Pinheiro,https://g1.globo.com/ma/maranhao/noticia/2026/06/18/homem-e-preso-apos-furtar-farmacia-ao-lado-de-uma-delegacia-em-pinheiro.ghtml,furto,100
Homem investigado por série de roubos é preso em rodoviária de Cabo Frio,2026-06-18T13:56:33+00:00,RJ / Cabo Frio,https://g1.globo.com/rj/regiao-dos-lagos/noticia/2026/06/18/homem-investigado-por-serie-de-roubos-e-preso-em-rodoviaria-de-cabo-frio.ghtml,roubo,95
Homem que espancou ex até a morte na frente da avó é condenado a 57 anos de prisão,2026-06-18T13:47:53+00:00,SP / Cananéia,https://g1.globo.com/sp/santos-regiao/noticia/2026/06/18/homem-que-espancou-ex-ate-a-morte-na-frente-da-avo-e-condenado-a-57-anos-de-prisao-no-litoral-de-sp.ghtml,homicidio,100
Operação prende quatro suspeitos de fraude milionária no sistema de meia-passagem em Manaus,2026-06-18T13:42:34+00:00,AM / Manaus,https://g1.globo.com/am/amazonas/noticia/2026/06/18/operacao-prende-suspeitos-de-fraude-milionaria-no-sistema-de-meia-passagem-em-manaus.ghtml,fraude,95
Motociclista morre após ser atingido por caminhão em MT,2026-06-18T13:41:55+00:00,MT / Poconé / Jurumirim,https://g1.globo.com/mt/noticia/2026/06/18/motociclista-morre-apos-ser-atingido-por-caminhao-em-mt.ghtml,homicidio,95
Grupo que comandava crimes no Xingu à distância é alvo de operação em MT,2026-06-18T13:38:11+00:00,MT / Santa Cruz do Xingu,https://g1.globo.com/mt/mato-grosso/noticia/2026/06/18/grupo-que-comandava-crimes-no-xingu-a-distancia-e-alvo-de-operacao-em-mt.ghtml,policia,95
Trio é preso suspeito de roubar caminhão e fazer motorista refém em Itatiba,2026-06-18T13:33:58+00:00,SP / Itatiba,https://g1.globo.com/sp/sorocaba-jundiai/noticia/2026/06/18/trio-e-preso-suspeito-de-roubar-caminhao-e-fazer-motorista-refem-em-itatiba.ghtml,roubo,95
"Organização criminosa movimentou R$ 200 milhões com cassiterita ilegal do Amapá, segundo PF",2026-06-18T13:31:57+00:00,AP / Calçoene,https://g1.globo.com/ap/amapa/noticia/2026/06/18/organizacao-criminosa-movimentou-r-200-milhoes-com-cassiterita-ilegal-do-amapa-segundo-pf.ghtml,policia,95
Parentes fazem protesto em fórum de Ribeirão das Neves durante audiência de acusado de chacina em padaria,2026-06-18T13:31:32+00:00,MG / Ribeirão das Neves,https://g1.globo.com/mg/minas-gerais/noticia/2026/06/18/parentes-fazem-protesto-em-forum-de-ribeirao-das-neves-durante-audiencia-de-acusado-de-chacina-em-padaria.ghtml,homicidio,100
Polícia prende um dos suspeitos de matar PM aposentado durante assalto em ciclovia na Zona Leste de SP,2026-06-18T13:30:34+00:00,SP / São Paulo / Parque Jacuí,https://g1.globo.com/sp/sao-paulo/noticia/2026/06/18/policia-prende-um-dos-suspeitos-de-matar-pm-aposentado-durante-assalto-em-ciclovia-na-zona-leste-de-sp.ghtml,homicidio,95
PM acha drogas enterradas em piso de casa e prende casal por tráfico em Serra Negra,2026-06-18T13:30:22+00:00,SP / Serra Negra / São Luiz,https://g1.globo.com/sp/campinas-regiao/noticia/2026/06/18/pm-acha-drogas-enterradas-em-piso-de-casa-e-prende-casal-por-trafico-em-serra-negra.ghtml,trafico,100
Mulher condenada a mais de 11 anos de prisão por tráfico internacional de drogas é presa em Timon,2026-06-18T13:29:19+00:00,MA / Timon / Santo Antônio,https://g1.globo.com/ma/maranhao/noticia/2026/06/18/mulher-condenada-a-mais-de-11-anos-de-prisao-por-trafico-internacional-de-drogas-e-presa-em-timon.ghtml,trafico,100
O esquema milionário que fez mapas de R$ 34 serem vendidos por R$ 120 ao governo de MS,2026-06-18T13:28:59+00:00,MS / Campo Grande,https://g1.globo.com/ms/mato-grosso-do-sul/noticia/2026/06/18/justica-manda-devolver-r-1-milhao-aos-cofres-publicos-apos-fraude-em-licitacao-de-mapas-em-ms.ghtml,fraude,100
Funcionários são presos após produtos furtados de supermercado serem encontrados em carro e na casa deles,2026-06-18T13:25:39+00:00,SP / Marília,https://g1.globo.com/sp/bauru-marilia/noticia/2026/06/18/funcionarios-sao-presos-apos-produtos-furtados-de-supermercado-serem-encontrados-em-carro-e-na-casa-deles.ghtml,furto,100
Foragido da Justiça pelo crime de feminicídio é preso em Paraty,2026-06-18T13:25:24+00:00,RJ / Paraty,https://g1.globo.com/rj/sul-do-rio-costa-verde/noticia/2026/06/18/foragido-da-justica-pelo-crime-de-feminicidio-e-preso-em-paraty.ghtml,homicidio,100
Jovem foge para delegacia após ser ameaçada e agredida pelo ex em Governador Valadares,2026-06-18T13:24:35+00:00,MG / Governador Valadares,https://g1.globo.com/mg/vales-mg/noticia/2026/06/18/jovem-foge-para-delegacia-apos-ser-ameacada-e-agredida-pelo-ex-em-governador-valadares.ghtml,violencia,95
Estudante é morto a tiros na frente de escola técnica e criminoso é preso após fugir de moto com irmão; VÍDEO,2026-06-18T13:22:59+00:00,PE / Jaboatão dos Guararapes / Piedade,https://g1.globo.com/pe/pernambuco/noticia/2026/06/18/homem-e-morto-a-tiros-em-calcada-e-criminoso-e-preso-apos-fugir-em-moto-pilotada-pelo-irmao-video.ghtml,homicidio,100
Estudante é morto a tiros na frente de escola técnica e criminoso é preso após fugir de moto com irmão; VÍDEO - G1,2026-06-18T13:22:59+00:00,PE / Jaboatão,https://news.google.com/rss/articles/CBMi7gFBVV95cUxOTnZrOGdMaUZkMnNxWE5CTmU5RlBTQzZ5Z1pDMjU5Tm9fRHh6QWpxdUdpMFlPMVpoQ3pFMHY2N0hFck9rMTJqbU0wbHZhaDI3Z1BHVVg1Rlc4dmxTSjNWSTE1MFJaSFBGLTNYQTg3TS1QaWh1SmsxcFNzMGxtNVNLOUM5UmRSYjRNd0wwZktyQkJVUEJ3QjNFY2I4Q19FOG1zRlR2TzBRT2NPdFhoa0lzWXBRY0FIY3RkdENhd2RxdGppV2tCdHFGb3lXRktYRV85XzRORk9wcWhNTHJlZGVoajZfcXZqZTBJYUlFS3B30gH8AUFVX3lxTE5jbl80R0NwRVBJUXNVcVZYYVpELWJXQW13OEtzdlZNb0Z2NHJ4RUJaSDBibnNvM3NyR2JSZW9aV2lLWTdHLW1zZVI1bzU4Tk01Zm5lX2FMRXRVQU91VWhPWE1ETjBlRHcySVJkNWtVN1FjM2xvbk1WVkdDd2RFQWR4bG5paXNXY3FJSzh6WTA3UVBUTmZRYkhRenVJdGFid2xNTk15eHpLWTlKbTk2VzhXZklkREw0ZXRRYVpVcS1CY0hxNDVpYlZLakhJMWt1cWtXWlZMTGsxVkRacXNWRFZWRkU4clF3UW00SUhxakZUNG9xeWp2Wnhla3JEMw?oc=5,homicidio,100
Prefeitura de Caxias oferece até 100% de desconto em juros e multas para pagamento de dívidas municipais,2026-06-18T13:22:12+00:00,MA / Caxias,https://g1.globo.com/ma/maranhao/noticia/2026/06/18/prefeitura-de-caxias-oferece-ate-100percent-de-desconto-em-juros-e-multas-para-pagamento-de-dividas-municipais.ghtml,outros,100
Motoristas ficam em estado gravíssimo em acidente entre carro e caminhonete na BR-354,2026-06-18T13:21:22+00:00,MG / Bambuí,https://g1.globo.com/mg/centro-oeste/noticia/2026/06/18/motoristas-ficam-em-estado-gravissimo-em-acidente-entre-carro-e-caminhonete-na-br-354.ghtml,veiculo,100
Viúva de Zico Bacana e assessor de Val Ceasa são presos em operação contra ligação com o TCP,2026-06-18T13:20:02+00:00,RJ / Rio de Janeiro / Guadalupe,https://g1.globo.com/rj/rio-de-janeiro/noticia/2026/06/18/presos-operacao-do-mprj-e-policia-civil-suspeita-de-ligacao-com-faccao-criminosa.ghtml,faccao,85
"Loja pega fogo em Curitiba, população aciona bombeiros, mas caminhão com 25 mil litros de água se envolve em acidente e não chega ao local",2026-06-18T13:18:56+00:00,PR / Curitiba,https://g1.globo.com/pr/parana/noticia/2026/06/18/loja-incendio-curitiba.ghtml,outros,90
"Edital do concurso da Polícia Penal no RN é publicado com 260 vagas e salários de até R$ 5,6 mil",2026-06-18T13:17:49+00:00,RN / Natal,https://g1.globo.com/rn/rio-grande-do-norte/noticia/2026/06/18/edital-concurso-policia-penal-rn.ghtml,policia,95
PF cumpre mandados em São Luís contra suspeito de fraudar laudos médicos para obter isenção de IPI,2026-06-18T13:11:26+00:00,MA / São Luís,https://g1.globo.com/ma/maranhao/noticia/2026/06/18/pf-cumpre-mandados-em-sao-luis-contra-suspeito-de-fraudar-laudos-medicos-para-obter-isencao-de-ipi.ghtml,fraude,95
"Duas pessoas são presas e mais de R$ 24 mil, armas e drogas apreendidos em São Francisco de Itabapoana",2026-06-18T13:08:16+00:00,RJ / São Francisco de Itabapoana / Barra do Itabapoana,https://g1.globo.com/rj/norte-fluminense/noticia/2026/06/18/duas-pessoas-sao-presas-e-mais-de-r-24-mil-armas-e-drogas-apreendidos-em-sao-francisco-de-itabapoana.ghtml,policia,95
Adolescente de 13 anos salva a vida de sobrinha após passar por curso de bombeiro mirim no TO,2026-06-18T12:59:19+00:00,TO / Guaraí,https://g1.globo.com/to/tocantins/noticia/2026/06/18/adolescente-de-13-anos-salva-a-vida-de-sobrinha-apos-passar-por-curso-de-bombeiro-mirim-no-to.ghtml,outros,100
Operação da Polícia Civil mobiliza mais de 50 policiais contra o tráfico em Paracambi,2026-06-18T12:58:51+00:00,RJ / Paracambi,https://g1.globo.com/rj/sul-do-rio-costa-verde/noticia/2026/06/18/operacao-da-policia-civil-mobiliza-mais-de-50-policiais-contra-o-trafico-em-paracambi.ghtml,policia,95
Bombeiros resgatam cavalo preso em fossa em Chapadinha; veja imagens do resgate,2026-06-18T12:56:12+00:00,MA / Chapadinha / Recanto dos Pássaros,https://g1.globo.com/ma/maranhao/noticia/2026/06/18/bombeiros-resgatam-cavalo-preso-em-fossa-em-chapadinha-veja-imagens-do-resgate.ghtml,policia,85
Tocantinenses registram ponto luminoso ao lado da lua; entenda,2026-06-18T12:53:27+00:00,TO / Guarai,https://g1.globo.com/to/tocantins/noticia/2026/06/18/fotografo-do-to-registra-ponto-luminoso-ao-lado-da-lua-entenda.ghtml,outros,100
"Mãe de bebê morto em Uberlândia é indiciada por homicídio por omissão no dever de proteger a criança, conclui polícia",2026-06-18T12:51:26+00:00,MG / Uberlândia / Jardim das Palmeiras,https://g1.globo.com/mg/triangulo-mineiro/noticia/2026/06/18/mae-de-bebe-morto-em-uberlandia-e-indiciada-por-homicidio-por-omissao-no-dever-de-proteger-a-crianca.ghtml,homicidio,100
Suspeitos de integrar facção são alvos de operação contra o tráfico de drogas no PI; 10 presos,2026-06-18T12:51:25+00:00,PI / Teresina / Zona Leste,https://g1.globo.com/pi/piaui/noticia/2026/06/18/suspeitos-faccao-pi.ghtml,policia,95
Toneladas de suplementos e medicamentos são apreendidas e fábrica é lacrada no ES,2026-06-18T12:46:23+00:00,ES / Itapemirim / Campo Acima,https://g1.globo.com/es/espirito-santo/sul-es/noticia/2026/06/18/toneladas-de-suplementos-e-medicamentos-sao-apreendidas-e-fabrica-e-lacrada-no-es.ghtml,fraude,85
Preso suspeito de importunação sexual contra mulheres durante exercícios físicos em MT; vídeo,2026-06-18T12:39:27+00:00,MT / Rondonópolis,https://g1.globo.com/mt/noticia/2026/06/18/video-preso-suspeito-de-importunacao-sexual-contra-mulheres-durante-exercicios-fisicos-em-mt.ghtml,policia,90
"Motorista atropela pedestre, foge sem prestar socorro e vítima morre na Castello Branco em Boituva",2026-06-18T12:39:10+00:00,SP / Boituva,https://g1.globo.com/sp/itapetininga-regiao/noticia/2026/06/18/motorista-atropela-pedestre-foge-sem-prestar-socorro-e-vitima-morre-na-castello-branco-em-boituva.ghtml,homicidio,95
Quadrilha suspeita de golpe com cartões de crédito é presa em Cabo Frio; prejuízo passa de R$ 50 mil,2026-06-18T12:37:40+00:00,RJ / Cabo Frio / Braga,https://g1.globo.com/rj/regiao-dos-lagos/noticia/2026/06/18/quadrilha-suspeita-de-golpe-com-cartoes-de-credito-e-presa-em-cabo-frio-prejuizo-passa-de-r-50-mil.ghtml,fraude,95
"Botijão de gás de 13 kg tem aumento de preço em Manaus; modelo de 8 kg fica mais barato, aponta Procon",2026-06-18T12:36:12+00:00,AM / Manaus,https://g1.globo.com/am/amazonas/noticia/2026/06/18/botijao-de-gas-de-13-kg-tem-aumento-de-preco-em-manaus-modelo-de-8-kg-fica-mais-barato-aponta-procon.ghtml,outros,95
"PF investiga se Jaques Wagner recebeu R$ 3,5 milhões e apartamento de luxo em Salvador",2026-06-18T12:21:21+00:00,BA / Salvador,https://g1.globo.com/politica/noticia/2026/06/18/jacques-wagner-teria-recebido-vantagens-indevidas-como-apartamento-e-r-35-milhoes-diz-pf.ghtml,fraude,95
Relatório aponta interferência de parlamentares para deixar resort do TCP de pé; demolição foi adiada em 1 ano e meio,2026-06-18T12:17:19+00:00,RJ / Rio de Janeiro / Complexo de Israel,https://g1.globo.com/rj/rio-de-janeiro/noticia/2026/06/18/dossie-demolicao-resort.ghtml,faccao,95
Suspeito de integrar facção criminosa morre em confronto com a PM em Várzea Grande (MT),2026-06-18T12:16:24+00:00,MT / Várzea Grande / José Carlos Guimarães,https://g1.globo.com/mt/mato-grosso/noticia/2026/06/18/suspeito-de-integrar-faccao-criminosa-morre-em-confronto-com-a-pm-em-varzea-grande-mt.ghtml,homicidio,95
Homem é preso suspeito de matar outro a facadas em frente a bar no Parque Bauru,2026-06-18T12:07:46+00:00,SP / Bauru / Parque Bauru,https://g1.globo.com/sp/bauru-marilia/noticia/2026/06/18/homem-e-preso-suspeito-de-matar-outro-a-facadas-em-frente-a-bar-no-parque-bauru.ghtml,homicidio,100
Médico suspeito de atuação irregular é conduzido à delegacia após morte de idosa em Umbaúba,2026-06-18T12:06:26+00:00,SE / Umbaúba,https://g1.globo.com/se/sergipe/noticia/2026/06/18/falso-medico-e-conduzido-a-delegacia-apos-morte-de-paciente-em-umbauba.ghtml,homicidio,100
Mais de 10 integrantes do PCC são presos em operação em Teresina e interior do Piauí - Portal Piauí Hoje,2026-06-18T11:56:00+00:00,PI / Teresina,https://news.google.com/rss/articles/CBMi0AFBVV95cUxObVlOcFNYZURQb2l0WXhCU0lJdDItWndBdkN4NFQ2Y18tMUxQTUM1Ykkyek5rQ2lRQlZ6dy1rZmZBWENTOWROclFxdnJ2UTlvU3NYZnFBZmtCMlA5NzdWdXdsSEoxQ0xubTIwb05QdDBUWDN2WXhpWVUyN1cwZTB6bkN5TUk3WUY4aU1rMVJ2a09ueS02WGhiTTRRdkVVZWEweF85V1haVXhYZkwxMFM1SFVrR1VFM01GY2xWN0JWLTdLdGJha1h0Rm92cndPeWpE0gHWAUFVX3lxTE1rU3dRZk1STFlEbUd4dDZ5cjVmY2hsNldfQV8yNGV6ZUZiYWZ0Q1NNZHZydkI3NGdKQnJqM1U3aVJKNEhqQy00WDVpWElxMzZQeUtOcFZCN2xYXzJUVUtyZzQxWnBaUGI2QUFqOHByekd3QXVGWlNXRmdPbm13WkpjQlhRbDg2STRBXzUxeERxOXEyZEFGeTZGOG5IZmE1T1ZvQU0zYmZSSE00NnJpOWZMNnZpcGJTYW5DYkZmSm1Hbk5lWDkzUEduV08tTEltSFlqdThqY2c?oc=5,policia,90
TCU vê risco de comprometimento da funcionalidade da engorda de Ponta Negra antes da vida útil prevista,2026-06-18T11:55:48+00:00,RN / Natal / Ponta Negra,https://g1.globo.com/rn/rio-grande-do-norte/noticia/2026/06/18/tcu-ve-risco-de-comprometimento-da-funcionalidade-da-engorda-de-ponta-negra-antes-da-vida-util-prevista.ghtml,fraude,85
Empresário é morto a tiros em Arapiraca; um suspeito foi atingido e também morreu,2026-06-18T11:52:42+00:00,AL / Arapiraca / Baixão,https://g1.globo.com/al/alagoas/noticia/2026/06/18/empresario-e-morto-durante-atentado-em-arapiraca-um-suspeito-foi-atingido-tiros-e-tambem-morreu.ghtml,homicidio,100
'Crime da 113 Sul': relator no STJ vota para manter anulação da condenação de Adriana Villela,2026-06-18T11:52:09+00:00,DF / Brasília,https://g1.globo.com/df/distrito-federal/noticia/2026/06/18/crime-da-113-sul-votos.ghtml,homicidio,100
Homem é baleado após suspeita de tentativa de assalto em Londrina - Rádio Paiquerê FM 98.9,2026-06-18T11:48:00+00:00,PR / Londrina,https://news.google.com/rss/articles/CBMilwFBVV95cUxPMGpCejdtNGQyQjROeEJoZVIwclRnMkg0VTV6eGE2NzNTTHZEZUpFbXNROWhoVG8yNG8yTURJY05mNllaOC1VS1pSM1pQV1hnLVdIdjVMU0JHZ1E2aHh3bndYM0paYVpYZDVRVEktcTJNcWFtTDdJQ3ktbjloRklwa0ZGN3paOWhlVXRmUE5ja2VhVUtHSlNj?oc=5,roubo,85
"Aluno é morto a tiros em frente à instituição de ensino de Piedade, em Jaboatão dos Guararapes - Diario de Pernambuco",2026-06-18T11:46:00+00:00,PE / Jaboatão dos Guararapes / Piedade,https://news.google.com/rss/articles/CBMi-AFBVV95cUxNbFlVaFN2VjlDUjNqRVBJQ1lmLWtod1BCelB5ZEx4bnVFT0xRd3Z3djR4SnhsekVNSXhRVVdqSEItNjZRRXNVOXltVm54Sk5SVS1lQTIzZk9ySHpsMGhJQ0hSeFA0MG9FVWVEcDl6QldIRTNmYnZNWEk2S0pVT1hZdHdSNHVaM0hjT2RLRzlqQ0pDSFFIeDF6WVZsUTB5MVYtZ0Y0ZUJmdHUwR0tMVGN2R3JJN2plU2R6SGFLVlFnMzVsSUp4enRGZFpFVmdQck9MaEFQSEcxWVZkTS1HZkd1NVhKZG9BWUFuSUtSdnUxSkJPeUdUQnpraw?oc=5,homicidio,100
Dois homens são presos na Paraíba em operação nacional contra violência doméstica,2026-06-18T11:44:45+00:00,PB / Campina Grande,https://g1.globo.com/pb/paraiba/noticia/2026/06/18/dois-homens-sao-presos-na-paraiba-em-operacao-nacional-contra-violencia-domestica.ghtml,violencia,85
"VÍDEO: Cavalo morre após ser atropelado e abandonado por dono no meio da rua em Imperatriz, no MA",2026-06-18T11:44:32+00:00,MA / Imperatriz / Mercadinho,https://g1.globo.com/ma/maranhao/regiao-tocantina/noticia/2026/06/18/cavalo-morre-apos-ser-atropelado-e-abandonado-por-dono-no-meio-da-rua-em-imperatriz-no-ma.ghtml,outros,95
Julgamento que absolveu brasileiro de homicídio de namorado francês é anulado,2026-06-18T11:40:55+00:00,RN / Natal,https://g1.globo.com/rn/rio-grande-do-norte/noticia/2026/06/18/julgamento-absolveu-brasileiro-homicidio-frances-anulado.ghtml,homicidio,100
Tabelião acusado de matar mulher grávida e sogros é condenado a 70 anos de prisão,2026-06-18T11:40:26+00:00,RJ / Petrópolis,https://g1.globo.com/rj/regiao-serrana/noticia/2026/06/18/tabeliao-acusado-de-matar-mulher-gravida-e-sogros-e-condenado-a-70-anos-de-prisao.ghtml,homicidio,100
Quase 100 animais soltos em rodovias federais são apreendidos no litoral do PI,2026-06-18T11:40:06+00:00,PI / Teresina,https://g1.globo.com/pi/piaui/noticia/2026/06/18/animais-soltos-em-rodovias-apreendidos.ghtml,policia,90
CEO de franquia milionária é denunciado à Justiça por mandar matar diretor da própria empresa no Paraná,2026-06-18T11:38:05+00:00,PR / Curitiba,https://g1.globo.com/pr/campos-gerais-sul/noticia/2026/06/18/ceo-franquia-milionaria-denunciado-por-mandar-matar-diretor-da-propria-empresa-parana.ghtml,homicidio,100
"Homem é assassinado a tiros no distrito de Avelar, em Paty do Alferes",2026-06-18T11:28:48+00:00,RJ / Volta Redonda,https://g1.globo.com/rj/sul-do-rio-costa-verde/noticia/2026/06/18/homem-e-assassinado-a-tiros-no-distrito-de-avelar-em-paty-do-alferes.ghtml,homicidio,100
Polícia Civil faz operação contra tribunais do crime e cumpre mandados em Salto,2026-06-18T11:27:39+00:00,SP / Sorocaba,https://g1.globo.com/sp/sorocaba-jundiai/noticia/2026/06/18/operacao-em-salto.ghtml,policia,95
Polícia Civil faz operação contra tribunais do crime e cumpre mandados em Salto - G1,2026-06-18T11:27:39+00:00,SP / Sorocaba,https://news.google.com/rss/articles/CBMiiwFBVV95cUxOVWF2UHExRExJSzFDbWlDbHVmQVJKOWlzSXN0N3E2eklmTm5Pbk92ZUhhVVBHSXpzWV91YmlxcV9BUjVJdENGRzJQQk4wUll6TlJZS3pDMFBCYUdSbFBfME1OZDBUWldXSzViNTB1RVBvTmpZS3lZWklMZU81SlE2SXVpVVFFcVFwMEtB0gGaAUFVX3lxTE83QkNlazI3akFieWNoU0dLOVpDUlBtU2pFQktKbXctRl9xdnd0cW9DczMyblVESjR5cWRwTDZYTmZyT2pDQ1Ytb0ptaG9mOENfQ0psQXhjcFBpSWVNVUEwaE05UExZZnZLNWFjNE5Uc0RLQkRZUUJDeVhtZWRKemlkdHJEUnl3Y3MtRHB0V3l0RENjV3ZGZ1c2aGc?oc=5,policia,95
Cliente é esfaqueado ao reagir a assalto em bar em Maceió - Alagoas 24 Horas,2026-06-18T11:25:00+00:00,AL / Maceió,https://news.google.com/rss/articles/CBMiogFBVV95cUxNRXBWNEx4dDBkLXp1RXpmd3pnNDdWdTFXM2dLbnRueE1vZmxNVURSZTlncDVVN1h6dGJma3YzN2VKNTczaVZqOUIxbVVVbUdzbWM0aTVOT1Z5RGZoc2wtUDVPU3FGNWhaNE5KZjNEdk10NTVlWmExU2VSekxvQ0lvNFN4ZU5HSTA2R1lKZWJzSWxQcUt3bEpiS3lqY3dLajRWMGfSAacBQVVfeXFMT1pOVDRSbklCSVY2NDVkQmQ4NXFLeElFSVlnOEdSZHhnV2JUSG45NzhjUTl5aUE2aWFtTGdnQXc2MzFoMTRBa1pScERhQ3BIM0NZb1F0Y1FfOVRoVWJSeGFtT3BWaWxvM2dSLVdkd0FJa2tfY1RTeU1VX3VRMWs4TEd3c2tNOVFyVHV0cWVubFprNzZtaVh5Y3FwdklYblFyNHE2cjJETDg?oc=5,roubo,100
Motorista de aplicativo é atacado durante assalto e escapa ao pular de carro em movimento em Blumenau - Testo Notícias,2026-06-18T11:22:37+00:00,SC / Blumenau,https://news.google.com/rss/articles/CBMi1gFBVV95cUxQZUpZTE5iMXdybmpIVkxYWTVITUdrZHczRy1faGpGQWloenpIZGpxWXZ0VXpxZDN4ZFVlenEwdWdYTGl5NkQwLUs5bGprQXRGRnZFbnZRaWJ3SGlnMzZMdzV2Tm9xWWtYanpmYW1vZjNJcXRzSVBxNVAxdmt2NWRuYWdmRktTMHpOTXZxaEdUdGVUTkdnemJ6bVV5OHpkZ1FtMERIZm81ODQyTXdDX2dZS1J4SUxZYlJrOFBBRDVMcU10SEZpcjJNb01vcWJRX0RWdDNDX19n?oc=5,roubo,100
"Suspeito é preso com ecstasy, cocaína e 5 litros de loló em Angra dos Reis",2026-06-18T11:22:06+00:00,RJ / Volta Redonda,https://g1.globo.com/rj/sul-do-rio-costa-verde/noticia/2026/06/18/suspeito-e-preso-com-ecstasy-cocaina-e-5-litros-de-lolo-em-angra-dos-reis.ghtml,trafico,95
Adolescente de 14 anos encontrada morta no PR: família contesta emboscada e diz que vítima saiu para ajudar suspeito,2026-06-18T11:16:52+00:00,PR / Curitiba,https://g1.globo.com/pr/oeste-sudoeste/noticia/2026/06/18/familia-contesta-versao-de-emboscada.ghtml,homicidio,100
'Tribunais do crime': operação contra PCC prende suspeitos em Salto - band.com.br,2026-06-18T11:16:47+00:00,SP / Sorocaba,https://news.google.com/rss/articles/CBMi1gFBVV95cUxPemxCVGI4TFNxWnE4Z2xWVFduaFNreUtJTE13WU56WnVaaDJqWUNIbDh2RVhiVG02RW9qMmJJbkhLTXpXdEhYenE0TGM3RXlSQm9ndGZGOVFCTU9YV1JmWUZScWlvT3RVOXZ1RHVsODFRZkpuYnJQdEF5cjQwUXM2cV9yVVhfZDFUcXBpR1NhSF9oV05HMFV5SXNQNzhLUnRuU09GdFlhREhsOVpMWG43OU0zb0dwalRiaWE0Z0ZaRTVDMGdqX3JiVkI0ZFZBVnFsMDhMVUVn?oc=5,policia,95
Operação Cerco Fechado: 5ª fase prende suspeitos de cometer crimes em Maceió e no interior de AL,2026-06-18T11:15:33+00:00,AL / Maceió,https://g1.globo.com/al/alagoas/noticia/2026/06/18/operacao-cerco-fechado-5a-fase-prende-suspeitos-de-cometer-crimes-em-maceio-e-no-interior-de-al.ghtml,policia,95
Homem vai à delegacia pedir certidão de antecedentes e acaba preso no RS,2026-06-18T11:14:38+00:00,RS / Porto Alegre,https://g1.globo.com/rs/rio-grande-do-sul/noticia/2026/06/18/homem-vai-a-delegacia-pedir-certidao-de-antecedentes-e-acaba-preso-no-rs.ghtml,policia,85
Trio entra por engano com carro roubado em batalhão da PM e acaba detido no ES,2026-06-18T11:10:22+00:00,ES / Vitória,https://g1.globo.com/es/espirito-santo/noticia/2026/06/18/trio-entra-por-engano-com-carro-roubado-em-batalhao-da-pm-e-acaba-detido-no-es.ghtml,veiculo,95
PMs acusados de matar empresário a tiros de fuzil vão a júri após cinco adiamentos,2026-06-18T11:08:05+00:00,SP / Sorocaba,https://g1.globo.com/sp/sorocaba-jundiai/noticia/2026/06/18/pms-acusados-de-matar-empresario-a-tiros-de-fuzil-vao-a-juri-apos-cinco-adiamentos.ghtml,homicidio,95
VÍDEO: Ônibus escolar pega fogo no bairro Luizote de Freitas em Uberlândia,2026-06-18T11:07:14+00:00,MG / Uberlândia,https://g1.globo.com/mg/triangulo-mineiro/noticia/2026/06/18/video-onibus-escolar-pega-fogo-no-bairro-luizote-de-freitas-em-uberlandia.ghtml,veiculo,85
Filho é preso suspeito de esfaquear o pai de 77 anos no DF,2026-06-18T10:56:44+00:00,DF / Brasília,https://g1.globo.com/df/distrito-federal/noticia/2026/06/18/filho-e-preso-suspeito-de-esfaquear-o-pai-de-77-anos-no-df.ghtml,violencia,85
"Homem é socorrido em estado grave em incêndio em casa no bairro Ipiranga, em Juiz de Fora",2026-06-18T10:55:57+00:00,MG / Juiz de Fora,https://g1.globo.com/mg/zona-da-mata/noticia/2026/06/18/homem-tem-100percent-do-corpo-queimado-em-incendio-em-casa-no-bairro-ipiranga-em-juiz-de-fora.ghtml,violencia,80
Conselheiro tutelar de Maceió é afastado do cargo após adolescente denunciar abuso sexual,2026-06-18T10:50:29+00:00,AL / Maceió,https://g1.globo.com/al/alagoas/noticia/2026/06/18/conselheiro-tutelar-de-maceio-e-afastado-do-cargo-apos-adolescente-denunciar-abuso-sexual.ghtml,estupro,95
Motorista de aplicativo é esfaqueado no pescoço e pula de carro em movimento durante assalto em Blumenau - Jornal de Pomerode,2026-06-18T10:47:16+00:00,SC / Blumenau,https://news.google.com/rss/articles/CBMi2AFBVV95cUxOeHpRdWxlU0p3V09FMExLeTgyTlhzdTNfbXJwMDR1UDVPZEdLMkxvU1E3OXlQUEtJTUVYSV8weEprLUl6YlVadkljbUZjOXlaWTNDaUJ6d2p1cHlzZTZheEU1c2hiTFJZV1Qzb0NpMUNDdlpPTF9TMjFaY01wYVRaNHNBVUhIRmVPVkxiY2xxeWN6WUIyYm5SaWJ3WkpRZ3llejlnS2poT2l6ZVV2S0phaHhfU3F3SjJnN0pfWG8zVE1OY0o5aGc1Y1E2R1o0SDBCTExwTFVrUzQ?oc=5,roubo,100
Operação policial desarticula grupo suspeito de lavagem de dinheiro e apreende veículos de luxo,2026-06-18T10:45:48+00:00,SE / Aracaju,https://g1.globo.com/se/sergipe/noticia/2026/06/18/policia-civil-desarticula-grupo-suspeito-de-lavagem-de-dinheiro-e-apreende-carros-de-luxo-em-sergipe.ghtml,policia,95
Justiça suspende contrato de R$ 304 milhões com estatal e parceria com empresa para expansão de IA Contra o Crime,2026-06-18T10:41:27+00:00,GO / Goiânia,https://g1.globo.com/go/goias/noticia/2026/06/18/justica-suspende-parceria-entre-empresa-estatal-e-a-paladium-para-o-ia-contra-o-crime.ghtml,fraude,90
Idoso fica gravemente ferido após ser atropelado por motorista sem CNH em BH; VÍDEO,2026-06-18T10:36:55+00:00,MG / Belo Horizonte,https://g1.globo.com/mg/minas-gerais/noticia/2026/06/18/idoso-fica-gravemente-ferido-apos-ser-atropelado-por-motorista-sem-cnh-em-bh-video.ghtml,veiculo,95
"Fotografias de corpos contestam versão policial sobre emboscada que matou quatro homens após cobrança de dívida, diz advogada",2026-06-18T10:34:06+00:00,PR / Curitiba,https://g1.globo.com/sp/sao-jose-do-rio-preto-aracatuba/noticia/2026/06/18/fotografias-de-corpos-contestam-versao-policial-sobre-emboscada-que-matou-quatro-homens-apos-cobranca-de-divida-diz-advogada.ghtml,homicidio,100
"Fotografias de corpos contestam versão policial sobre emboscada que matou quatro homens após cobrança de dívida, diz advogada - G1",2026-06-18T10:34:06+00:00,SP / São José do Rio Preto,https://news.google.com/rss/articles/CBMirgJBVV95cUxQMmNfZFhZQ3NLWTlGbF9nTGdweWZZN3diTG5IRzdQMmFwU2w3TmdvaXdRYUVMT2g5V0RXVnBrZ0ZlVjlTN0RKRnMtd0pma0dwRWpuQ0tVZldaZU4wQ3hYN3BpTGlJWTdTYXFXWUZBYVZmUW5RRFZ4N0hCc05aNzhXQ3hPS3VhdUN4bDVUVlh3eHV3MmFVNEdjSE41Q043c0QxSzlTaXBKUWhWWXo4Um03XzBFSVpKd1VnMjREaEhQSHF1NGJCNUtyQ01wMEgwYlhOY3VRelhHMGh2V2JzaGwzLWlyVlZ4RzFTVkZJVWhoYW5iSnFKN19YSjBiNHcyYkpmN0YyclNEdC1TbWEtY1VIenM1SEh2eUlDSmFTbHNMZDBtTVJOekdvZjJhcUpOQdIBvAJBVV95cUxNajRCTElzVGpQVFdMYXVKRmMxZk9uRW5hQ1V4ZVZFOEE4Z0lxXzFWTVNWRWt1UFdtRG5RTXhKTnk1eW1MeDBZM0h1NUVSNE1zd2FxbjduMDhfRUdZeEJMVW5WM2NKNW1wdkNGV01wS0JMLXhjS2Rfd0dha1VfQWlTbElOMVY4ejVOdFRzRlVfSGprXzNuaTRHeS1ybXBNWVJacnF3QmhzWWFOZEZyR3ZFYXg0b0ppbmJKMkJSTzhELWNzWEJOWFE0aHctRjBHbDJYV1NiOWtRYWw5Q2pTRHByVHNiX0ZvYTVfT0M0SmM1QnhCdlcxOEhyRjRPMWRvSFhFSzd0cHI1aFRaNXQ1dUI4alI2TnUxVzFhREF6MFNQNG9DVklTTjNDbTFjWEl3UU1meXFMREJuektOckRV?oc=5,homicidio,100
"Quem é Augusto Lima, dono do Banco Pleno, ex-sócio de Daniel Vorcaro, alvo da PF e ligado a petistas da Bahia",2026-06-18T10:33:30+00:00,SP / São Paulo / Jardins,https://g1.globo.com/sp/sao-paulo/noticia/2026/06/18/quem-e-augusto-lima-dono-do-banco-pleno-e-ex-socio-de-daniel-vorcaro-alvo-da-policia-federal-e-ligado-a-petistas-da-bahia.ghtml,fraude,85
Forte neblina: motoristas enfrentam baixa visibilidade em rodovias do RS,2026-06-18T10:31:42+00:00,RS / Porto Alegre,https://g1.globo.com/rs/rio-grande-do-sul/noticia/2026/06/18/forte-neblina-motoristas-enfrentam-baixa-visibilidade-em-rodovias-do-rs.ghtml,outros,100
"Polícia Civil faz operação para retirar câmeras de monitoramento usadas por facções, na Grande João Pessoa",2026-06-18T10:30:04+00:00,PB / João Pessoa,https://g1.globo.com/pb/paraiba/noticia/2026/06/18/policia-civil-deflagra-operacao-para-retirar-cameras-de-monitoramento-usadas-por-faccoes-na-grande-joao-pessoa.ghtml,policia,95
Multinacional do setor de alimentos abre vagas de emprego em Poços de Caldas,2026-06-18T10:29:43+00:00,MG / Pouso Alegre,https://g1.globo.com/mg/sul-de-minas/noticia/2026/06/18/empregos-sul-de-minas-junho.ghtml,outros,100
Rodeios são cancelados em cidades do Sul de MG por baixa procura e ajuste fiscal,2026-06-18T10:29:32+00:00,MG / Pouso Alegre,https://g1.globo.com/mg/sul-de-minas/noticia/2026/06/18/rodeios-sao-cancelados-em-cidades-do-sul-de-mg-por-baixa-procura-e-ajuste-fiscal.ghtml,outros,100
PF e MPF fazem nova fase de operação contra grupo suspeito de espionar investigações em BH,2026-06-18T10:27:25+00:00,MG / Belo Horizonte,https://g1.globo.com/mg/minas-gerais/noticia/2026/06/18/pf-e-mpf-fazem-nova-fase-de-operacao-contra-grupo-suspeito-de-espionar-investigacoes-em-bh.ghtml,policia,100
Deputado estadual Val Ceasa é alvo de buscas em operação contra ligação de agentes públicos com o TCP,2026-06-18T10:13:05+00:00,RJ / Rio de Janeiro,https://g1.globo.com/rj/rio-de-janeiro/noticia/2026/06/18/operacao-do-mprj-suspeita-de-ligacao-com-faccao-criminosa.ghtml,policia,95
"Motorista é detido com carga de medicamentos ilegais e perfumes na Via Dutra, em Barra Mansa",2026-06-18T10:08:17+00:00,RJ / Volta Redonda,https://g1.globo.com/rj/sul-do-rio-costa-verde/noticia/2026/06/18/motorista-e-preso-com-carga-de-medicamentos-ilegais-e-perfumes-na-via-dutra-em-barra-mansa.ghtml,fraude,85
Polícia investiga ossada humana encontrada por estudantes em Porto Alegre,2026-06-18T10:07:16+00:00,RS / Porto Alegre,https://g1.globo.com/rs/rio-grande-do-sul/noticia/2026/06/18/policia-investiga-ossada-humana-encontrada-por-estudantes-em-porto-alegre.ghtml,homicidio,100
Mulher quebra vidro de escritório da Corsan; companhia diz que ela não é cliente,2026-06-18T10:02:00+00:00,RS / Porto Alegre,https://g1.globo.com/rs/rio-grande-do-sul/noticia/2026/06/18/mulher-quebra-vidro-de-escritorio-da-corsan-companhia-diz-que-ela-nao-e-cliente.ghtml,outros,90
Suspeito é baleado após tentativa de assalto na zona leste - Tarobá,2026-06-18T10:00:00+00:00,PR / Londrina,https://news.google.com/rss/articles/CBMinAFBVV95cUxQcHhmNnBWNmpaN3gyd2FQbFVER2o3aFdBVkNqUXVOSUxlWjVNMFVVd2xabzc0aWMtczdKNkhvUFp5bnhBdDFiRTVkXzV4VW1HT2pMU3A5Z1ZkSGxFeTRnRWQ1a0FkeWxLQjBVY09YM0dvcF91QloyeGdRSV81ZnBfNnF0MDJnVVVLdXRfYTNJMHBmZ1d6dWQyT3VGUEM?oc=5,roubo,95
"Operação contra Comando Vermelho prende 28 pessoas, apreende mais de 60 veículos e pede bloqueio de R$ 1 bilhão",2026-06-18T09:55:21+00:00,CE / Fortaleza,https://g1.globo.com/ce/ceara/noticia/2026/06/18/operacao-prende-mais-de-30-membros-do-comando-vermelho-em-cinco-estados.ghtml,policia,95
"Menina foi encontrada morta a cerca de 2 quilômetros da casa em que vivia em fazenda, diz polícia",2026-06-18T09:53:14+00:00,GO / Goiânia,https://g1.globo.com/go/goias/noticia/2026/06/18/menina-foi-encontrada-morta-a-mais-de-2-quilometros-da-casa-em-que-vivia-em-fazenda-diz-policia.ghtml,homicidio,95
Aproximação entre Lua e outros planetas chama atenção no céu em Goiás; vídeo,2026-06-18T09:49:25+00:00,GO / Goiânia,https://g1.globo.com/go/goias/noticia/2026/06/18/encontro-entre-lua-e-outros-planetas-chama-atencao-no-ceu-em-goias-veja.ghtml,outros,100
"Dois homens são mortos após ataque a tiros, em João Pessoa",2026-06-18T09:42:55+00:00,PB / João Pessoa,https://g1.globo.com/pb/paraiba/noticia/2026/06/18/dois-homens-sao-mortos-apos-ataque-a-tiros-em-joao-pessoa.ghtml,homicidio,100
Piauí tem cinco editais com mais de 1 mil vagas e inscrições abertas nesta quinta-feira (18),2026-06-18T09:35:16+00:00,PI / Teresina,https://g1.globo.com/pi/piaui/trabalho-e-carreira/concursos/noticia/2026/06/18/piaui-editais-vagas-inscricoes-abertas.ghtml,outros,100
"Após descoberta de cemitérios clandestinos, equipes encontram corpos em Rio das Pedras",2026-06-18T09:29:14+00:00,RJ / Rio de Janeiro,https://g1.globo.com/rj/rio-de-janeiro/noticia/2026/06/18/confronto-rio-das-pedras.ghtml,homicidio,95
"Jovem que ficou em estado grave após acidente está 'melhorando aos poucos', diz mãe",2026-06-18T09:00:55+00:00,TO / Palmas,https://g1.globo.com/to/tocantins/noticia/2026/06/18/jovem-que-ficou-em-estado-grave-apos-acidente-esta-melhorando-aos-poucos-diz-mae.ghtml,veiculo,80
Caso Ana Paula: o que se sabe sobre o feminicídio da advogada morta pelo ex-marido em MG,2026-06-18T09:00:20+00:00,MG / Governador Valadares,https://g1.globo.com/mg/vales-mg/noticia/2026/06/18/caso-ana-paula-o-que-se-sabe-sobre-o-feminicidio-da-advogada-morta-pelo-ex-marido-em-mg.ghtml,homicidio,100
Caso Ana Paula: o que se sabe sobre o feminicídio da advogada morta pelo ex-marido em MG - G1,2026-06-18T09:00:20+00:00,MG / Governador Valadares,https://news.google.com/rss/articles/CBMi3gFBVV95cUxOcGNiUlJfVTM0UVVZalJNckd4UFM3LUNiTVJVdmRhTUR3emVhaF9XZ05sT1Y1Vmhld01zWW1qYmI4VDBuODdYQmcwUzlQYlBHQmk5Vm93VFBDODJldzNCZHdmODZkUHhHRnFLREVPbjhlYzF6am55dlZkTXFCRVV3X3BNelZ3dXV2OVdaNFFvSFlpbGs0NDNEaENYQ19yOXBMV0NOb0g1Nl9IN2VDOXZxOHhEUTAteGcxUE5TRFZnVkNxb1VkM1BEbXAxcTI0TjNtZ0R1NExqcVdtaFlOa3fSAewBQVVfeXFMTnF0bEhvXzNoTnlCX1R1MzN6NjZFMlVuOFc1TjdrOGdEX3VZSXFUY29tS3RoMVRRaEg1cC15NXZnZV9VVk9mLV9wSGJwdWk2TTVCeEViOTFzSnh5aDJxX21GZlNIWGp5eTh6MEY0azNUNk0ydzRyNGgycWk2Mkh4Z1FnVVlFTW5RSVMzaW1xdTZhZjR3Mi15dmxiWkp3dXFnUzV3QzJoYXFGaUZ1bTFaUEtnWmJ6LXVmQnlzZUxfLW02STRKcHMxWHRVRGcwTUJOT1B5NEJkanpJR0VtQ0xkdkRUbVBVbVpIdDZQd2Q?oc=5,homicidio,100
"Governo do Amazonas atrasa repasses e médicos de SPAs de Manaus aguardam pagamentos de 2025, diz empresa",2026-06-18T09:00:12+00:00,AM / Manaus,https://g1.globo.com/am/amazonas/noticia/2026/06/18/governo-do-amazonas-atrasa-repasses-e-medicos-de-spas-de-manaus-aguardam-pagamentos-de-2025-diz-empresa.ghtml,outros,85
Jovem negro tenta impedir roubo e passa 74 dias preso injustamente em São Paulo - Agência Pública,2026-06-18T08:18:42+00:00,SP / São Paulo,https://news.google.com/rss/articles/CBMirgFBVV95cUxPYkVBbm1wNWJ6UktMN1BzMDU5OXFLUW53Nk1ZRmNMbjA1NFVpV3JyX2k2SnBOMkVJa0Nxd2oxNWNlT0FuZk5CdE1JOFRMd1EzVGxuSkFLQS00dVBKSVpJeURkSXI5dFQxNTNSSHlBR3JodnVUMGlDTnlxM2VzN0hSek9PdkFISDFSMWFfQ3gxZXpuRFlQWmVfdWJuZWtOMUpqWl8zS3pKSGdXUHBZU0HSAbMBQVVfeXFMT3BLdE1rMG41alpMa3VGdmVsZG9uZEY2UUExUjRtbUQtTkFLbi1iS1c3RnRsUWRrVWtTcHhIZm82WkIwUHMtNXpGb3VCSHdONTUwNElJRjZxM1MyRDdrR0JUdUNNbVlZam1ndFQtSFFWaUhZTHA1ZmY3UDRjckxrYlZUem5Reld6SW5yWVdoNWdoNFpNdW1hYTYtOTVERzdvME80MDRMQWNEWEpZUmk5Nk5PT0k?oc=5,policia,90
Vice-prefeita acusada de desviar R$ 41 mil para amarração amorosa pode perder cargo e ficar inelegível; entenda,2026-06-18T08:12:32+00:00,SP / Santos,https://g1.globo.com/sp/santos-regiao/noticia/2026/06/18/vice-prefeita-acusada-de-desviar-r-41-mil-para-amarracao-amorosa-pode-perder-cargo-e-ficar-inelegivel-entenda.ghtml,fraude,100
Viúva de campeão de vaquejada relembra planos do casal e cobra prisão do suspeito de homicídio: 'Mudou minha vida totalmente',2026-06-18T08:04:13+00:00,CE / Fortaleza,https://g1.globo.com/ce/ceara/noticia/2026/06/18/viuva-de-campeao-de-vaquejada-relembra-planos-do-casal-e-cobra-prisao-do-suspeito-de-homicidio-mudou-minha-vida-totalmente.ghtml,homicidio,100
"Homem é preso suspeito de aplicar golpe de mais de R$ 1,1 milhão com falsos investimentos em Porto Alegre",2026-06-18T08:02:05+00:00,RS / Porto Alegre,https://g1.globo.com/rs/rio-grande-do-sul/noticia/2026/06/18/homem-preso-suspeito-aplicar-golpe-r-11-milhao-falsos-investimentos-porto-alegre.ghtml,fraude,95
"Ameaçado de extinção, surdo e desajustado: conheça sapinho-pingo-de-ouro que mede 1 cm encontrado no ES",2026-06-18T07:02:00+00:00,ES / Vitória,https://g1.globo.com/es/espirito-santo/sul-es/noticia/2026/06/18/ameacado-de-extincao-surdo-e-desajustado-conheca-sapinho-pingo-de-ouro-que-mede-1-cm-encontrado-no-es.ghtml,outros,100
De lesão corporal e dano: veja crimes pelos quais convidada que foi filmada destruindo decoração de festa é suspeita,2026-06-18T07:00:41+00:00,GO / Goiânia,https://g1.globo.com/go/goias/noticia/2026/06/18/de-lesao-corporal-e-dano-veja-crimes-pelos-quais-convidada-que-foi-filmada-destruindo-decoracao-de-festa-e-suspeita.ghtml,violencia,90
Adolescente vítima de estupro coletivo na Grande BH: o que se sabe sobre o caso,2026-06-18T07:00:14+00:00,MG / Belo Horizonte,https://g1.globo.com/mg/minas-gerais/noticia/2026/06/18/adolescente-vitima-de-estupro-coletivo-na-grande-bh-o-que-se-sabe-sobre-o-caso.ghtml,estupro,100
Pais são multados em quase R$ 1 milhão por não vacinar os três filhos em SC,2026-06-18T06:00:08+00:00,SC / Florianópolis,https://g1.globo.com/sc/santa-catarina/noticia/2026/06/18/pais-multados-r-1-milhao-nao-vacinar-tres-filhos-sc.ghtml,menor,85
Pai de jovem atacada no Metrô de SP critica suspeito solto: 'Estão esperando ele matar alguém?',2026-06-18T05:00:23+00:00,SP / São Paulo / Parada Inglesa,https://g1.globo.com/sp/sao-paulo/noticia/2026/06/18/pai-de-jovem-atacada-no-metro-de-sp-critica-suspeito-solto-estao-esperando-matar-alguem.ghtml,violencia,90
Aves silvestres exóticas famosas pela 'dança dos grous' são resgatadas do tráfico e ganham lar em zoo no RS; conheça a espécie,2026-06-18T05:00:14+00:00,RS / Porto Alegre,https://g1.globo.com/rs/rio-grande-do-sul/noticia/2026/06/18/aves-silvestres-exoticas-famosas-danca-grous-resgatadas-trafico-internacional-zoo-rs-conheca-especie.ghtml,trafico,95
'Acaba com isso logo': genro que confessou ter matado sogra a facadas descreve o que pensou antes do crime; VÍDEO,2026-06-18T05:00:13+00:00,SP / Ribeirão Preto,https://g1.globo.com/sp/ribeirao-preto-franca/noticia/2026/06/18/acaba-com-isso-logo-genro-que-confessou-ter-matado-sogra-a-facadas-descreve-o-que-pensou-antes-do-crime-video.ghtml,homicidio,100
Do registro do sumiço até corpo ser achado: veja a cronologia após o desaparecimento de menina em fazenda de Goiás,2026-06-18T03:01:15+00:00,GO / Goiânia,https://g1.globo.com/go/goias/noticia/2026/06/18/do-registro-do-sumico-ate-corpo-ser-achado-veja-a-cronologia-apos-o-desaparecimento-de-menina-em-fazenda-de-goias.ghtml,homicidio,100
'Mamãe Noel' acusada de matar 'Papai Noel' horas após entrega de presentes vai a júri popular em SC,2026-06-18T03:01:08+00:00,SC / Florianópolis,https://g1.globo.com/sc/santa-catarina/noticia/2026/06/18/mamae-noel-acusada-matar-papai-noel-horas-juri-popular-sc.ghtml,homicidio,100
"'Vou matar ele', diz PM antes de atirar em homem que se rendia após briga de trânsito",2026-06-18T03:00:51+00:00,SP / São Paulo / Jardim Pirituba,https://g1.globo.com/sp/sao-paulo/noticia/2026/06/18/vou-matar-ele-diz-pm-antes-de-atirar-em-homem-que-se-rendia-apos-briga-de-transito.ghtml,homicidio,95
'Crime da 113 Sul': STJ começa a julgar nesta quinta pedidos do MP do DF para restaurar condenação de Adriana Villela,2026-06-18T03:00:47+00:00,DF / Brasília,https://g1.globo.com/df/distrito-federal/noticia/2026/06/18/crime-da-113-sul-stj-comeca-a-julgar-nesta-quinta-pedidos-do-mp-do-df-para-restaurar-condenacao-de-adriana-vilella.ghtml,homicidio,100
Polícia encontra envelope com foto da casa de criança em táxi utilizado para tentativa de sequestro na Zona Leste de SP,2026-06-18T03:00:38+00:00,SP / São Paulo / Guaianases,https://g1.globo.com/sp/sao-paulo/noticia/2026/06/18/policia-encontra-envelope-com-foto-da-casa-de-crianca-em-taxi-utilizado-para-tentativa-de-sequestro-na-zona-leste-de-sp.ghtml,sequestro,95
Ladrões usam caminhões para furtar rebanhos de gado no RS; crime de abigeato cresceu em 2026,2026-06-18T03:00:36+00:00,RS / Porto Alegre,https://g1.globo.com/rs/rio-grande-do-sul/noticia/2026/06/18/ladroes-usam-caminhoes-para-furtar-rebanhos-de-gado-no-rs-crime-de-abigeato-cresceu-em-2026.ghtml,furto,95
Vítimas de tráfico sexual recebiam uma alimentação por dia e chegavam a trabalhar 14 horas seguidas,2026-06-18T03:00:35+00:00,CE / Fortaleza,https://g1.globo.com/ce/ceara/noticia/2026/06/18/cearenses-vitimas-de-trafico-sexual-recebiam-uma-alimentacao-por-dia-e-chegavam-a-trabalhar-14-horas-seguidas.ghtml,trafico,100
Vídeo: entregador de app reage em tentativa de assalto em Belém - DOL,2026-06-18T02:24:00+00:00,PA / Belém,https://news.google.com/rss/articles/CBMiqAFBVV95cUxQckNBRDNlX2djSDN5cUJISURZaGJKbzZxeXkyVGFYMWZPRTROUkNrYWpXX3pFeXFPOU1OZWxBNFdEczNoNjEwdU4tbEMyNlhfRUxvOWFKYUgtWFNpcmRicnRNQVZnMXR6clVIb0d0NFluSjB0YWxzNE42Ym9HSkZ5NllKLVM4cXA3X0VNOTctUnUzM1RmS0xPOUhnWkNKN2xCbm1HYjMzWHPSAbABQVVfeXFMT3lKVHZ5bGdVSjNWVmc3VGk3aWtvaXNyZDFnTF85b3JvbE1ZSVNMUUpLanI5VW9qMmxRbFdpd1pSVlhfUTAtQk12SVpjUWpwbXdvSUpCOXRtaVliQVdKNk5OSHpzN0lZVnNPb2lUc2paQnB3TnY3emZkblhZeGNvTkZkZW40X2pZT1hmMWZiQzRyZ2lBeWxuNmwxNHpQNm5VOG95RlJsQW8yYkVwZ2R4TkI?oc=5,roubo,100
Encontro em Belém debate sobre os direitos da natureza em meio ao avanço do petróleo na Amazônia,2026-06-18T01:55:02+00:00,PA / Belém,https://g1.globo.com/pa/para/noticia/2026/06/17/encontro-em-belem-debate-sobre-os-direitos-da-natureza-em-meio-ao-avanco-do-petroleo-na-amazonia.ghtml,outros,95
Justiça converte em preventiva prisão de homem suspeito de tentar matar ex-noiva em BH,2026-06-18T01:10:56+00:00,MG / Belo Horizonte,https://g1.globo.com/mg/minas-gerais/noticia/2026/06/17/justica-converte-em-preventiva-prisao-de-homem-suspeito-de-tentar-matar-ex-noiva-em-bh.ghtml,homicidio,95
Jovem procurado por homicídio na Bahia é preso no interior de SP,2026-06-18T00:41:41+00:00,SP / Sorocaba,https://g1.globo.com/sp/sorocaba-jundiai/noticia/2026/06/17/prisao-suspeito-atropela-prf-bahia-preso-em-itatiba.ghtml,homicidio,95
"Polícia Militar apreende drogas na Vila Americana, em Volta Redonda",2026-06-18T00:19:54+00:00,RJ / Volta Redonda,https://g1.globo.com/rj/sul-do-rio-costa-verde/noticia/2026/06/17/policia-militar-apreende-drogas-na-vila-americana-em-volta-redonda.ghtml,policia,100
Caminhão a serviço de concessionária de energia pega fogo em Ananindeua,2026-06-18T00:10:13+00:00,PA / Belém,https://g1.globo.com/pa/para/noticia/2026/06/17/caminhao-a-servico-de-concessionaria-de-energia-pega-fogo-em-ananindeua.ghtml,veiculo,85
Juiz ferido em desabamento de ponte no Acre é transferido para São Paulo de UTI aérea,2026-06-18T00:04:52+00:00,AC / São Paulo,https://g1.globo.com/ac/acre/noticia/2026/06/17/juiz-ferido-em-desabamento-de-ponte-no-ac-deve-ser-transferido-para-sp-de-uti-aerea.ghtml,outros,95
Moradores reclamam da falta de obras em Manaus apesar de quase R$ 800 milhões de verba para infraestrutura,2026-06-18T00:00:17+00:00,AM / Manaus,https://g1.globo.com/am/amazonas/noticia/2026/06/17/moradores-reclamam-da-falta-de-obras-em-manaus-apesar-de-quase-r-800-milhoes-de-verba-para-infraestrutura.ghtml,fraude,75
"Criança é transferida de helicóptero para Porto Velho após engasgar com ovo de codorna em Guajará-Mirim, RO",2026-06-18T00:00:12+00:00,RO / Porto Velho,https://g1.globo.com/ro/rondonia/noticia/2026/06/17/crianca-e-transferida-de-helicoptero-para-porto-velho-apos-engasgar-com-ovo-de-codorna-em-guajara-mirim-ro.ghtml,outros,100
Suspeito de roubo em restaurante é preso em Maceió - TNH1,2026-06-17T23:59:06+00:00,AL / Maceió,https://news.google.com/rss/articles/CBMipAFBVV95cUxOdHpieE9GYUEzalo0dC00N0NKLXJYaVBIMEUxSE1GMWhRY01sRS1sTVZfV2JlcG5TQ2tDN0NhWTJDRTBtRkFfQTFGemQxdzVFM3VjMkR0QmhoVmlwYWtXS0EyTHNGQTNrcllTLXlua3ZCdWpSYVdfeWI0UFl3VWNwNnQ4dnZ1czdMUlBFRlIzR243SHZlekVoMDU0Y2lxZHhlTU56Zw?oc=5,roubo,95
Médicos que atenderam grávida morta após procurar hospital por quatro vezes em SC são indiciados,2026-06-17T23:50:15+00:00,SC / Florianópolis,https://g1.globo.com/sc/santa-catarina/noticia/2026/06/17/medicos-gravida-morta-procurar-hospital-quatro-vezes-indiciados.ghtml,homicidio,100
Consórcio é multado em R$ 489 mil por irregularidades em contrato do Ganha Tempo,2026-06-17T23:40:49+00:00,MT / Cuiabá,https://g1.globo.com/mt/mato-grosso/noticia/2026/06/17/consorcio-e-multado-em-r-489-mil-por-irregularidades-em-contrato-do-ganha-tempo.ghtml,fraude,95
Suspeito de integrar quadrilha é preso após polícia recuperar carga de televisões avaliada em R$ 715 mil,2026-06-17T23:37:43+00:00,SP / Santos,https://g1.globo.com/sp/santos-regiao/noticia/2026/06/17/suspeito-de-integrar-quadrilha-e-preso-apos-policia-recuperar-carga-de-televisoes-avaliada-em-r-715-mil.ghtml,policia,90
Advogada criminalista é encontrada morta em estacionamento de Governador Valadares - Gazeta De Varginha,2026-06-17T23:30:56+00:00,MG / Governador Valadares,https://news.google.com/rss/articles/CBMixwFBVV95cUxQdGk2TTY2YnN5RkRYQlBpX21kYjNhZ25STkYyV28tcUNSb2cxV2xJUERaNDkxTDd6c25qS2RtV1hFNUVBUVpDZGI4MUhDVm8xcjB0NlJDeWFZbFNkZG5KR3U4YWN0bU9PeWI0X2RQcTVIWWl3NklGSDIyQTdrakhkM3JlVS1fMnZvOWlRdHV4U1p3LUpmXzVWMkp6akRGejhYVTBPakZDV3FLZS1YNHlrX3Y0bGE1VXJOQ1JaMFUtRGUtVmlWUF8w?oc=5,homicidio,100
Procurado pela Justiça do Piauí morto em operação da PM em SP morreu no dia em que completava aniversário,2026-06-17T23:27:17+00:00,PI / Teresina,https://g1.globo.com/pi/piaui/noticia/2026/06/17/procurado-morto-operacao-sp-aniversario.ghtml,homicidio,90
"Adolescente de 14 anos encontrada morta no PR: amigo da vítima é preso e confessa crime, diz delegado",2026-06-17T23:23:43+00:00,PR / Curitiba,https://g1.globo.com/pr/oeste-sudoeste/noticia/2026/06/17/adolescente-de-14-anos-encontrada-morta-no-pr-amigo-da-vitima-e-preso-e-confessa-crime-diz-delegado.ghtml,homicidio,100
"PRF faz maior apreensão de fuzis da história do órgão ao encontrar armas em cabine de caminhão com carga de insumos para ração, no Paraná",2026-06-17T23:20:56+00:00,PR / Curitiba,https://g1.globo.com/pr/oeste-sudoeste/noticia/2026/06/17/apreensao-fuzis-prf-pr.ghtml,policia,95
Mulher morre em acidente entre carro e caminhonete na BR-116,2026-06-17T23:19:35+00:00,MG / Governador Valadares,https://g1.globo.com/mg/vales-mg/noticia/2026/06/17/mulher-morre-em-acidente-entre-carro-e-caminhonete-na-br-116.ghtml,homicidio,90
Vídeo: suspeito de roubo de joias em restaurante de Maceió é preso - Jornal Extra de Alagoas,2026-06-17T23:17:00+00:00,AL / Maceió,https://news.google.com/rss/articles/CBMiwgFBVV95cUxOUkNTcTFrNU9YY2VjbmZCd0gtMzZxMXJOdjY2NmdmZmdpQk83Ul9EeHJZS2NZMGUwR3dfclo3ZTlLQlNENGhUSjVnTHFMZEtHWG5lT01KSjdlZGhDQ3hKSDNJOF9JSWNLU01USXVHUk1KaVktTW9MQVBTSVlMMUVlUGRJdERrQ09nN0lEWFlTSEV3NUdDQk4tdXV4MXpGdU9QY1NIS29oc3BWVW5xX1RrVU1Rbmc1aHVCc0d6TTlaT21Pdw?oc=5,policia,90
Motorista de aplicativo é esfaqueado durante corrida em Santo Antônio de Pádua,2026-06-17T23:16:17+00:00,RJ / Campos dos Goytacazes,https://g1.globo.com/rj/norte-fluminense/noticia/2026/06/17/motorista-de-aplicativo-e-esfaqueado-durante-corrida-em-santo-antonio-de-padua.ghtml,violencia,95
Mulher é presa por maus-tratos contra dois cães em Resende,2026-06-17T23:16:05+00:00,RJ / Volta Redonda,https://g1.globo.com/rj/sul-do-rio-costa-verde/noticia/2026/06/17/mulher-e-presa-por-maus-tratos-a-dois-caes-em-resende.ghtml,outros,90
"Vazamento de gás pode ter causado explosão de carro que matou homem em Sapé, na PB, afirma Corpo de Bombeiros",2026-06-17T23:14:50+00:00,PB / João Pessoa,https://g1.globo.com/pb/paraiba/noticia/2026/06/17/vazamento-de-gas-pode-ter-causado-explosao-de-carro-que-matou-homem-em-sape-na-pb-afirma-corpo-de-bombeiros.ghtml,outros,95
Atendente de farmácia reage a assalto com banquinho em Londrina - Tarobá,2026-06-17T23:03:00+00:00,PR / Londrina,https://news.google.com/rss/articles/CBMiowFBVV95cUxPamlGSmVTVUtHOXNwTUx0ajNLOUQ3RUFSUm5nNlN3Wkhqa2t5Q3JmUG41SEJpb0pyUExXNXlVS0E4ZExTQWpIb2ZIdWc1d0JmQVZ6US1fdnBRbUI3Nk4xR0RtbERZVTRNVzlDZGpQTjR2R2ZyVUU5MFdMZ0lZY0hQU1NTN0JaeXlGS19hTDN4MEhrSGR2SW5CQmJJaGdlUG5OaTVv?oc=5,roubo,95
"Pai e madrasta são condenados a mais de 300 anos de prisão cada por impor metas de produção de conteúdo sexual a adolescentes, no Paraná",2026-06-17T22:56:47+00:00,PR / Curitiba,https://g1.globo.com/pr/parana/noticia/2026/06/17/pai-e-madrasta-sao-condenados-a-mais-de-300-anos-de-prisao-parana.ghtml,estupro,100
Polícia investiga se energia foi religada durante manutenção em que trabalhador foi eletrocutado no AM,2026-06-17T22:56:40+00:00,AM / Manaus,https://g1.globo.com/am/amazonas/noticia/2026/06/17/policia-investiga-se-energia-foi-religada-durante-manutencao-em-que-trabalhador-foi-eletrocutado-no-am.ghtml,outros,90
"Roubos de rua caem ao menor nível em 20 anos no RJ, mas roubos de veículos aumentam 23%, diz ISP",2026-06-17T22:55:17+00:00,RJ / Rio de Janeiro,https://g1.globo.com/rj/rio-de-janeiro/noticia/2026/06/17/levantamento-isp-maio.ghtml,roubo,95
"Motorista de aplicativo morto na Zona Norte do Rio deixa filha de 5 anos: 'Família dilacerada', lamenta primo",2026-06-17T22:54:59+00:00,RJ / Rio de Janeiro,https://g1.globo.com/rj/rio-de-janeiro/noticia/2026/06/17/despedida-motorista-app-morto-na-zona-norte-do-rio.ghtml,homicidio,100
Pesquisa aponta que cuidados com a casa e a família impactam emprego de mulheres no AC: 'Cobrada desde cedo',2026-06-17T22:52:53+00:00,AC / Rio Branco,https://g1.globo.com/ac/acre/noticia/2026/06/17/pesquisa-aponta-que-cuidados-com-a-casa-e-a-familia-impacta-emprego-de-mulheres-no-ac-cobrada-desde-cedo.ghtml,outros,100
Caminhoneiro paga fiança e é liberado após acidente que matou 6 pessoas na BR-010 no Pará,2026-06-17T22:50:29+00:00,PA / Belém,https://g1.globo.com/pa/para/noticia/2026/06/17/caminhoneiro-paga-fianca-e-e-liberado-apos-acidente-que-matou-6-pessoas-na-br-010-no-para.ghtml,homicidio,95
Trio é preso e máquinas caça-níqueis  são apreendidas durante operação contra jogos de azar em Cerquilho,2026-06-17T22:49:02+00:00,SP / Itapetininga,https://g1.globo.com/sp/itapetininga-regiao/noticia/2026/06/17/trio-e-preso-e-maquinas-caca-niqueis-sao-apreendidas-durante-operacao-contra-jogos-de-azar-em-cerquilho.ghtml,policia,95
"'Cascata de nuvens': entenda o fenômeno que cobriu a Serra do Curral, em BH",2026-06-17T22:47:52+00:00,MG / Belo Horizonte,https://g1.globo.com/mg/minas-gerais/noticia/2026/06/17/cascata-de-nuvens-entenda-o-fenomeno-que-cobriu-a-serra-do-curral-em-bh.ghtml,outros,70
Policial militar morre após ser baleado durante assalto enquanto pedalava na Zona Leste de SP,2026-06-17T22:47:02+00:00,SP / São Paulo / Parque Jacuí,https://g1.globo.com/sp/sao-paulo/noticia/2026/06/17/policial-militar-morre-apos-ser-baleado-durante-assalto-enquanto-pedalava-na-zona-leste-de-sp.ghtml,homicidio,100
"Mulher morre após ser atropelada por moto na Avenida Epitácio Pessoa, em João Pessoa",2026-06-17T22:46:27+00:00,PB / João Pessoa,https://g1.globo.com/pb/paraiba/noticia/2026/06/17/mulher-morre-atropelada-por-uma-moto-na-avenida-epitacio-pessoa-em-joao-pessoa.ghtml,homicidio,95
Nova ocupação em área reivindicada por indígenas mobiliza forças de segurança em Amambai,2026-06-17T22:42:26+00:00,MS / Campo Grande,https://g1.globo.com/ms/mato-grosso-do-sul/noticia/2026/06/17/nova-retomada-em-area-reivindicada-por-indigenas-mobiliza-forcas-de-seguranca-em-amambai.ghtml,policia,90
"Homem procurado pela Justiça do Piauí morre após operação da PM em Paraisópolis, na Zona Sul de SP",2026-06-17T22:37:52+00:00,SP / São Paulo / Paraisópolis,https://g1.globo.com/sp/sao-paulo/noticia/2026/06/17/homem-procurado-pela-justica-do-piaui-morre-apos-operacao-da-pm-em-paraisopolis-na-zona-sul-de-sp.ghtml,policia,85
Governo do RJ suspende pagamentos de projeto de R$ 52 milhões por suspeita de desvio de dinheiro público,2026-06-17T22:33:44+00:00,RJ / Rio de Janeiro,https://g1.globo.com/rj/rio-de-janeiro/noticia/2026/06/17/governo-do-rj-suspende-pagamentos-de-projeto-de-r-52-milhoes-por-suspeita-de-desvio-de-dinheiro-publico.ghtml,fraude,100
"Genro confessa que matou sogra a facadas e que agiu para proteger filho de supostos abusos, diz delegado",2026-06-17T22:26:47+00:00,SP / Ribeirão Preto,https://g1.globo.com/sp/ribeirao-preto-franca/noticia/2026/06/17/genro-confessa-que-matou-sogra-a-facadas-e-que-agiu-para-proteger-filho-de-supostos-abusos-diz-delegado.ghtml,homicidio,100
"Farmacêutica é presa após dar vacina vencida para bebê de seis meses em Aparecida de Goiânia, diz polícia",2026-06-17T22:22:33+00:00,GO / Goiânia,https://g1.globo.com/go/goias/noticia/2026/06/17/farmaceutica-e-presa-apos-dar-vacina-vencida-para-bebe-de-seis-meses-em-aparecida-de-goiania-diz-policia.ghtml,fraude,80
Termo de uso para posto para recarga de elétricos no Aterro é revogado pela Prefeitura após denúncia de derrubada de árvores,2026-06-17T22:17:55+00:00,RJ / Rio de Janeiro,https://g1.globo.com/rj/rio-de-janeiro/noticia/2026/06/17/obra-de-posto-para-recarga-de-eletricos-no-aterro-do-flamengo-e-revogada-pela-prefeitura-apos-denuncia-de-derrubada-de-arvores.ghtml,outros,90
"Golpistas estão se passando por promotores de Justiça em e-mails falsos no PI, alerta MP",2026-06-17T22:11:11+00:00,PI / Teresina,https://g1.globo.com/pi/piaui/noticia/2026/06/17/golpistas-alerta-mp.ghtml,fraude,100
"Homem é preso com 2,5 toneladas de cassiterita transportadas ilegalmente em RO",2026-06-17T22:10:25+00:00,RO / Porto Velho,https://g1.globo.com/ro/rondonia/noticia/2026/06/17/homem-e-preso-com-25-toneladas-de-cassiterita-transportadas-ilegalmente-em-ro.ghtml,policia,95
"Bebê de 29 dias engasgada é salva por policiais militares na RJ-216, em Campos",2026-06-17T22:08:29+00:00,RJ / Campos dos Goytacazes,https://g1.globo.com/rj/norte-fluminense/noticia/2026/06/17/bebe-de-29-dias-engasgada-e-salva-por-policiais-militares-na-rj-216-em-campos.ghtml,policia,100
Suspeito de matar ex-companheira foi preso a quase 900 km do local do crime,2026-06-17T22:07:30+00:00,TO / Palmas,https://g1.globo.com/to/tocantins/noticia/2026/06/17/suspeito-de-matar-ex-companheira-foi-preso-a-quase-900-km-do-local-do-crime.ghtml,homicidio,100
"Cobras de R$ 4 mil, ouriços e outros animais exóticos são resgatados em casas em Vila Velha",2026-06-17T22:06:13+00:00,ES / Vitória,https://g1.globo.com/es/espirito-santo/noticia/2026/06/17/animais-exoticos-sao-resgatados-em-casas-em-vila-velha-ouricos-e-cobras-de-r-4-mil-estao-entre-as-especies.ghtml,policia,90
Terceirização das UPAs: Defesa diz que carro de luxo não foi vantagem indevida e cita 'relacionamento pessoal' de servidor e empresária,2026-06-17T22:05:23+00:00,TO / Palmas,https://g1.globo.com/to/tocantins/noticia/2026/06/17/terceirizacao-das-upas-defesa-diz-que-carro-de-luxo-nao-foi-vantagem-indevida-e-cita-relacionamento-pessoal-de-servidor-e-empresaria.ghtml,fraude,100
"Marina Sena participa de gravação em pontos turísticos de Belém, encontra fãs e elogia culinária paraense",2026-06-17T22:03:42+00:00,PA / Belém,https://g1.globo.com/pa/para/noticia/2026/06/17/marina-sena-grava-imagens-em-pontos-turisticos-de-belem-encontra-fas-e-elogia-culinaria-paraense.ghtml,outros,100
Líder religioso suspeito de aplicar golpe em idosa é preso em Sergipe,2026-06-17T22:01:54+00:00,SE / Aracaju,https://g1.globo.com/se/sergipe/noticia/2026/06/17/lider-religioso-suspeito-de-aplicar-golpe-em-idosa-e-preso-em-sergipe.ghtml,fraude,100
Mais de R$ 8 milhões: Fazenda do antigo Cerne é leiloada em Goiânia,2026-06-17T21:56:01+00:00,GO / Goiânia,https://g1.globo.com/go/goias/noticia/2026/06/17/mais-de-r-8-milhoes-fazenda-do-antigo-cerne-e-leiloada-em-goiania.ghtml,fraude,85
Vigilante é preso após pai ser resgatado sobre fezes e insetos em garagem no interior de SP,2026-06-17T21:54:28+00:00,SP / Sorocaba,https://g1.globo.com/sp/sorocaba-jundiai/noticia/2026/06/17/vigilante-preso-jundiai.ghtml,violencia,90
Sete crianças estão sob guarda do Conselho Tutelar há 13 dias após serem encontradas abandonadas em MT,2026-06-17T21:50:01+00:00,MT / Cuiabá,https://g1.globo.com/mt/mato-grosso/noticia/2026/06/17/sete-criancas-estao-sob-guarda-do-conselho-tutelar-ha-13-dias-apos-serem-encontradas-abandonadas-em-mt.ghtml,menor,90
Homem condenado por tentativa de estupro contra vizinha em Teresina é preso,2026-06-17T21:49:21+00:00,PI / Teresina,https://g1.globo.com/pi/piaui/noticia/2026/06/17/coveiro-estupro-preso.ghtml,estupro,100
Cão resgatado com 3 kg de sujeira vence ação contra ex-tutora e deve receber indenização de R$ 7 mil,2026-06-17T21:45:43+00:00,CE / Fortaleza,https://g1.globo.com/ce/ceara/noticia/2026/06/17/cao-resgatado-com-3-kg-de-sujeira-vence-acao-contra-ex-tutora-e-deve-receber-indenizacao-de-r-7-mil.ghtml,outros,95
Adolescentes suspeitos de estupro coletivo de criança são apreendidos no RJ,2026-06-17T21:43:38+00:00,RJ / Rio de Janeiro,https://g1.globo.com/rj/rio-de-janeiro/noticia/2026/06/17/adolescentes-suspeitos-de-estupro-coletivo-de-crianca-sao-apreendidos-no-rj.ghtml,estupro,100
Casal é preso por roubo contra motorista de aplicativo em Curitiba - band.com.br,2026-06-17T21:40:10+00:00,PR / Curitiba,https://news.google.com/rss/articles/CBMiwgFBVV95cUxPWXNDbTM1cERtSVFVa093ZUNTTldIYlJvY0g0dWZYM0hKRl83N204VjJVX3BoUWc5M3JiZ1RrazVTUGN6dGVxSndVTm83TkJJbjFwRmd3N2ZFdEJCWlBMaWZ3THl2b1NYX2tLX0RyRjFuOHllb3pNN3FFZ2hFa3hKMGhBU2dOX1AxZHNMOHYyWXF2NUdWQi1NV25PTmcxTmtYZHBtRnFxbElOWEE1RHVCdXBVV01yVXlvWHZfMDg4Zk1SQQ?oc=5,roubo,95
Vídeo mostra momento que servidor da Sefaz é atropelado por motocicleta na Avenida do CPA,2026-06-17T21:38:59+00:00,MT / Cuiabá,https://g1.globo.com/mt/mato-grosso/noticia/2026/06/17/video-mostra-momento-que-servidor-da-sefaz-e-atropelado-por-motocicleta-na-avenida-do-cpa.ghtml,outros,85
PM é morto ao tentar evitar assalto a coletivo na zona Sul de Porto Alegre - - ASSTBM,2026-06-17T21:37:52+00:00,RS / Porto Alegre,https://news.google.com/rss/articles/CBMingFBVV95cUxNNTR6T3FfemJjbXJadW11N2RjTVJSbUpoaWJZVEd6Uy1NX2xxcERtbzFXN0RRMGJSQ2VocnVSNFI5ZlFKTU9oMU9vQ3FsVmNWNjlIUzZ2cTg3NlREd0FRSXhSXzF0QUp3bUNzMUJsMzYxTlVPbzBlc1gwVnp6WWwtSUFCNjdhWGVvZl9nYVhXbmZYYVFnT010NjhhVFQwdw?oc=5,homicidio,100
Operação da Polícia Civil prende sete pessoas por suspeita de tráfico de drogas em Volta Redonda,2026-06-17T21:25:15+00:00,RJ / Volta Redonda,https://g1.globo.com/rj/sul-do-rio-costa-verde/noticia/2026/06/17/operacao-da-policia-civil-prende-sete-pessoas-por-suspeita-de-trafico-de-drogas-em-volta-redonda.ghtml,policia,95
Vídeo mostra momento em que jovem que teve o maxilar fraturado é agredida no Metrô de SP,2026-06-17T21:24:59+00:00,SP / São Paulo / Parada Inglesa,https://g1.globo.com/sp/sao-paulo/noticia/2026/06/17/video-mostra-momento-em-que-jovem-que-teve-o-maxilar-fraturado-e-agredida-no-metro-de-sp.ghtml,violencia,100
Frigorífico de MG é condenado após trabalhador que saiu da Bahia relatar realidade diferente da prometida,2026-06-17T21:19:29+00:00,MG / Uberlândia,https://g1.globo.com/mg/triangulo-mineiro/noticia/2026/06/17/frigorifico-de-mg-e-condenado-apos-trabalhador-que-saiu-da-bahia-relatar-realidade-diferente-da-prometida.ghtml,fraude,85
Empresa que opera transporte público de Rio Branco cobra pagamento de R$ 30 milhões; RBTrans nega dívida,2026-06-17T21:16:40+00:00,AC / Rio Branco,https://g1.globo.com/ac/acre/noticia/2026/06/17/empresa-que-opera-transporte-publico-de-rio-branco-cobra-pagamento-de-r-30-milhoes-rbtrans-nega-divida.ghtml,fraude,80
Pintor sofre descarga elétrica e é arremessado contra parede após encostar em fiação em Campo Grande,2026-06-17T21:11:29+00:00,MS / Campo Grande,https://g1.globo.com/ms/mato-grosso-do-sul/noticia/2026/06/17/pintor-sofre-descarga-eletrica-e-e-arremessado-contra-parede-apos-encostar-em-fiacao-em-campo-grande.ghtml,outros,90
Suspeito de roubo a restaurante em Maceió é preso durante operação da Polícia Civil - GazetaWeb,2026-06-17T21:11:16+00:00,AL / Maceió,https://news.google.com/rss/articles/CBMizgFBVV95cUxQd2dKUlpSNnhIYXA5M05OWGN4VV9IYVg3MDB6anFkUWlWSEI1eE5XRW1jclRUYThkZjFRQzY4SDRmd0pYbG8ySW95eVQwN2twX0FZMFJ1UGVkaGJMelRJb01MV2g5Y0ROVkp3MURETy10WC1TMXFLNUZTa2ZsYnpYSF83MGplRkllUlZxZ3A4ZFR2WHJad2tUVk1UQkFHVFZiRWFSS1JNaExiSm1HUllOcUFfLWNLUFBOWHJoWHlIQlJPRmdGdnk4aFZtLVBGZ9IB1gFBVV95cUxQSHdDdmU4UTN6VEM3SVVpTjZpMGc5ZFlRNDgtX3hTbzFuN2tKaFBPR2V6N0dqXy1YOXZuZWNiOFVleHBDYkhsd2xVcmI5cjYxNlNycWw4Y3RpLUd1YkZyTS1zWE5UYVNxQ3dNNUFDTGxIZ2ROQWc5Zkhoa0k4UWpOTXA5RlljTGY0ZF94VDAzWjRUV0U1Qi0xLXdwd1hBLWRlZ0xEVXRJWXBVWmFJLWlTUXNjWXYtZjNoQmJ3TUozd0QyWmlLaXJ0VTZCR1gyaXd5RW8xRWtR?oc=5,roubo,95
Suspeito de série de homicídios morre em troca de tiros com a polícia em Santana,2026-06-17T21:07:29+00:00,AP / Macapá,https://g1.globo.com/ap/amapa/noticia/2026/06/17/suspeito-de-serie-de-homicidios-morre-em-troca-de-tiros-com-a-policia-em-santana.ghtml,policia,95
Facções do Rio de Janeiro usam 'jacarés do crime' para intimidar rivais - band.com.br,2026-06-17T21:04:43+00:00,RJ / Rio de Janeiro,https://news.google.com/rss/articles/CBMi1AFBVV95cUxNQzhheExlOWZuemRJVzBKYmloVkNKQkNkWVZnU2NUNnFWVDlDemw0VDJ2NjdKcGdlUjE4ZURCbUpVTGZkR1FfRjhUWm1RZ0tIak9BcUhYdlhNZU5fcDY3ak41VkdfdkR2cTBHZ1RlWW4tU1Z3ckQzNk1pSEV6ME5HYTNVQmg2aWhSWDZRSG1LTm9vRGgwQzVXSlExeG5FcG5iSzhIcG9aTDlZWUtGcWEyYUZHRUJndGpkb1BxNDd0SlpWS3o0TGhJbFl4SkF6N3UzdS11Vw?oc=5,faccao,95
Pantanal apresenta experiência de manejo do fogo em conferência da ONU na Alemanha,2026-06-17T20:56:47+00:00,MS / Campo Grande,https://g1.globo.com/ms/mato-grosso-do-sul/noticia/2026/06/17/pantanal-apresenta-experiencia-de-manejo-do-fogo-em-conferencia-da-onu-na-alemanha.ghtml,outros,100
MPF aciona Justiça Federal para derrubar decreto do Amazonas que reduz área de Reserva Legal,2026-06-17T20:54:45+00:00,AM / Manaus,https://g1.globo.com/am/amazonas/noticia/2026/06/17/mpf-aciona-justica-federal-para-derrubar-decreto-do-amazonas-que-reduz-area-de-reserva-legal.ghtml,outros,90
"Homem morre vítima de tiros no distrito de Ipuaçu, em Feira de Santana - Grupo Lomes de Comunicação",2026-06-17T20:52:00+00:00,BA / Feira de Santana,https://news.google.com/rss/articles/CBMilwFBVV95cUxPWTFROW1pUm5Gd1RhRlp2MS1uNUtweDVjT0xwNG9JeWhMZWpQZW9KYWR5WWRWbnhxdWsyRC1UNjA0Q2lqUkEwN0R5cFk2WDlicFZXc3lkZFJoWjEwQ0UtZlVZUmo3ZDRRWHdtSkoyalVJbkV3NUJSSVhtN3FSZGxIclUxSGZRM1NveUpUa3IwSnV0SlVmNFFJ?oc=5,homicidio,100
Patrões condenados por dopar e estuprar funcionária em sessão de terapia com hipnose são presos,2026-06-17T20:45:46+00:00,CE / Fortaleza,https://g1.globo.com/ce/ceara/noticia/2026/06/17/patroes-condenados-por-dopar-e-estuprar-funcionaria-em-sessao-de-terapia-com-hipnose-sao-presos.ghtml,estupro,100
Justiça determina retirada de tornozeleiras eletrônicas de acusados de matar empresário em Teresina,2026-06-17T20:42:43+00:00,PI / Teresina,https://g1.globo.com/pi/piaui/noticia/2026/06/17/justica-tornozeleiras-acusados-matar-empresario-teresina.ghtml,homicidio,100
Justiça determina retirada de tornozeleiras eletrônicas de acusados de matar empresário em Teresina - G1,2026-06-17T20:42:43+00:00,PI / Teresina,https://news.google.com/rss/articles/CBMisAFBVV95cUxPQndpTzFWRmFIV29Oa2NYLXRROUltNEdVeGU3alFvbzJqMnJqSlNrbk8xT0tIMS1BcjZhWW5jUkFwTy1Wb0FhMzRMVHpvWWtwZGxQNXAyc3g1SHJMUFliWm1EejFtbmpqMGh1SHlqU1NEQ1pXZnF0YkZvaFM3dkdFMXlXVUxsTTktZ1dSQ0RUWUVWZzR2V3E0eDFNNVVDeE1XUG1XMGlHYXJhTXBfNVBlWNIBvwFBVV95cUxOanFaR2lzZFZEeWVSRWdYQnVRSndQRkxxV0EzQ1N6RjdYUldtUDJBLTh5a1p4VXpsSkxZeWtMYU81TThzV0VWellmcmQxMTF4MWZOdFhxd05iVjJOQ0FLLUJYdjUyc2RyT3NVakNPMGdRNXdpaTUxUjlmU0JUS0hPLW1SdUswVWJrbmttdUhlY0UtaHRhQ0pER1l4VEdTdkYtcG0yNEc0Znh6ZFVoRTNaR1NYQjFxaHFEeHNBTzF5RQ?oc=5,homicidio,100
Polícia Civil prende investigado por roubo à mão armada na parte alta de Maceió - Alagoas 24 Horas,2026-06-17T20:35:00+00:00,AL / Maceió,https://news.google.com/rss/articles/CBMivwFBVV95cUxNd2lxVUNpbDdoMl9CUEU5ZFFYLXAzWjZyYXptNEFKUFk0dHg5bklpa0x5MGh1S3Fra2tIX1hVbUE4WDgtTlJkT2FSTTA4N1hEbEFfMTVuVy1qZng5a2RaU0UtUTB1Q2UwSjdQZGxsVE5RajNmbHdlek5jRnVnTVgyX2hIcjV5TWVJWXpKWEhPQXViaTZrS2R5NUhjZjVMRV9NVFVhSUQwdWdsQlNhc2ZvR2Qzd1JFNlFldzZXOGNxSdIBxAFBVV95cUxPT0JQa3RWanBBaXJZWHZpby14aHJqR1BwSFZsVFVoQkFaY1I2NFhERnhhWEkwa2tYSTgxdGxNNDZRUml4M1JqNXJfMEl3NEpqWWxST3hjenRpTkNvbks4cmYwLWR2U3BwU2JHUXNlUXYzRllYUGhaVjNFeEtERFBkTGZ3ai1raXhiMTF6VDhUNlZBY1BSNTZHUTAyaURodXEwbFdzdW5xRnM3b05veF9jUEVCUDV0ZFJhcUI0TFJDa3ZXT2xY?oc=5,policia,95
Auxiliar de creche é demitida após denúncia de agressão a criança no interior de SP,2026-06-17T20:31:37+00:00,SP / Itapetininga,https://g1.globo.com/sp/itapetininga-regiao/noticia/2026/06/17/auxiliar-de-creche-e-demitida-apos-denuncia-de-agressao-a-crianca-no-interior-de-sp.ghtml,menor,95
Acusado de causar acidente que matou mãe e bebê atropelados na avenida Nazaré vai a júri popular em Belém,2026-06-17T20:31:16+00:00,PA / Belém,https://g1.globo.com/pa/para/noticia/2026/06/17/acusado-de-causar-acidente-que-matou-mae-e-bebe-atropelados-na-avenida-nazare-vai-a-juri-popular-em-belem.ghtml,homicidio,95
Detento condenado por roubo é preso após violar tornozeleira eletrônica 21 vezes em Palmas - Agência Tocantins,2026-06-17T20:28:04+00:00,TO / Palmas,https://news.google.com/rss/articles/CBMi2AFBVV95cUxPUE9tVEttSmZDSGdtX2tKVmNwMDNHMDlyVkJfR0VOVTM1Rno4NXFLd2J0eWdrWnNMMHhiMnNjM3hVdE9rRnZCcUVUY1R1akhyRU5DaDZxNlY4eEdZV0t2Z1FQTVFiQVI3bHBOQW5POFEwcU9tcjhQSGhJZEtCS2pMWi1Sc2JpZlpoVExjaFB4c280X2o2alhGRU1YWHJMcW5KTlUzVDV4N18wVVJaOFl5aWd3SzIzZ0ZxNG5WZzhWWVlidno4YURYVVBieTI4RDVBajhHOW5RV2w?oc=5,policia,85
Adolescente é apreendido após ataques com pedras a veículos na BR-050 em Uberaba,2026-06-17T20:24:22+00:00,MG / Uberlândia,https://g1.globo.com/mg/triangulo-mineiro/noticia/2026/06/17/adolescente-e-apreendido-apos-ataques-com-pedras-a-veiculos-na-br-050-em-uberaba.ghtml,roubo,95
"Carro é completamente consumido por fogo, mas Bíblia dentro dele fica com folhas intactas, no PR: 'Vou fazer uma moldura'",2026-06-17T20:20:45+00:00,PR / Curitiba,https://g1.globo.com/pr/norte-noroeste/noticia/2026/06/17/carro-e-completamente-consumido-por-fogo-mas-biblia-dentro-dele-fica-com-folhas-intactas-no-pr-vou-fazer-uma-moldura.ghtml,veiculo,85
Sonho de ser confeiteira e amor em ajudar a família: quem era a mulher encontrada morta em rodovia do TO,2026-06-17T20:16:12+00:00,TO / Palmas,https://g1.globo.com/to/tocantins/noticia/2026/06/17/sonho-de-ser-confeiteira-e-amor-em-ajudar-a-familia-quem-era-a-mulher-encontrada-morta-em-rodovia-do-to.ghtml,homicidio,100
Mulher é presa por matar assassino do pai e filho dele no PI; condenada a mais de 20 anos,2026-06-17T20:12:39+00:00,PI / Teresina,https://g1.globo.com/pi/piaui/noticia/2026/06/17/condenada-matar-assassino-presa-pi.ghtml,homicidio,100
Juiz volta atrás após bloqueio e libera R$ 46 milhões do Consórcio Guaicurus,2026-06-17T20:02:54+00:00,MS / Campo Grande,https://g1.globo.com/ms/mato-grosso-do-sul/noticia/2026/06/17/juiz-volta-atras-apos-bloqueio-e-libera-r-46-milhoes-do-consorcio-guaicurus.ghtml,fraude,85
"Casal é derrubado de moto, agredido a pauladas e suspeitos divulgam o crime na web; ASSISTA",2026-06-17T20:02:40+00:00,SP / Santos,https://g1.globo.com/sp/santos-regiao/noticia/2026/06/17/adolescentes-derrubam-casal-de-moto-dao-pauladas-nas-vitimas-e-fogem-no-litoral-de-sp-dois-sao-detidos.ghtml,roubo,95
"Suspeitos ouvem funk 'Ladrão de Carro' e fazem declaração enquanto fogem da PM após roubar veículo: 'Te amo, parça'",2026-06-17T20:02:25+00:00,SP / São José do Rio Preto,https://g1.globo.com/sp/sao-jose-do-rio-preto-aracatuba/noticia/2026/06/17/suspeitos-ouvem-funk-com-apologia-ao-crime-e-fazem-declaracao-enquanto-fogem-da-pm-apos-roubar-veiculo-te-amo-parca.ghtml,roubo,95
"Suspeitos ouvem funk 'Ladrão de Carro' e fazem declaração enquanto fogem da PM após roubar veículo: 'Te amo, parça' - G1",2026-06-17T20:02:25+00:00,SP / São José do Rio Preto,https://news.google.com/rss/articles/CBMiogJBVV95cUxOT3QyTU4yX0xxOUZGV1l6OFZfdzNVR0dWWUVVQzZLVWMtU3RpVk5pYWZmM3FBZ0ZJbHVqSHRWNlVwRnpVSVhLVGRUNDRPajBsSTBrWHFFOExxWmhTVC1HSlcycldWeDhGUldpSDdvcnNJMDd3WUtNVnNGbE42UXJ6VF9PRHU2VmFjc1RPS0N0cm90dWs4X1h3aTlNd0ZzRDNQdUJLTG9zQ19RWnVBZVVfdGRjcWZNM2V1QUxhVzB2Z0UxcEpzVXNMNFdYRHpqWExQMDZSN3dJU2d1N25GWC00NVBfVVgyM1Y5V1dNSG42anZuc2N6WDJkV2R1SWRwanpfOHlnYVpsM3FocGsyQjhUbFFNU2ltZURxN3phNEhaaEp4d9IBsAJBVV95cUxPY2wycjRlaUI0UGJWQ3dGc3EyaTZ1RDNWaEFZX3NTcjZZWFNma1QwUEZ5NW02TE5uaWRTdTVNUE9iaVh1dXloRUVRdmFJY2NleHUtOXJYRGV3TGt5NUFwbXZIUWNLMHY2UEllLXlFcEhFQ3pyRXpWdkRpZXlrd2dJdjBkZEllYy1scFEyeFJVWmg0Tm1HcV9QUlZ5ZnJLbGxjaXo2REtRbWVrZ3cyXzBZSU5tcl9LUkdXQmxLSjFzTEljVTVXZlZUXzBCbVRWQzI0cTlLMjJnYjFWc3JncG9yeGJ6NDMxYVRPTWdLRy01WWJuYjlOeE5BTFVjdFFodE05d3ZRbjVqcU5iWUdwdjlCVmowV3ZXZldnUWpNOUdsdUpnWDVTMU9iTXBWWkJVYUxu?oc=5,veiculo,95
"Operação prende 11 suspeitos de integrar grupo investigado por tráfico, extorsões e ataques a agentes de segurança",2026-06-17T19:59:17+00:00,PA / Belém,https://g1.globo.com/pa/para/noticia/2026/06/17/operacao-prende-11-suspeitos-de-integrar-grupo-investigado-por-trafico-extorsoes-e-ataques-a-agentes-de-seguranca.ghtml,policia,90
Suspeito de assalto com roubo de joias em restaurante de Maceió é detido pela polícia - Francês News,2026-06-17T19:57:00+00:00,AL / Maceió,https://news.google.com/rss/articles/CBMizwFBVV95cUxOOGxYV1E4djY4eFVCZlZNSUExU0UxZlBkM1pESDVJclM5WEFILUFrOW9SRjRuc3JiTHBPUDNxSFd0RUZrNzVvU0tkWmh3Uy1GOURySUpNWEN2OEdEWjBOS284Vll0M3hiZHN6emM1bkV0Sy1xelBGS1JIbWtheGNGR1BSVWRudHhkMEFhcldaMFJrc2pxNDdvWnBsT2FXOWhpcUhDRzFWN0ZyRG5NNDNlREM1MmZ1YXZrbHQ3V3dCcktMNGtCSmhPM282dEVBanc?oc=5,roubo,95
VÍDEO: bandidos rendem frentista com faca no pescoço durante assalto a posto de combustíveis no interior de SP,2026-06-17T19:56:02+00:00,SP / Bauru,https://g1.globo.com/sp/bauru-marilia/noticia/2026/06/17/video-bandidos-rendem-frentista-com-faca-no-pescoco-durante-assalto-a-posto-de-combustiveis-no-interior-de-sp.ghtml,roubo,100
Reforma Tributária estará entre os temas centrais do ACIA Experience &amp; Varejo+,2026-06-17T19:55:04+00:00,MG / Pouso Alegre,https://g1.globo.com/mg/sul-de-minas/especial-publicitario/acia-associativismo-e-empreendedorismo-em-alfenas/noticia/2026/06/17/reforma-tributaria-estara-entre-os-temas-centrais-do-acia-experience-and-varejo.ghtml,outros,95
Homem que matou goleiro de time em Natal é preso mais de 40 anos após o crime; condenado já é idoso - Portal da Tropical,2026-06-17T19:52:00+00:00,RN / Natal,https://news.google.com/rss/articles/CBMi0AFBVV95cUxOUEk5S2xPeUZXampIQ0hPSkpfdWZIanNQajgtOFdXbklPTlhSZnplUHBFZVZzUUdRS0JHdkpPMWxuclo0MWwyYm45Nm4xbzlLTU9pbmJRQmt2WjNVUno2V0FmcDk2bnlqLW10UzVQZGpWd1BZSkUwdUtQaXNMamRKSDg0V2RwSXZLRTBYYjF1OTFFUHdxYVBfQXJWRWt6VlY5Y1dseFh0TU5sOVRoR3FPX0c2R3RJczI1S3QzR1ppcG1qT25hMUNnbG52SkpPb05V?oc=5,homicidio,100
Sebrae leva oficina de IA para pequenos negócios no ACIA Experience,2026-06-17T19:48:55+00:00,MG / Pouso Alegre,https://g1.globo.com/mg/sul-de-minas/especial-publicitario/acia-associativismo-e-empreendedorismo-em-alfenas/noticia/2026/06/17/sebrae-leva-oficina-de-ia-para-pequenos-negocios-no-acia-experience.ghtml,outros,100
Homem condenado por matar goleiro em Natal é preso após 42 anos foragido,2026-06-17T19:45:48+00:00,RN / Natal,https://g1.globo.com/rn/rio-grande-do-norte/noticia/2026/06/17/homem-condenado-por-matar-goleiro-em-natal-e-preso-apos-42-anos-foragido.ghtml,homicidio,100
"Ex-companheira de PM morto diz que trocou taças após suspeitar de envenenamento, afirma defesa",2026-06-17T19:37:15+00:00,PE / Recife,https://g1.globo.com/pe/pernambuco/noticia/2026/06/17/ex-companheira-de-pm-morto-diz-que-trocou-tacas-apos-suspeitar-de-envenenamento-afirma-defesa.ghtml,homicidio,100
"Empresa vence disputa para a construção do Viaduto Ferradura, entre BH e Nova Lima",2026-06-17T19:35:59+00:00,MG / Belo Horizonte,https://g1.globo.com/mg/minas-gerais/noticia/2026/06/17/empresa-vence-licitacao-para-a-construcao-do-viaduto-ferradura-entre-bh-e-nova-lima.ghtml,outros,100
"Júri absolve padrasto de estupro, mas o condena por tortura e morte de bebê de 2 anos em Salto de Pirapora",2026-06-17T19:34:24+00:00,SP / Sorocaba,https://g1.globo.com/sp/sorocaba-jundiai/noticia/2026/06/17/condenados-mae-e-padrasto-de-bebe-morto-em-salto-de-pirapora.ghtml,homicidio,100
Polícia Civil do Acre incinera mais de uma tonelada de drogas e causa prejuízo de R$ 9 milhões ao crime organizado - o rio branco,2026-06-17T19:33:22+00:00,AC / Rio Branco,https://news.google.com/rss/articles/CBMi0wFBVV95cUxOclVWZ1RrME1iUEswa1NVTGFYandnNkxpQk96Z0t3Vms4ZFIwMk94VElybXhrSTU2cThxOE1sbjlYQnRLSWFjWURMelY5V1BMTHJMOW9ud3VPbWhsY3R1el9XMm9RYVdiRDlYN3lrMGItcDNtWHBZY2haaGk5SEtldHpSYWhwbDNHTlIwekRXWnRKaERxaEhTbWd1LUJsd1FkelhXX05DNEhyWnFqNTB4empmSW5NUFlmMklvN0ZxalNZNVJwcGF2VTVqWFpxRWlwNERJ?oc=5,policia,95
Homem furta imagem de Nossa Senhora Aparecida de igreja e esconde peça em cemitério,2026-06-17T19:30:04+00:00,MS / Campo Grande,https://g1.globo.com/ms/mato-grosso-do-sul/noticia/2026/06/17/homem-furta-imagem-de-nossa-senhora-aparecida-de-igreja-e-esconde-peca-em-cemiterio.ghtml,furto,100
"VÍDEO: Jovem espanca idosa após tumulto dentro de ônibus em Goiânia, diz polícia",2026-06-17T19:25:31+00:00,GO / Goiânia,https://g1.globo.com/go/goias/noticia/2026/06/17/video-jovem-espanca-idosa-apos-tumulto-dentro-de-onibus-em-goiania-diz-policia.ghtml,violencia,95
Assessor do prefeito de Canoas pede exoneração após ser flagrado trabalhando na própria empresa durante expediente,2026-06-17T19:22:50+00:00,RS / Porto Alegre,https://g1.globo.com/rs/rio-grande-do-sul/noticia/2026/06/17/assessor-prefeito-canoas-exoneracao-flagrado-trabalhando-na-propria-empresa-durante-expediente.ghtml,fraude,85
Homem que matou goleiro a tiros em Natal é preso mais de 40 anos após o crime - Tribuna do Norte,2026-06-17T19:21:49+00:00,RN / Natal,https://news.google.com/rss/articles/CBMitwFBVV95cUxQNklXLWtROVRaU3BpNlhRTkJVQVZLdFdvMXhWa2l6aHAzck1pNGFSdVptcTdLZ2JXRzd4dks0RlFZcHN6VXE3b2RuNHZIRXVmWTRSbVhpWmFtNzQ4VTZob3RTMUt2WUh5M0hWSktNdEpHOU1FdGt2dk1Rc1hGdmNjM2oySTN6dUlvTWVlSF9jaTExamR3dUlQX21wQjVfdmhiODZxMDRPem04UVZOcnZiN25QbDc4Q00?oc=5,homicidio,95
"Fotógrafo flagra 'reunião' de jacarés no açude de Apipucos, no Recife: 'Achava que eram sapos', diz",2026-06-17T19:18:55+00:00,PE / Recife,https://g1.globo.com/pe/pernambuco/noticia/2026/06/17/fotografo-flagra-reuniao-de-jacares-no-acude-de-apipucos-no-recife-achava-que-eram-sapos-diz.ghtml,outros,100
Desembargador de MT investigado por esquema de venda de sentenças se aposenta com salário integral,2026-06-17T19:18:55+00:00,MT / Cuiabá,https://g1.globo.com/mt/mato-grosso/noticia/2026/06/17/justica-aposenta-desembargador-de-mt-investigado-por-esquema-de-venda-de-sentencas-com-salario-integral.ghtml,fraude,100
"Mureta cede em córrego do bairro Industrial, que aguarda obras após tragédia em Juiz de Fora",2026-06-17T19:18:49+00:00,MG / Juiz de Fora,https://g1.globo.com/mg/zona-da-mata/noticia/2026/06/17/mureta-cede-em-corrego-do-bairro-industrial-que-aguarda-obras-apos-tragedia-em-juiz-de-fora.ghtml,outros,95
Polícia encontra corpos em poço próximo a Rio das Pedras; suspeita é de cemitério clandestino,2026-06-17T19:16:30+00:00,RJ / Rio de Janeiro,https://g1.globo.com/rj/rio-de-janeiro/noticia/2026/06/17/policia-poco-rio-das-pedras-cemiterio-clandestino.ghtml,homicidio,95
Filha adolescente é baleada pela própria mãe que manuseava arma dentro de loja em shopping no ES,2026-06-17T19:14:50+00:00,ES / Vitória,https://g1.globo.com/es/espirito-santo/noticia/2026/06/17/filha-adolescente-e-baleada-pela-mae-ao-manusear-arma-dentro-de-loja-em-shopping-no-es.ghtml,outros,95
"Suspeito de torturar mulher no AP queria que vítima esfregasse rosto em urina de cachorro, diz delegada",2026-06-17T19:12:46+00:00,AP / Macapá,https://g1.globo.com/ap/amapa/noticia/2026/06/17/suspeito-de-torturar-mulher-no-ap-queria-que-vitima-esfregasse-rosto-em-urina-de-cachorro-diz-delegada.ghtml,violencia,95
"Ex-marido de advogada morta em MG teve prisão preventiva solicitada horas antes do feminicídio, diz MP",2026-06-17T19:12:24+00:00,MG / Governador Valadares,https://g1.globo.com/mg/vales-mg/noticia/2026/06/17/caso-ana-paula-homem-que-matou-ex-mulher-em-mg-teve-prisao-decretada-horas-antes-do-crime.ghtml,homicidio,100
"Ex-marido de advogada morta em MG teve prisão preventiva solicitada horas antes do feminicídio, diz MP - G1",2026-06-17T19:12:24+00:00,MG / Governador Valadares,https://news.google.com/rss/articles/CBMi4AFBVV95cUxPclhsendtRUMwdnR1NEdJb1Jha3ZYY2JQb0FVaGI5TUkwLWVfazZrckRCamd5b3Iya2xYRjV0aURxeGtMQTJxTjJsOEh5N1FyZEtnb3VMa3NORUhuNm5VaWVzUzkzRlRpbWcxYnRXcEVsNlVyaEtYYWZTZjBraERVN0t2N0I2QTNKRzZJb2oyUmo5Qk5VZi13X1BCYUNiVnU1YzFSVU9jYW9nM0JnWlVtQ1JoSWo4S2U3U0RUbUdpSkpPbjBUc2dXTDgwcHhUbFRVSXdTSFljTzhNcDRrVG9SQtIB7wFBVV95cUxQSS1BOEU0VHVfbWgzZktnNVZzVkpyREh4LUVvcTFQeDFDRWJSVDRKeHp1RjdTZU1HZTE3eVdoejlLLWIyUTJCVnJVWl81UnBqdTk3bXg4ZzdsX0RLZklGcTFZanFqblJpbU5vVzEteXRmWEZuZlQ3bEQ2YkRJOWlCS0FSYy1pU0pGSzlHOV9fMXlNdnRQc0VQQWFNUXplcnlxdG5OQkxrWFB0MGpTcTBZcDVVR1RCTGwtUUx6Z29yTjVRektIdTVsQmpXWnQ3Qmh4czEtd0xrWWpQc0JNNjN1WENUV19aSG9Uc2J6Q1dyQQ?oc=5,homicidio,100
Mulher morre baleada durante operação da Polícia Civil em MG; corporação diz que ela tentou tomar arma de policial,2026-06-17T19:10:54+00:00,MG / Uberlândia,https://g1.globo.com/mg/triangulo-mineiro/noticia/2026/06/17/mulher-tenta-tirar-arma-de-policial-e-morre-ao-ser-baleada-durante-operacao-em-mg-diz-policia.ghtml,homicidio,95
Policial civil é indiciado por matar colegas dentro de viatura em AL,2026-06-17T19:09:27+00:00,AL / Maceió,https://g1.globo.com/al/alagoas/noticia/2026/06/17/policial-civil-e-indiciado-por-matar-colegas-dentro-de-viatura-em-al.ghtml,homicidio,95
Polícia descobre carne clandestina e 'cemitério' de restos de animais no interior de SP,2026-06-17T19:06:38+00:00,SP / São Carlos,https://g1.globo.com/sp/sao-carlos-regiao/noticia/2026/06/17/policia-descobre-carne-clandestina-e-cemiterio-de-restos-de-animais-no-interior-de-sp.ghtml,policia,90
Motorista de app se recusa a levar homem cego com cão-guia em SC para 'não soltar pelo'; VÍDEO,2026-06-17T19:03:35+00:00,SC / Florianópolis,https://g1.globo.com/sc/santa-catarina/noticia/2026/06/17/motorista-app-recusa-homem-cego-cao-guia-florianopolis.ghtml,outros,95
A Loja física vai acabar? ACIA Experience debate o novo consumidor,2026-06-17T19:01:21+00:00,MG / Pouso Alegre,https://g1.globo.com/mg/sul-de-minas/especial-publicitario/acia-associativismo-e-empreendedorismo-em-alfenas/noticia/2026/06/17/a-loja-fisica-vai-acabar-acia-experience-debate-o-novo-consumidor.ghtml,outros,100
VÍDEO: PM atira em homem envolvido em briga de trânsito com 7 tiros e depois reza para ele não morrer,2026-06-17T18:57:58+00:00,SP / São Paulo / Jardim Pirituba,https://g1.globo.com/sp/sao-paulo/noticia/2026/06/17/video-pm-mata-homem-envolvido-em-briga-de-transito-com-7-tiros-e-depois-reza-para-ele-nao-morrer.ghtml,homicidio,95
Suspeito de feminicídio em Capela morre após reagir à abordagem policial,2026-06-17T18:52:08+00:00,SE / Aracaju,https://g1.globo.com/se/sergipe/noticia/2026/06/17/suspeito-de-feminicidio-em-capela-morre-apos-reagir-a-abordagem-policial-em-japoata.ghtml,policia,85
Supostas fraudes em concursos públicos de Aquidabã e Porto da Folha são investigadas,2026-06-17T18:49:28+00:00,SE / Aracaju,https://g1.globo.com/se/sergipe/noticia/2026/06/17/nova-fase-de-operacao-e-deflagrada-para-apurar-supostas-fraudes-em-concursos-publicos-de-aquidaba-e-porto-da-folha.ghtml,fraude,95
Secretária de Saúde é exonerada após prisão em operação que investiga fraude de R$ 139 milhões,2026-06-17T18:42:46+00:00,TO / Palmas,https://g1.globo.com/to/tocantins/noticia/2026/06/17/secretaria-de-saude-e-exonerada-apos-prisao-por-suspeita-de-fraude-em-contrato-de-terceirizacao-de-upas.ghtml,fraude,95
Casal que roubou motorista de aplicativo é preso em Curitiba - Bem Paraná,2026-06-17T18:38:26+00:00,PR / Curitiba,https://news.google.com/rss/articles/CBMisAFBVV95cUxObG9BMTFjclUxbmh5MUdHTDY2M0syNTBPY3E2Skwxdm5sVTJvUzB4OFZIcWtpR2NlaGFUaHRPbmVEQXA2azVabDc5d3oycVN3Y0Rtc1pUcThQRG9pUzVFMUhWYWI5Mzc3bUJXTjVadlM4NFNibVNFZ1lVZGdBdTUyQzhlNGVHMjJoWDVmWnRLZkJucmc2dVZqVS1KM2ZISEhwcnBpa0JRZ0taY2Nud1lodtIBsAFBVV95cUxObG9BMTFjclUxbmh5MUdHTDY2M0syNTBPY3E2Skwxdm5sVTJvUzB4OFZIcWtpR2NlaGFUaHRPbmVEQXA2azVabDc5d3oycVN3Y0Rtc1pUcThQRG9pUzVFMUhWYWI5Mzc3bUJXTjVadlM4NFNibVNFZ1lVZGdBdTUyQzhlNGVHMjJoWDVmWnRLZkJucmc2dVZqVS1KM2ZISEhwcnBpa0JRZ0taY2Nud1lodg?oc=5,roubo,100
"Homem morre após explosão de veículo seguida de incêndio em Sapé, na PB",2026-06-17T18:32:35+00:00,PB / João Pessoa,https://g1.globo.com/pb/paraiba/noticia/2026/06/17/homem-morre-apos-explosao-de-veiculo-seguida-de-incendio-em-sape-na-pb.ghtml,homicidio,95
"Suspeito de tentativa de assalto é contido após agredir funcionária em Curitiba: “Me deu um soco”, diz vítima - Banda B",2026-06-17T18:32:00+00:00,PR / Curitiba,https://news.google.com/rss/articles/CBMipwFBVV95cUxOZG1JMDU4YXlKTzRLWEpORVB6WEtZM3d1TlJka2Y5QUszQmw3eHpGTXlUQ05uenJOcnkzRjhTWEtXYW5vQ2RRYUJ5QXV4em02b0FYcVN4WlpKYkpyQTgyUzJpZ0trN3ZxbTBLdkNlb1BEUmxuVWpNc0xJTDdRNVFmakg0NmZQQXdiSEp0MjRoQkZjNjRIV0dNdWp5eWdLQUN2SXBqaUhvONIBrAFBVV95cUxQdGNBMTl2eEowLW5vTVIyVDgtMU5qUnFuUW43YUkxUUkwblZBNE53WWR0U3ZNSjNLMVFYYWNrX3hLQVhObjRRbzhqZnVZcjJHN01fa1RQLVNacWI0ZjEzamlyQkx5Szk1ZGY0WFUtZUlENlZITkdqOFplUEVSNXZyM2RlU0lrWThIdEdCRDFIZGFJV2d6ZkZWQjU5c0s0VkFCckgwQXUwZk1CamJ3?oc=5,roubo,100
Ponte Frei Paolino: Construtora não apresenta plano com medidas emergenciais e pede mais prazo,2026-06-17T18:21:49+00:00,AC / Rio Branco,https://g1.globo.com/ac/acre/noticia/2026/06/17/ponte-frei-paolino-construtora-pede-mais-prazo-para-entregar-plano-de-medidas.ghtml,outros,95
Justiça aceita denúncia contra Braskem por afundamento em Maceió,2026-06-17T18:21:07+00:00,AL / Maceió,https://g1.globo.com/al/alagoas/noticia/2026/06/17/justica-aceita-denuncia-contra-braskem-por-afundamento-em-maceio.ghtml,outros,95
Polícia Militar captura homem com mandado de prisão por roubo e furto em Fortaleza - Governo do Estado do Ceará,2026-06-17T18:20:10+00:00,CE / Fortaleza,https://news.google.com/rss/articles/CBMitwFBVV95cUxPWVBRdmFHVzlVeDg2VDZSYWlMSDk5NDg1a21CUzN4bmZXNm02VHA4TExqdDk0bUpfS3djb3BpLWMtNnpTejlPUngydlg4R04wUE1fNGlXXzB1YkN5UkQ0QVhESFdTd0dWOEcwcGhzcF9DSE5PMF9lMExGLWJjQU1lZnl6ZjhkRV9ueGtFc0FzY3R4aHJYd2lyZFc4REp4bmMxTy1raXhSVmhTY0FzNEdRQ0RILXhaYTg?oc=5,policia,95
"Mulher é sequestrada após sair de shopping em Campos, forçada a transferir dinheiro e abandonada em Guandu",2026-06-17T18:17:33+00:00,RJ / Campos dos Goytacazes,https://g1.globo.com/rj/norte-fluminense/noticia/2026/06/17/mulher-e-sequestrada-apos-sair-de-shopping-em-campos-forcada-a-transferir-dinheiro-e-abandonada-em-guandu.ghtml,sequestro,100
Disputa por vaga na Câmara de Alfenas chega ao segundo suplente após morte de vereador do PT,2026-06-17T18:09:01+00:00,MG / Pouso Alegre,https://g1.globo.com/mg/sul-de-minas/noticia/2026/06/17/disputa-por-vaga-na-camara-de-alfenas-chega-ao-segundo-suplente-apos-morte-de-vereador-do-pt.ghtml,homicidio,100
"PRF recupera veículo furtado na Via Dutra, em Porto Real",2026-06-17T18:08:57+00:00,RJ / Volta Redonda,https://g1.globo.com/rj/sul-do-rio-costa-verde/noticia/2026/06/17/prf-recupera-veiculo-furtado-na-via-dutra-em-porto-real.ghtml,policia,95
"Polícia prende dupla em operação contra receptação de cabos furtados em São Miguel do Guamá, no Pará",2026-06-17T18:03:02+00:00,PA / Belém,https://g1.globo.com/pa/para/noticia/2026/06/17/policia-prende-dupla-em-operacao-contra-receptacao-de-cabos-furtados-em-sao-miguel-do-guama-no-para.ghtml,policia,95
Ana Castela viaja até SC para buscar alpaca em rancho de influenciador: 'Odete chegou',2026-06-17T18:02:50+00:00,SC / Florianópolis,https://g1.globo.com/sc/santa-catarina/noticia/2026/06/17/ana-castela-viaja-sc-lpaca-rancho-de-influenciador-odete-chegou.ghtml,outros,100
Bombeiro se emociona ao falar sobre menina achada morta no dia do aniversário de 2 anos: 'Objetivo era comemorar hoje’,2026-06-17T17:56:03+00:00,GO / Goiânia,https://g1.globo.com/go/goias/noticia/2026/06/17/bombeiro-se-emociona-ao-falar-sobre-menina-achada-morta-no-dia-do-aniversario-de-2-anos-objetivo-era-comemorar-hoje.ghtml,homicidio,100
"Polícia prende 8 suspeitos de extorsão, tortura e roubo em Castanhal, no PA, durante operação contra 'taxa do crime'",2026-06-17T17:51:19+00:00,PA / Belém,https://g1.globo.com/pa/para/noticia/2026/06/17/policia-prende-8-suspeitos-de-extorsao-tortura-e-roubo-em-castanhal-no-pa-durante-operacao-contra-taxa-do-crime.ghtml,policia,95
Mecânico preso por agressão contra a esposa tem prisão revogada em Teresina; vídeo mostra socos na vítima,2026-06-17T17:51:07+00:00,PI / Teresina,https://g1.globo.com/pi/piaui/noticia/2026/06/17/mecanico-preso-agressao-esposa-prisao-revogada.ghtml,violencia,95
Justiça determina soltura de mecânico que agrediu ex em Teresina; crime foi filmado - Portal Clube News,2026-06-17T17:44:10+00:00,PI / Teresina,https://news.google.com/rss/articles/CBMizwFBVV95cUxPSGRkRHpPSFNhSVh3bkl5eW5BX0R6d2hjQnVVaHhuNWp5eDJ6WHVyTXl5VE1WLXpYWEhRSUMzOERpWHExbWpUV1BCT2hJUXgwV3RPOGVnSTRUVVYzRjI4dE9VWVVIcjlrbWlxTnNsMUNRU25tckhCLTUxX09ma01fTEMwVmJyaHJ5eFdwSHhjNkhlakxwSDY3ZVRta0RWLXZIT0xGVkktOFd1ZjRoRVpKUDh2RXNyaDlNZjM3ZzhDRFBZaGFSclh5U1A5UnprZEE?oc=5,violencia,95
Consórcio é contratado por R$ 95 milhões para elaborar projeto e construir hospital da mulher em Araguatins,2026-06-17T17:38:45+00:00,TO / Palmas,https://g1.globo.com/to/tocantins/noticia/2026/06/17/consorcio-e-contratado-por-r-95-milhoes-para-elaborar-projeto-e-construir-hospital-da-mulher-em-araguatins.ghtml,fraude,85
Polícia Civil do Acre prende condenado a mais de 8 anos de prisão por roubo em Rio Branco - Polícia Civil do Acre,2026-06-17T17:34:59+00:00,AC / Rio Branco,https://news.google.com/rss/articles/CBMisAFBVV95cUxQbmxENXpNRml2VUFNZGYyZElLUjhPalFzOUJwdk9NMVJGZmFiUFNmS2g4akVjTXBoVkxtZldMMmFoR3Y1RzlodF9oNHp2akxLTml2bjhfSHpja0NPdGJYTkRyMkRaRV9Hc3BjZlVncFI0SDNiRkVnVzNjM0xYNjgwYUtpclVUQmNJTC1lWERqNndoOWp1X3lqeVFGUV9QTGRwR20zR2FGWUFabUUzLTJkXw?oc=5,policia,90
Campanha Varal Solidário arrecada roupas e cobertores no interior de PE,2026-06-17T17:31:05+00:00,PE / Caruaru,https://g1.globo.com/pe/caruaru-regiao/noticia/2026/06/17/campanha-varal-solidario-arrecada-roupas-e-cobertores-no-interior-de-pe.ghtml,outros,100
Polícia Civil e Militar desarticulam dupla especializada em roubo de motos em Feira de Santana - De Olho na Cidade,2026-06-17T17:28:04+00:00,BA / Feira de Santana,https://news.google.com/rss/articles/CBMiwwFBVV95cUxQZEFMNUZKcHkyMVFyRVpwZ1VTNmloa2dMaHRWc05wQ3p0dFF2Q1JOUDN0TkpDMmRoSEg5Ym50N2NIelcwVV9qOHdTaWw4SDR1Qk5zalFSRzg2c1NVWHNMWWdGbnVBN0YzVk9RZlNSenppOG5TbnpzRzJHX1R3V25iUTBfWEJGQ2thTlhkU2R4OF84Mk9kT3M3eV9SUkNpdmZtUGlzLUd5aWh0eC1ydW1oa1RiNEpleUs1Nk1DN2lvb3pic0k?oc=5,policia,100
Casal do Sul de Minas é suspeito de desviar R$ 3 milhões de plataforma de apostas no DF,2026-06-17T17:26:45+00:00,MG / Pouso Alegre,https://g1.globo.com/mg/sul-de-minas/noticia/2026/06/17/casal-do-sul-de-minas-e-suspeito-de-desviar-r-3-milhoes-de-plataforma-de-apostas-no-df.ghtml,fraude,95
"Duas pessoas morrem após colisão entre carretas na BR-230, no sul do MA",2026-06-17T17:24:47+00:00,MA / São Luís,https://g1.globo.com/ma/maranhao/noticia/2026/06/17/duas-pessoas-morrem-apos-colisao-entre-carretas-na-br-230-no-sul-do-ma.ghtml,outros,95
Filho sofre infarto ao socorrer mãe e os dois morrem com 10 minutos de diferença em Cariacica,2026-06-17T17:17:35+00:00,ES / Vitória,https://g1.globo.com/es/espirito-santo/noticia/2026/06/17/filho-sofre-infarto-ao-socorrer-mae-e-os-dois-morrem-com-10-minutos-de-diferenca-em-cariacica.ghtml,outros,100
Delegado faz referência ao caso de cobradores mortos no Paraná ao falar de dificuldade para localizar primas desaparecidas,2026-06-17T17:06:59+00:00,PR / Curitiba,https://g1.globo.com/pr/norte-noroeste/noticia/2026/06/17/buscas-primas-parana-cita-cobradores.ghtml,homicidio,95
Creche de Sumaré é descredenciada pela Prefeitura após bebê de um ano sofrer lesões no rosto,2026-06-17T17:06:46+00:00,SP / Campinas,https://g1.globo.com/sp/campinas-regiao/noticia/2026/06/17/creche-sumare-descredenciada-prefeitura-apos-bebe-sofrer-lesoes-rosto.ghtml,menor,90
Dupla que tentou matar homem com tiro no peito é condenada a 12 anos de prisão no litoral do PI,2026-06-17T16:57:55+00:00,PI / Teresina,https://g1.globo.com/pi/piaui/noticia/2026/06/17/dupla-homem-tiro.ghtml,homicidio,100
RS mapeia áreas de risco em 25 cidades em plano de prevenção para possíveis impactos do El Niño,2026-06-17T16:50:25+00:00,RS / Porto Alegre,https://g1.globo.com/rs/rio-grande-do-sul/noticia/2026/06/17/rs-mapeia-areas-de-risco-em-25-cidades-em-plano-de-prevencao-para-possiveis-impactos-do-el-nino.ghtml,outros,100
Ossada humana é encontrada em propriedade rural de Frei Paulo; filhos confessaram o crime,2026-06-17T16:48:28+00:00,SE / Aracaju,https://g1.globo.com/se/sergipe/noticia/2026/06/17/ossada-humana-e-encontrada-em-propriedade-rural-de-frei-paulo-filhos-confessaram-o-crime.ghtml,homicidio,100
"Festival gratuito leva grafite, slam e música para praça de Guarus, em Campos",2026-06-17T16:47:38+00:00,RJ / Campos dos Goytacazes,https://g1.globo.com/rj/norte-fluminense/noticia/2026/06/17/festival-gratuito-leva-grafite-slam-e-musica-para-praca-de-guarus-em-campos.ghtml,outros,100
Polícia Civil cumpre mandados e prende homem de 25 anos por roubo majorado em Joinville - Polícia Civil de Santa Catarina (PCSC),2026-06-17T16:45:00+00:00,SC / Joinville,https://news.google.com/rss/articles/CBMiQ0FVX3lxTE0tS1p4U2xFTGN0UUdzTUlGbnVLc1pKdlVGZEFhOWpPak0yX0pOWlV2cWg2TklNRWZkcGV2cEhwNzRGUXM?oc=5,policia,95
Maria da Penha alerta para falta de políticas públicas para mulheres em pequenos municípios durante palestra na PB,2026-06-17T16:37:20+00:00,PB / João Pessoa,https://g1.globo.com/pb/paraiba/noticia/2026/06/17/maria-da-penha-alerta-para-falta-de-politicas-publicas-para-mulheres-em-pequenos-municipios-durante-palestra-na-pb.ghtml,violencia,90
Dupla suspeita de tentativa de assalto é presa em Joinville - ND Mais,2026-06-17T16:35:00+00:00,SC / Joinville,https://news.google.com/rss/articles/CBMikgFBVV95cUxPU0ZvZFl0T0ZnNndlQlc2Yl95UnR5S05IMnRmZGJ1aHd2ZVhSb2FXa1dmTy1IT2dETUkzZlM4dGxJRko0Y1JmMFZueHJWVEloVG5sLWdtLVVyWUZJWk5MQWY2Rm5aV1VTWXE2TEU4SExuT2tXa1ZhNUh4WnlLdzFGUGRRMDJob09lMTFGTG5uYng4UQ?oc=5,policia,85
"Marinha usa sonar nas buscas por adolescente indígena desaparecido em naufrágio no rio Xingu, no Pará",2026-06-17T16:34:43+00:00,PA / Belém,https://g1.globo.com/pa/para/noticia/2026/06/17/marinha-usa-sonar-nas-buscas-por-adolescente-indigena-desaparecido-em-naufragio-no-rio-xingu-no-para.ghtml,policia,85
Estudante de 15 anos é baleado próximo a escola pública estadual em Timon,2026-06-17T16:32:55+00:00,MA / São Luís,https://g1.globo.com/ma/maranhao/noticia/2026/06/17/estudante-de-15-anos-e-baleado-proximo-a-escola-publica-estadual-em-timon.ghtml,violencia,95
Polícia flagra motos em passarela após motociclista ameaçar equipe da TV Verdes Mares,2026-06-17T16:30:50+00:00,CE / Fortaleza,https://g1.globo.com/ce/ceara/noticia/2026/06/17/policia-flagra-motos-em-passarela-um-dia-apos-motociclista-ameacar-equipe-da-tv-verdes-mares.ghtml,policia,95
Concurso da Seduc: resultado final para técnicos educacionais é homologado,2026-06-17T16:29:46+00:00,RO / Porto Velho,https://g1.globo.com/ro/rondonia/noticia/2026/06/17/concurso-da-seduc-resultado-final-para-tecnicos-educacionais-e-homologado.ghtml,outros,100
Operação Tentaculum combate o crime organizado em Itabuna e em Gandu na BA - G1,2026-06-17T16:26:43+00:00,BA / Itabuna,https://news.google.com/rss/articles/CBMi6wFBVV95cUxPMGJFQmhBclVVa082TDlUREhyNUk5cG9QcDNzcDBuVE9DUVY2R2NwYk5mMEl4T29GcXdsNEpSY04tYkI0RVBXV3ZHd255VDNQUURkZXFScUxSUWpwbjFvMV9WNjltMDZHaXFsMWtKYVJsNjlxbWs4YW5ObTI1TW95MUkxR29sSlpBWW9LNkZzdkVyUWpIS3FPVXo5d1E4SFZMeFVaNWxyVHJ1c01HUUcxaWMzSWctbXV4LW1ndDVDdFh6bENzUWpQTHdxLU9nLXl5RE1jTG1jSzU0ZHlBOHNEd0FFdVhYNjl4cUlV0gH6AUFVX3lxTFBQZHoyNVEwRWwxNE5yM1hDNmNwV09VTmFlM2F0OGoyYWN0cmtqSXZ4Yl9YYW12SjgzSmZVa1JwOG5TTXB3QXMxWGo5U3pQWkY4cFBfa2pfSDlGUU5tOW84VG13R3I2M1dXQ21Fd01BZWhaNEYzWVBfX3dDT1Nrdktsdy1LbE5WREp2eDVXWWZ1MmVDc0dhcnNHejQybmRwWVctRVcwT1BHZHZnV0FOb0pYMk5LT0NSZHFid296QjVqb21MdzhGMHh5UmgzSWs4aUpMS2NSRlZTa19uUjY4UER6QmhoMWJrRjNHLWFmZlpvMDhIYkdmZlBfeGc?oc=5,policia,95
Lavagem Operação do MPRN mira núcleo financeiro do Sindicato do Crime em Natal - NOVO Notícias,2026-06-17T16:26:00+00:00,RN / Natal,https://news.google.com/rss/articles/CBMipgFBVV95cUxORDVrakFDMkRWLUNibmFCQWxmeWJ0Q2dIZF9jYTBjYVJlWXpXZFZMVHZzY0twY1pxSkVad3pzUDNEZG5fdE0xbEg4bm5aQkZHYmc3a0gwOUpkUTcwRm1UNTZocFhOcTNXbVNiNHlEZGVJbHNCaFI2YjRrMHJFY0JhQ1otWjd6Z29HWF9CaG9vNF9sWUkyTHcwYnJxYWlGMU15bU1MVHJn?oc=5,fraude,85
Brasileiro morre afogado em lago dos EUA ao sair com amigos para se refrescar,2026-06-17T16:25:54+00:00,ES / Vitória,https://g1.globo.com/es/espirito-santo/noticia/2026/06/17/brasileiro-morre-afogado-em-lago-dos-eua-ao-sair-com-amigos-para-se-refrescar.ghtml,outros,95
Servidor público é condenado após amputar pé em suposto assalto para receber indenização - G1,2026-06-17T16:24:16+00:00,BA / Feira de Santana,https://news.google.com/rss/articles/CBMiigJBVV95cUxOTFlmZ2FvWVc4RjZQblZKSzVHS0p3WDNwLTU1ZUNGU1p3amZVaWRBdkRTRHdNMkJEUDVkb1MyalMtWmk2ejVGVVlLZGxnVEwtT2xfQkUwREd4QWgwMGVKTi11RW5OeHVrcGRobmxxMHh4ek1FV00yeEZmbFp0N2NfOEJpNjFYMFlnQV9BNTM4eXhfY1VTTm1UVUVPRUozdUNwa3FNa2NRUnVHeE9zOEZiZE03TkZuM2pZVnF0NG5Zb2RwaFRhVUlMY0trSWZLdF9ORm51RnpycTdUX0o3cEJieWpWY3VIZ0NZQkhFS1d4WExhQUpvblZjWHgwUVduRlc1WW9DZERIRU9IUdIBmAJBVV95cUxNc0laMENTcDM4SGRsRF9PSTg1WmxmZ0R4ek1uZzRTbXduTHdEUVZxc2FIeEpvNVlhMVEtc1pNYWVDZTVNRW90dU1DVS1OakhRSktXd0NDMWZZalZtM2lXUVZzQnVVM3RCOGl5R3lQbUY4RFZYZUJyc0piV3o0UHJyOTJlSnN1ZmhLTE9WVGpqUFNpSDBvajZlZmlFVHZhOWlSV0loYk05dUFZUkQ3cmh0TURqRUlzZmx6ek1Pd3FGTEx6alJDRmdVT2VBQUIwaHJONGlscFVacUhianJadEdJb0MzclVvMmtmaFRzX2ZoeTBibE5LNFhPbC1QQXdvOUJjRnY2Q1FMSWZ2UjVKeVU4N0JERXJyR2dj?oc=5,fraude,95
Prefeitura e polícia investigam morte de homem que teria sido agredido pela Guarda Civil em UPA de Itapeva,2026-06-17T16:22:53+00:00,SP / Itapetininga,https://g1.globo.com/sp/itapetininga-regiao/noticia/2026/06/17/prefeitura-e-policia-investigam-morte-de-homem-que-teria-sido-agredido-pela-guarda-civil-em-hospital-de-itapeva.ghtml,homicidio,100
Ex-funcionários de agência financeira são presos suspeitos de aplicar golpes em idosos e desviar R$ 100 mil em Jundiaí,2026-06-17T16:17:50+00:00,SP / Sorocaba,https://g1.globo.com/sp/sorocaba-jundiai/noticia/2026/06/17/grupo-e-preso-suspeito-de-aplicar-golpes-em-idosos-em-jundiai.ghtml,fraude,95
Homem que matou ex com socos e chutes na frente da avó é julgado no litoral de SP,2026-06-17T16:09:26+00:00,SP / Santos,https://g1.globo.com/sp/santos-regiao/noticia/2026/06/17/homem-que-matou-ex-com-socos-e-chutes-na-frente-da-avo-e-julgado-no-litoral-de-sp.ghtml,homicidio,100
Terceiro suspeito de balear vereador de Mossoró e matar assessor é preso,2026-06-17T16:09:21+00:00,RN / Natal,https://g1.globo.com/rn/rio-grande-do-norte/noticia/2026/06/17/prisao-caso-vereador-mossoro-assessor.ghtml,homicidio,100
Caminhoneiro de 35 anos morreu ao perder controle de veículo em ladeira de 'curva da morte' em estrada no PI,2026-06-17T16:06:17+00:00,PI / Teresina,https://g1.globo.com/pi/piaui/noticia/2026/06/17/caminhoneiro-morto-estrada.ghtml,outros,90
"PRF apreende carga de R$ 3 milhões em eletrônicos sem nota fiscal na BR-381, em Cambuí",2026-06-17T16:01:38+00:00,MG / Pouso Alegre,https://g1.globo.com/mg/sul-de-minas/noticia/2026/06/17/ocorrencias-policiais-sul-de-minas.ghtml,policia,85
Dupla é presa com drogas escondidas em casa na zona sul de João Pessoa,2026-06-17T16:00:32+00:00,PB / João Pessoa,https://g1.globo.com/pb/paraiba/noticia/2026/06/17/dupla-e-presa-com-drogas-escondidas-em-casa-na-zona-sul-de-joao-pessoa.ghtml,trafico,95
Justiça revoga prisão de ex-diretor investigado por estupro de crianças em creche de Timon,2026-06-17T15:58:47+00:00,MA / São Luís,https://g1.globo.com/ma/maranhao/noticia/2026/06/17/justica-revoga-prisao-de-ex-diretor-investigado-por-estupro-de-criancas-em-creche-de-timon.ghtml,estupro,100
Homem investigado por estupro de vulnerável é preso em Santa Maria da Vitória - ba.gov.br,2026-06-17T15:52:38+00:00,RS / Vitória,https://news.google.com/rss/articles/CBMixAFBVV95cUxPZGNhdi1PRG1KVkJuYzRHQ291RWQyTHFxVENIbDNIVWw4V2lGZTV6OTVpRzdtblVaRVBHUG5Uc3Y3Z2xkNXhxa01VeWp3WHk3c3hjQXBrNTd3WWtRSVBJeElHelhSbTNBNlhqVjlCdWZhX25JN2c5Rk9WMFhKNjVrMEdKb0VxYnR3UFVBMFFWdmJhakE1cVZOZlBGejdFdEI0UmhqZWRlcE1hNzVwYS1paFlsV2VvaGpYc3pqMmI0STk4LUMw?oc=5,estupro,100
Irmãos são presos suspeitos de desviar R$ 300 mil em criptomoedas com golpe especializado,2026-06-17T15:43:25+00:00,TO / Palmas,https://g1.globo.com/to/tocantins/noticia/2026/06/17/irmaos-sao-presos-suspeitos-de-desviar-r-300-mil-em-criptomoedas-com-golpe-especializado.ghtml,fraude,100
"Corpo de menina achada morta no dia do aniversário não tinha sinais visíveis de violência, diz delegado",2026-06-17T15:43:13+00:00,GO / Goiânia,https://g1.globo.com/go/goias/noticia/2026/06/17/corpo-de-menina-achada-morta-em-fazenda-nao-tinha-sinais-visiveis-de-violencia-diz-delegado.ghtml,homicidio,100
PM da reserva e ex-candidato a prefeito morre após acidente de trânsito em SC,2026-06-17T15:39:05+00:00,SC / Florianópolis,https://g1.globo.com/sc/santa-catarina/noticia/2026/06/17/pm-reserva-ex-candidato-prefeito-morre-acidente-sc.ghtml,homicidio,95
PCPR prende casal investigado por roubo contra motorista de aplicativo em Curitiba - Polícia Civil do Paraná,2026-06-17T15:37:00+00:00,PR / Curitiba,https://news.google.com/rss/articles/CBMiwwFBVV95cUxNNjVzS1JnMEluYlFrVUs2NjdORE1MaVJIdWZCTnZHODNHY0NKdkdZb1ZiUG9fbDgzbTFRNUJwdWxVZXpJQzZSTVl3MURtNnc4Nk1kQi1rcDFnQzluUTMwZjJDVTgtZEFPVG5LY3JvaldQbXBzM3lLNF96ZGROVl85ZnY2MTdvXzBsbl9BVk4tMVAyUEF4YlhKUTh1dkkwTnFaaGU1bDRpdXJBQkpkeHVqZWZZN2ZGS25MRHlWSERWSjh0TW8?oc=5,policia,100
Morte de menina que teve corpo achado no dia do aniversário causa comoção: 'Coração dilacerado',2026-06-17T15:34:57+00:00,GO / Goiânia,https://g1.globo.com/go/goias/noticia/2026/06/17/morte-de-menina-que-tinha-sumido-em-fazenda-causa-comocao.ghtml,homicidio,95
Motorista enche o tanque e foge sem pagar em posto no litoral de SP; VÍDEO,2026-06-17T15:33:35+00:00,SP / Santos,https://g1.globo.com/sp/santos-regiao/noticia/2026/06/17/motorista-foge-sem-pagar-combustivel-e-causa-prejuizo-em-posto-no-litoral-de-sp-video.ghtml,furto,90
"Vídeo mostra homem atropelado pela cunhada em Barretos, SP; ela é suspeita de agir de propósito",2026-06-17T15:33:31+00:00,SP / Ribeirão Preto,https://g1.globo.com/sp/ribeirao-preto-franca/noticia/2026/06/17/video-mostra-homem-atropelado-pela-cunhada-em-barretos-sp-ela-e-suspeita-de-agir-de-proposito.ghtml,homicidio,100
Justiça volta a proibir música ao vivo e mecânica na Fazenda Churrascada em Campo Grande,2026-06-17T15:27:30+00:00,MS / Campo Grande,https://g1.globo.com/ms/mato-grosso-do-sul/noticia/2026/06/17/justica-volta-a-proibir-musica-ao-vivo-e-mecanica-na-fazenda-churrascada-em-campo-grande.ghtml,outros,90
"Após fim de namoro, homem viaja 350 km para atacar ex-namorada em Campo Grande",2026-06-17T15:25:20+00:00,MS / Campo Grande,https://g1.globo.com/ms/mato-grosso-do-sul/noticia/2026/06/17/apos-fim-de-namoro-homem-viaja-350-km-para-atacar-ex-namorada-em-campo-grande.ghtml,violencia,95
"AL registra 4,4 mil picadas de escorpião-amarelo em 4 meses; veja como evitar e onde ir se for atingido",2026-06-17T15:25:13+00:00,AL / Maceió,https://g1.globo.com/al/alagoas/noticia/2026/06/17/al-registra-44-mil-picadas-de-escorpiao-amarelo-em-4-meses-veja-como-evitar-e-onde-ir-se-for-atingido.ghtml,outros,100
Projeto de lei que garante água e comida para animais de rua é aprovado no Acre,2026-06-17T15:25:07+00:00,AC / Rio Branco,https://g1.globo.com/ac/acre/noticia/2026/06/17/projeto-de-lei-que-garante-agua-e-comida-para-animais-de-rua-e-aprovado-no-acre.ghtml,outros,100
Homem desaparece após sair para encontro em RO e suspeitos dizem à polícia que o jogaram no Rio Madeira,2026-06-17T15:23:12+00:00,RO / Porto Velho,https://g1.globo.com/ro/rondonia/noticia/2026/06/17/homem-desaparece-apos-sair-de-casa-em-ro-suspeitos-confessam-que-jogaram-corpo-no-rio-madeira.ghtml,homicidio,100
VÍDEO: Detento foge de unidade prisional em Itapecuru-Mirim e é recapturado após buscas,2026-06-17T15:22:03+00:00,MA / São Luís,https://g1.globo.com/ma/maranhao/noticia/2026/06/17/video-detento-foge-de-unidade-prisional-em-itapecuru-mirim-e-e-recapturado-apos-buscas.ghtml,policia,95
VÍDEO: onças-pintadas fazem ‘natação artística’ próximo a hidrelétrica de MT,2026-06-17T15:21:00+00:00,MT / Cuiabá,https://g1.globo.com/mt/mato-grosso/noticia/2026/06/17/video-oncas-pintadas-fazem-natacao-artistica-proximo-a-hidreletrica-de-mt.ghtml,outros,100
Condenado por estupro de vulnerável é recapturado após fugir do sistema prisional em Londrina - Rádio Paiquerê FM 98.9,2026-06-17T15:18:00+00:00,PR / Londrina,https://news.google.com/rss/articles/CBMivAFBVV95cUxNVjczVlJxOFdRb2hCNUVqeFZkZmNWajRySGU3bVl0QUVLbDZWbC1YWWNKcU81eTRJNkxxRU5FNUYyVWM5d3l1UXRqNm5jUHlTNWl1Q1pKczFhVXUydER3UlNoZndoX2dkSVJobTg5TV9iT09NempqVzA0Z0FDenNiTUpWMWhpUHNpbGFjN2tkQ2ZHdnBlX3BMN0xuZVNqS0FVVlJRbDlscjVMRTF1OFU5d0tmTnhCbVkycjFlVw?oc=5,policia,95
Homem que matou ex na frente da filha após dizer 'você acabou com minha vida' é condenado a 40 anos de prisão,2026-06-17T15:12:07+00:00,MA / São Luís,https://g1.globo.com/ma/maranhao/noticia/2026/06/17/homem-que-matou-ex-na-frente-da-filha-apos-dizer-voce-acabou-com-minha-vida-e-condenado-a-40-anos-de-prisao.ghtml,homicidio,100
"VÍDEO mostra motocicleta com cinco pessoas na rodovia Duca Serra, no Amapá",2026-06-17T15:08:33+00:00,AP / Macapá,https://g1.globo.com/ap/amapa/noticia/2026/06/17/video-mostra-motocicleta-com-cinco-pessoas-na-rodovia-duca-serra-no-amapa.ghtml,menor,85
Operação da Polícia Federal cumpre mandados de prisão e busca e apreensão no Ceará,2026-06-17T15:04:18+00:00,CE / Fortaleza,https://g1.globo.com/ce/ceara/noticia/2026/06/17/operacao-da-policia-federal-cumpre-mandados-de-prisao-e-busca-e-apreensao-no-ceara.ghtml,policia,95
"Operação mira integrantes do PCC e prende nove investigados em Ribeirão Preto, SP",2026-06-17T15:00:21+00:00,SP / Ribeirão Preto,https://g1.globo.com/sp/ribeirao-preto-franca/noticia/2026/06/17/operacao-mira-integrantes-do-pcc-e-prende-nove-investigados-em-ribeirao-preto-sp.ghtml,faccao,95
Justiça determina bloqueio de R$46 milhões do Consórcio Guaicurus após intervenção no contrato,2026-06-17T14:59:53+00:00,MS / Campo Grande,https://g1.globo.com/ms/mato-grosso-do-sul/noticia/2026/06/17/justica-determina-bloqueio-de-r46-milhoes-do-consorcio-guaicurus-apos-intervencao-no-contrato.ghtml,fraude,85
Influenciadora investigada por venda ilegal de medicamentos é impedida de deixar o país em aeroporto em SP,2026-06-17T14:58:20+00:00,RJ / Volta Redonda,https://g1.globo.com/rj/sul-do-rio-costa-verde/noticia/2026/06/17/influenciadora-investigada-por-venda-ilegal-de-medicamentos-e-impedida-de-deixar-o-pais-em-aeroporto-do-rj.ghtml,outros,85
Mulher morre após ingerir bebida adulterada com metanol em MT,2026-06-17T14:54:01+00:00,MT / Cuiabá,https://g1.globo.com/mt/mato-grosso/noticia/2026/06/17/mulher-morre-apos-ingerir-bebida-adulterada-com-metanol-em-mt.ghtml,homicidio,90
Lei Seca 18 anos: Petrópolis tem índice de alcoolemia acima da média do RJ,2026-06-17T14:53:05+00:00,RJ / Petrópolis,https://g1.globo.com/rj/regiao-serrana/noticia/2026/06/17/lei-seca-18-anos-petropolis-tem-indice-de-alcoolemia-acima-da-media-do-rj.ghtml,outros,90
Advogada morta em MG atuava na defesa de mulheres e fazia alertas sobre feminicídio,2026-06-17T14:47:51+00:00,MG / Governador Valadares,https://g1.globo.com/mg/vales-mg/noticia/2026/06/17/advogada-morta-em-mg-atuava-na-defesa-de-mulheres-e-fazia-alertas-sobre-feminicidio.ghtml,homicidio,100
Vídeo mostra correria em rancho após assassinato de campeão de vaquejada no Ceará,2026-06-17T14:47:27+00:00,CE / Fortaleza,https://g1.globo.com/ce/ceara/noticia/2026/06/17/video-mostra-correria-em-rancho-apos-assassinato-de-campeao-de-vaquejada-no-ceara.ghtml,homicidio,100
Justiça determina paralisação de obra sem licença em praça de São Luís e proíbe corte de árvores,2026-06-17T14:46:26+00:00,MA / São Luís,https://g1.globo.com/ma/maranhao/noticia/2026/06/17/justica-determina-paralisacao-de-obra-sem-licenca-em-praca-de-sao-luis-e-proibe-corte-de-arvores.ghtml,outros,95
Produtividade com baixo investimento será destaque na Expo+Indústria,2026-06-17T14:43:56+00:00,PR / Curitiba,https://g1.globo.com/pr/parana/especial-publicitario/fiep-produtividade-que-transforma/noticia/2026/06/17/produtividade-com-baixo-investimento-sera-destaque-na-expoindustria.ghtml,outros,95
Polícia Civil do Maranhão inicia Operação Virtude 2026 para combater violência contra idosos,2026-06-17T14:40:52+00:00,MA / São Luís,https://g1.globo.com/ma/maranhao/noticia/2026/06/17/policia-civil-do-maranhao-inicia-operacao-virtude-2026-para-combater-violencia-contra-idosos.ghtml,policia,100
Italiano condenado por estupro e exploração sexual na Itália é preso trabalhando em praia de PE,2026-06-17T14:39:14+00:00,PE / Recife,https://g1.globo.com/pe/pernambuco/noticia/2026/06/17/italiano-condenado-por-estupro-e-exploracao-sexual-na-italia-e-preso-trabalhando-em-praia-de-pe.ghtml,policia,95
"Homem é executado em fazenda durante disputa por carro clonado e dívida de R$ 50 mil em MG, diz PM",2026-06-17T14:37:44+00:00,MG / Uberlândia,https://g1.globo.com/mg/triangulo-mineiro/noticia/2026/06/17/homem-e-executado-em-fazenda-durante-disputa-por-carro-clonado-e-divida-de-r-50-mil-em-mg-diz-pm.ghtml,homicidio,95
ACIA Experience &amp; Varejo+: tendências da NRF chegam ao Sul de Minas,2026-06-17T14:37:23+00:00,MG / Pouso Alegre,https://g1.globo.com/mg/sul-de-minas/especial-publicitario/acia-associativismo-e-empreendedorismo-em-alfenas/noticia/2026/06/17/acia-experience-and-varejo-tendencias-da-nrf-chegam-ao-sul-de-minas.ghtml,outros,100
Foragido do Pará condenado por roubo e porte ilegal de arma é preso em Rio Branco - Jornal Opinião,2026-06-17T14:37:08+00:00,AC / Rio Branco,https://news.google.com/rss/articles/CBMirAFBVV95cUxNYU9QRzFXV0pEeWwtYWRwRTFhMDFXaDNjai1BSWNzMGF0TWZ4WVJOZktHZ0owcWF3bFExdUw2SVNNejB4RmhfSnJpVlNCcmpuM0gzQXVHRTVOQjlpRnh0c0FPeW1wanFKZGV4VnlfNExqZzVNMS1PUUtjNzZWSHNqYXVObXVMT2ptN1JoZzVWRUtldDdiS2tjX2x1UVlLVnROempEREhGckpYZUV6?oc=5,policia,95
Dupla é presa suspeita de clonar plataforma de investimentos e aplicar golpe de R$ 10 milhões no litoral de SP,2026-06-17T14:36:11+00:00,SP / Santos,https://g1.globo.com/sp/santos-regiao/noticia/2026/06/17/dupla-e-presa-suspeita-de-clonar-plataforma-de-investimentos-e-aplicar-golpe-de-r-10-milhoes-no-litoral-de-sp.ghtml,fraude,100
Câmera registra homem salvando criança de tentativa de sequestro na Zona Leste de SP,2026-06-17T14:33:29+00:00,SP / São Paulo / Guaianases,https://g1.globo.com/sp/sao-paulo/noticia/2026/06/17/camera-registra-homem-salvando-crianca-de-tentativa-de-sequestro-na-zona-leste-de-sp.ghtml,sequestro,100
Pistoleira suspeita de dupla execução no interior de MS é presa durante ação em MT,2026-06-17T14:32:54+00:00,MS / Campo Grande,https://g1.globo.com/ms/mato-grosso-do-sul/noticia/2026/06/17/mulher-investigada-por-homicidio-em-ms-e-presa-em-mt-durante-operacao-da-policia-civil.ghtml,homicidio,95
Operação mira organização criminosa ligada ao tráfico de drogas em Juiz de Fora,2026-06-17T14:31:06+00:00,MG / Juiz de Fora,https://g1.globo.com/mg/zona-da-mata/noticia/2026/06/17/operacao-mira-organizacao-criminosa-ligada-ao-trafico-de-drogas-em-juiz-de-fora.ghtml,policia,95
Operação mira organização criminosa ligada ao tráfico de drogas em Juiz de Fora - G1,2026-06-17T14:31:06+00:00,MG / Juiz de Fora,https://news.google.com/rss/articles/CBMi2AFBVV95cUxQTVlra2VScFVuSHBZdmFBRG8wQlYyQUpHVnJOWFhaeGUtY1E0UnNRWkk2ZGswSXpsQ2ptenpoM3ZmQ0t1RkRvbmpWNmxaaG0xaXBFTjJxM3NFcXA3NnkyR1FfejN1ck9FMUZkR3JzdkhnUHVrSTRnMExMVE05N2tiQkY0N1ViWENTWTZEbThzbkNhVlprUWtUd2pfSDd0M1VBSTJ2aGFQMGtBZUhHenFSUndpcE1QUXpRVDhndGlDbFRHelM5aGQ4TVNtcF9NdjRvM2ZVWnh5Z07SAecBQVVfeXFMTk40enFrUlk1U3BzRnNNTHBSR3p1Q1VnZUY4SHYwSDlOWmR0ZDVXcTZiNmZhcXlEWEt6X3JHRFYxQlJCTm1QaWdDQlh6MkVmREk3NWVuTGdvelN1WFF4d3NlRFpEUEhHYXY4bzJObUlCUnNvMEp3Mnh5YVBKSTBnWnRpYmFXU3FWbUpiQ05mSGNlQ3FDby1jNEh0UEh6bzc3UlB6QS1TQzJ6b0l2Vk1HUGhIbVh6M0xCcjNYaTZiTHpNWWFZcnM0cW9SOXRsQ292TjlMQUlZOXhubFpadC1qSFZtZE95TW5F?oc=5,policia,95
"Operação contra crime o organizado cumpre mandados em Fortaleza, Eusébio e Icapuí - CN7",2026-06-17T14:29:00+00:00,CE / Fortaleza,https://news.google.com/rss/articles/CBMiugFBVV95cUxQNXVHdTBheE5aNE1qVnNXRDIxSFAxM1pYakF3TExMLXNvRlVmN1hhVHY4bm54dXo1azE1V25VUzFnSUpPb1hyZWRWTDR6cjFZVVZod2NQV2ZXQUpBT3NrdnpSM25iSUlsMU4teWduMXg3Y3daQV9zTkV2RHJTWl90Um1EVkJldUVZa25ZazhJWC1pbWEwMmlKTE0wMWl6SzNYV011NXBndHEzQUxTUDlkMWpocHg5MnhBcGc?oc=5,policia,95
VÍDEO: ciclista é flagrado passando a mão em mulher em MT,2026-06-17T14:26:24+00:00,MT / Cuiabá,https://g1.globo.com/mt/mato-grosso/noticia/2026/06/17/video-ciclista-e-flagrado-passando-a-mao-em-mulher-em-mt.ghtml,violencia,90
R$ 70 mil por 20 anos em escravidão moderna? Entenda porque indenização de fazendeiro a casal de idosos só considerou 5 anos e excluiu mulher,2026-06-17T14:25:18+00:00,PR / Curitiba,https://g1.globo.com/pr/campos-gerais-sul/noticia/2026/06/17/r-70-mil-por-20-anos-em-escravidao-moderna-entenda-por-que-indenizacao-de-fazendeiro-a-casal-de-idosos-so-considerou-5-anos-e-excluiu-mulher.ghtml,outros,95
Dupla investigada por assaltos violentos é presa em operação no Pará,2026-06-17T14:22:38+00:00,PA / Belém,https://g1.globo.com/pa/para/noticia/2026/06/17/dupla-investigada-por-assaltos-violentos-e-presa-em-operacao-no-para.ghtml,roubo,95
"Cerca de 5 mil beneficiários de precatórios do Fundef ainda não solicitaram pagamento, alerta Seduc",2026-06-17T14:21:43+00:00,MA / São Luís,https://g1.globo.com/ma/maranhao/noticia/2026/06/17/cerca-de-5-mil-beneficiarios-de-precatorios-do-fundef-ainda-nao-solicitaram-pagamento-alerta-seduc.ghtml,outros,95
"Justiça condena casal a mais de 45 anos de prisão por maus-tratos, cárcere privado e homicídio de criança na Grande BH",2026-06-17T14:21:26+00:00,MG / Belo Horizonte,https://g1.globo.com/mg/minas-gerais/noticia/2026/06/17/justica-condena-casal-a-mais-de-45-anos-de-prisao-por-maus-tratos-carcere-privado-e-homicidio-de-crianca-na-grande-bh.ghtml,homicidio,100
Ciclistas ficam feridos em acidente entre bicicletas na ciclovia da Terceira Ponte,2026-06-17T14:21:21+00:00,ES / Vitória,https://g1.globo.com/es/espirito-santo/noticia/2026/06/17/ciclistas-ficam-feridos-em-acidente-entre-bicicletas-na-ciclovia-da-terceira-ponte.ghtml,outros,95
VÍDEO: idoso tem celular e aliança roubados em Campinas,2026-06-17T14:18:35+00:00,SP / Campinas,https://g1.globo.com/sp/campinas-regiao/noticia/2026/06/17/video-idoso-tem-celular-e-alianca-roubados-em-campinas.ghtml,roubo,95
Padrasto é preso após ameaçar enteada de 15 anos com arma durante discussão em MG,2026-06-17T14:16:41+00:00,MG / Divinópolis,https://g1.globo.com/mg/centro-oeste/noticia/2026/06/17/padrasto-e-preso-apos-ameacar-enteada-de-15-anos-com-arma-durante-discussao-em-mg.ghtml,violencia,95
"Dois homens morrem em grave acidente na BR-020, no Sudeste do Piauí",2026-06-17T14:15:06+00:00,PI / Teresina,https://g1.globo.com/pi/piaui/noticia/2026/06/17/homens-acidente-piaui.ghtml,homicidio,90
"Operação cumpre mandados de prisão e busca e apreensão contra organização criminosa no RN, CE e SC",2026-06-17T14:12:47+00:00,CE / Fortaleza,https://g1.globo.com/rn/rio-grande-do-norte/noticia/2026/06/17/operacao-mandados-prisao-apreensao-organizacao-criminosa.ghtml,policia,95
"Suspeito invade casa, faz idosos de 74 anos reféns por cerca de 4 horas e ameaça explodir residência no PI",2026-06-17T14:12:11+00:00,PI / Teresina,https://g1.globo.com/pi/piaui/noticia/2026/06/17/suspeito-invade-casa.ghtml,sequestro,95
Menino de 15 anos é suspeito de matar ex-padrasto a facadas para defender a mãe em Campo Grande,2026-06-17T14:09:23+00:00,MS / Campo Grande,https://g1.globo.com/ms/mato-grosso-do-sul/noticia/2026/06/17/adolescente-de-15-anos-e-identificado-como-suspeito-de-matar-ex-padrasto-a-facadas-em-campo-grande.ghtml,homicidio,95
Leonardo faz homenagem à mãe ao dar o seu nome a fazenda,2026-06-17T14:08:25+00:00,GO / Goiânia,https://g1.globo.com/go/goias/noticia/2026/06/17/leonardo-faz-homenagem-a-mae-ao-dar-o-seu-nome-a-fazenda.ghtml,outros,100
Ex-secretário de Economia do DF é alvo de operação da Polícia Civil e do MP,2026-06-17T14:08:11+00:00,DF / Brasília,https://g1.globo.com/df/distrito-federal/noticia/2026/06/17/servidor-da-secretaria-de-economia-do-df-e-alvo-de-operacao-da-policia-civil-e-do-mp.ghtml,policia,95
Buffet não entrega serviço a tempo e frustra aniversário infantil em Fortaleza,2026-06-17T14:07:33+00:00,CE / Fortaleza,https://g1.globo.com/ce/ceara/noticia/2026/06/17/buffet-nao-entrega-servico-a-tempo-e-frustra-aniversario-infantil-em-fortaleza.ghtml,fraude,85
"Homem condenado por duplo homicídio é preso ao tentar fugir da polícia em Porto Grande, no AP",2026-06-17T14:04:48+00:00,AP / Macapá,https://g1.globo.com/ap/amapa/noticia/2026/06/17/homem-condenado-por-duplo-homicidio-e-preso-ao-tentar-fugir-da-policia-em-porto-grande-no-ap.ghtml,homicidio,95
"Suspeito de matar servidora pública concorreu a vereador em 2024, no Ceará",2026-06-17T14:04:09+00:00,CE / Fortaleza,https://g1.globo.com/ce/ceara/noticia/2026/06/17/suspeito-de-matar-servidora-publica-concorreu-a-vereador-em-2024-no-ceara.ghtml,homicidio,100
Prefeitura de Volta Redonda abre concurso com vagas para enfermeiro e técnico de enfermagem,2026-06-17T14:02:49+00:00,RJ / Volta Redonda,https://g1.globo.com/rj/sul-do-rio-costa-verde/noticia/2026/06/17/prefeitura-de-volta-redonda-abre-concurso-com-vagas-para-enfermeiro-e-tecnico-de-enfermagem.ghtml,outros,95
Cachorro é morto a tiros e queimado em Santa Maria da Boa Vista; suspeito é identificado,2026-06-17T14:01:55+00:00,PE / Boa Vista,https://g1.globo.com/pe/petrolina-regiao/noticia/2026/06/17/cachorro-e-morto-a-tiros-e-queimado-em-santa-maria-da-boa-vista-suspeito-e-identificado.ghtml,violencia,95
Mulher é presa com 780 kg de produtos químicos e 200 kg de explosivos para garimpo em RR,2026-06-17T13:54:47+00:00,RR / Boa Vista,https://g1.globo.com/rr/roraima/noticia/2026/06/17/mulher-explosivos-produtos-quimicos-raposa-serra-do-sol-policia-federal.ghtml,policia,95
Veja o que se sabe sobre o caso do jovem que matou pai e madrasta enquanto eles dormiam em Salto,2026-06-17T13:54:22+00:00,SP / Sorocaba,https://g1.globo.com/sp/sorocaba-jundiai/noticia/2026/06/17/veja-o-que-se-sabe-sobre-o-caso-do-jovem-que-matou-pai-e-madrasta-enquanto-eles-dormiam-em-salto.ghtml,homicidio,100
Funcionárias de escola municipal de Patos são indiciadas por furto de tablets,2026-06-17T13:52:17+00:00,PB / João Pessoa,https://g1.globo.com/pb/paraiba/noticia/2026/06/17/funcionarias-de-escola-municipal-de-patos-sao-indiciadas-por-furto-de-tablets.ghtml,furto,100
Operação investiga chefes de facção envolvidos em esquartejamento de idosa e execução de mulher no Amapá,2026-06-17T13:48:25+00:00,AP / Macapá,https://g1.globo.com/ap/amapa/noticia/2026/06/17/operacao-investiga-chefes-de-faccao-envolvidos-em-esquartejamento-de-idosa-e-execucao-de-mulher-no-amapa.ghtml,policia,95
Colisão entre carreta e carros em Indaial deixa 1 morto e 3 feridos na BR-470,2026-06-17T13:45:59+00:00,SC / Florianópolis,https://g1.globo.com/sc/santa-catarina/noticia/2026/06/17/acidente-veiculos-morte-feridos-br-101-indaial-sc.ghtml,homicidio,95
Empresa de transporte urbano paralisa serviço em Itaperuna por falta de recursos,2026-06-17T13:45:08+00:00,RJ / Campos dos Goytacazes,https://g1.globo.com/rj/norte-fluminense/noticia/2026/06/17/empresa-de-transporte-urbano-paralisa-servico-em-itaperuna-por-falta-de-recursos.ghtml,outros,95
Mulher é presa em Botucatu por armazenar material de abuso sexual infantil envolvendo a filha em celular,2026-06-17T13:39:31+00:00,SP / Bauru,https://g1.globo.com/sp/bauru-marilia/noticia/2026/06/17/mulher-e-presa-em-botucatu-por-armazenar-material-de-abuso-sexual-infantil-envolvendo-a-filha-em-celular.ghtml,menor,85
"Menina foi encontrada morta após fralda ser achada e cães seguirem pista, dizem bombeiros",2026-06-17T13:38:11+00:00,GO / Goiânia,https://g1.globo.com/go/goias/noticia/2026/06/17/menina-foi-encontrada-morta-apos-fralda-ser-achada-e-caes-seguirem-pista-dizem-bombeiros.ghtml,homicidio,95
"Homem em situação de rua é morto com bloco de concreto enquanto dormia em Imperatriz, no MA",2026-06-17T13:37:27+00:00,MA / São Luís,https://g1.globo.com/ma/maranhao/regiao-tocantina/noticia/2026/06/17/homem-em-situacao-de-rua-e-morto-com-bloco-de-concreto-enquanto-dormia-em-imperatriz-no-ma.ghtml,homicidio,100
Caminhoneiro que morreu no Paraná atingido por trem estava a 100 metros do local onde iria parar,2026-06-17T13:35:18+00:00,PR / Curitiba,https://g1.globo.com/pr/norte-noroeste/noticia/2026/06/17/motorista-acidente-trem-apucarana.ghtml,outros,95
Homem é preso por roubo a comércio em Joinville - chuville.com,2026-06-17T13:28:59+00:00,SC / Joinville,https://news.google.com/rss/articles/CBMiggFBVV95cUxQX3NsSVZ6cTJGRWpWY1AxaUNoa2NEdkg1S01xY3Vvb2FVV2t3SmFGS2NuNlVlT2FwaVNuMXdMNTBIZElYenZWN2lINENLU1BUMlVjUnpTUXF6Tm1YN2F6aU5XZzduMmhmNi1BSzVEdjBBYnhMZ0lCNGwzZFQweTNWSmtR?oc=5,roubo,100
Livro sobre maestro Deoclécio Damasceno será lançado nesta quarta em Petrópolis,2026-06-17T13:26:59+00:00,RJ / Petrópolis,https://g1.globo.com/rj/regiao-serrana/noticia/2026/06/17/livro-sobre-maestro-deoclecio-damasceno-sera-lancado-nesta-quarta-em-petropolis.ghtml,outros,100
"Processo de desertificação atinge 62 municípios e 5 novas áreas no RN, aponta estudo",2026-06-17T13:23:58+00:00,RN / Natal,https://g1.globo.com/rn/rio-grande-do-norte/noticia/2026/06/17/processo-desertificacao-rn-estudo.ghtml,outros,100
Advogado com nanismo reprovado em concurso para delegado diz que já esperava ter o pedido de recurso negado,2026-06-17T13:20:05+00:00,GO / Goiânia,https://g1.globo.com/go/goias/noticia/2026/06/17/advogado-com-nanismo-reprovado-em-concurso-para-delegado-diz-que-ja-esperava-ter-o-pedido-de-recurso-negado.ghtml,outros,85
Superintendente investigado por fraude em contrato de R$ 139 milhões é exonerado do cargo,2026-06-17T13:18:47+00:00,TO / Palmas,https://g1.globo.com/to/tocantins/noticia/2026/06/17/superintendente-investigado-por-fraude-em-contrato-de-r-139-milhoes-e-exonerado-do-cargo.ghtml,fraude,100
Feminicídio: Advogada é morta a tiros pelo ex-marido em estacionamento - Migalhas,2026-06-17T13:18:00+00:00,MG / Governador Valadares,https://news.google.com/rss/articles/CBMisgFBVV95cUxOREJjUG1iM1pVb3J3YTRUTmVyVEd4Nk9QZkJqWW43ajFkSlJISmpZbVpMbmVxZlRvTy05NVJNZjZZSVdhZHp4ZHdnSjAyYnpQZzZ0c0RxUGR0SWpkTmVDbVE3amtrdXdvM1Bwb3EyeENrV0FjVzl0YVpJNFZWUmhLYUFvR3daZFZldUdnWDVHUVZUSDE4VjFfLTgtRUxTaFgybUlZX1RNRElPSVJPVW04clB3?oc=5,homicidio,100
Tripulante filipino é preso suspeito de matar compatriota dentro de navio no Porto de Santos,2026-06-17T13:15:24+00:00,SP / Santos,https://g1.globo.com/sp/santos-regiao/porto-mar/noticia/2026/06/17/tripulante-filipino-e-preso-suspeito-de-matar-compatriota-dentro-de-navio-no-porto-de-santos.ghtml,homicidio,100
"Mulher é presa por suspeita de atropelar e matar cunhado de propósito em Barretos, SP",2026-06-17T13:14:28+00:00,SP / Ribeirão Preto,https://g1.globo.com/sp/ribeirao-preto-franca/noticia/2026/06/17/mulher-e-presa-por-suspeita-de-atropelar-e-matar-cunhado-de-proposito-em-barretos-sp.ghtml,homicidio,100
Homem é preso com pepita de ouro escondida em lanterna na BR-401 em RR,2026-06-17T13:09:17+00:00,RR / Boa Vista,https://g1.globo.com/rr/roraima/noticia/2026/06/17/homem-e-preso-com-pepita-de-ouro-escondida-em-lanterna-na-br-401-em-rr.ghtml,policia,95
PRF apreende carga de conhaque avaliada em R$ 500 mil em Serra Talhada,2026-06-17T13:08:39+00:00,PE / Caruaru,https://g1.globo.com/pe/caruaru-regiao/noticia/2026/06/17/prf-apreende-carga-de-conhaque-avaliada-em-r-500-mil-em-serra-talhada.ghtml,policia,95
Trabalhador morre após cair de torre de telefonia de 19 metros na BR-163 em MT,2026-06-17T13:06:33+00:00,MT / Cuiabá,https://g1.globo.com/mt/mato-grosso/noticia/2026/06/17/trabalhador-morre-apos-cair-de-torre-de-telefonia-de-19-metros-na-br-163-em-mt.ghtml,outros,95
"Homem é morto por PM à paisana após atirar contra feirante em Icoaraci, distrito de Belém",2026-06-17T13:06:23+00:00,PA / Belém,https://g1.globo.com/pa/para/noticia/2026/06/17/homem-e-morto-por-pm-a-paisana-apos-atirar-contra-feirante-em-icoaraci-distrito-de-belem.ghtml,homicidio,95
Postagem para comando de facção após morte de comparsas leva homem à prisão em Uberlândia,2026-06-17T13:06:10+00:00,MG / Uberlândia,https://g1.globo.com/mg/triangulo-mineiro/noticia/2026/06/17/postagem-para-comando-de-faccao-apos-morte-de-comparsas-leva-homem-a-prisao-em-uberlandia.ghtml,faccao,95
Nutricionista do Hospital Infantil Lucídio Portella morre aos 44 anos em Teresina,2026-06-17T13:05:58+00:00,PI / Teresina,https://g1.globo.com/pi/piaui/noticia/2026/06/17/nutricionista-morre-teresina.ghtml,homicidio,95
Vídeo: Jovem denuncia vizinho por invadir casa para vê-la trocando de roupa em Teresina; suspeito foi preso,2026-06-17T13:04:23+00:00,PI / Teresina,https://g1.globo.com/pi/piaui/noticia/2026/06/17/jovem-denuncia-vizinho-invasao-casa-teresina.ghtml,outros,95
São Paulo amplia cooperação com outros estados em estratégia de descapitalização do crime organizado - Agência SP,2026-06-17T12:58:03+00:00,SP / São Paulo,https://news.google.com/rss/articles/CBMizgFBVV95cUxNUG0zQTh0cFFCcWJmdlB5Z09uUUkzNkhxLUl2Vm5HUlRSSndJd1FyanNNZDJzc3lTUnVzaFZ2TnN1aDQ3b1VKMExjZ3JVUkRSelVXN3NXd1ZWc0l4N1QxVWFFR1FTVmxfVXFSNkpJVnNIX2lFbHd4R2F1b1BSSXRfTHZRYklqTE81U1dYbllHaE8wNUt6dEZsWm41bGlqa2NVZEhVMWNCak1BX0Fma1JPOFY3bHp1NTg4SzdmVUcyUTlaSlNiMTF3cHlWbzYydw?oc=5,faccao,90
Concurso do Crea-RO oferece vagas para nove cidades,2026-06-17T12:57:18+00:00,RO / Porto Velho,https://g1.globo.com/ro/rondonia/noticia/2026/06/17/concurso-do-crea-ro-oferece-vagas-para-nove-cidades.ghtml,outros,100
Concurso da Câmara de Bonito é anulado após acordo judicial; candidatos terão direito a reembolso,2026-06-17T12:56:31+00:00,MS / Campo Grande,https://g1.globo.com/ms/mato-grosso-do-sul/noticia/2026/06/17/concurso-da-camara-de-bonito-e-anulado-apos-acordo-judicial-candidatos-terao-direito-a-reembolso.ghtml,fraude,90
Menina que sumiu em fazenda é encontrada morta no dia do aniversário,2026-06-17T12:54:27+00:00,GO / Goiânia,https://g1.globo.com/go/goias/noticia/2026/06/17/menina-que-sumiu-em-fazenda-e-encontrada-morta-diz-policia.ghtml,homicidio,100
"No Passaré, em Fortaleza, 19º BPM captura homem com mandado de prisão por roubo e furto - pm.ce.gov.br",2026-06-17T12:48:00+00:00,CE / Fortaleza,https://news.google.com/rss/articles/CBMivwFBVV95cUxPU1lySkFuSlFZRnM4Smd2ZnpuWXZlMWZEeDZvVHJUY1ZqVVBoVUpRMmZQYU5UUGxtSWFvWTZMMWl4UTRMZzZKd0luYWx4VVJBeG9KcFRDelIwdlJnOVN2X2V5dGJlM19jbjhuRnlpSVMwSmlGOGQ2ZFZaM1d0Y255WUx5YzRqaVRzTVU1Nkt2RWxvVXdQVXpyYk81dWV3N2prT2R6dlFHZURjek9vSXdhYVN5TkNyTVZEdnhWZURTUQ?oc=5,policia,95
Operação do MPRN mira núcleo financeiro do Sindicato do Crime em Natal - Agora RN,2026-06-17T12:47:02+00:00,RN / Natal,https://news.google.com/rss/articles/CBMipAFBVV95cUxQTXppQ3g5QmNicmtjSXpmOG9ZWDNrWWNQRWx0NGt0OVVUQzVuLV9FSFRwdUFscVBJN0hPZ0JlZk1NSjVZWmpuMTk3Mm5FdktCV0FvcjJvb1B4Tm9xMUVFWXZra3ktOGtTLUlHcTUtaTlFZWhlY09yUnU4X0hNZ0d6RnVaVUFqV1A5ZGZlSXh4empMVy1lYVV0MzhDWmtsVDRFZF9uaQ?oc=5,policia,95
Suspeito de roubo a comércio no bairro Aventureiro é detido em Joinville - Ponto Norte,2026-06-17T12:45:00+00:00,SC / Joinville,https://news.google.com/rss/articles/CBMiwwFBVV95cUxQeEZ4RURNSlFrSkl3TjNwZzhYc3lyb2txWFFONUVrM25qT1N2dkhhNWQ1cVlpSFdtb0RJTFdPN2M4a0Q0ZDRZamI0dm1VVHQ2bmFiYVFLblRwQWtBOW5tSzVXOEJLaFlXWWhNQk9kMUxTX0VFSkk0NUhpcU45bTFuekh3S1lPSklaeGp6czNSQWxDWkhBY1pFcVVTMmpJcWt6N2lJYUl2NTNEeFlNZjZoZlI5YUlWNk5TcmJaeTI0OFVKWms?oc=5,roubo,100
Prouni Pernambuco oferece 500 bolsas de estudo no ensino superior; saiba como se inscrever,2026-06-17T12:44:15+00:00,PE / Recife,https://g1.globo.com/pe/pernambuco/educacao/noticia/2026/06/17/prouni-pernambuco-oferece-500-bolsas-de-estudo-no-ensino-superior-saiba-como-se-inscrever.ghtml,outros,100
Corpo de idoso morto pelo ‘tribunal do crime’ é encontrado concretado em geladeira - O TEMPO,2026-06-17T12:43:30+00:00,MG / Uberlândia,https://news.google.com/rss/articles/CBMiwgFBVV95cUxQMDhRaVYzb19uTUtxNU00ZElveThYeWdONE1uc2dQbWl3Rm5MbWNJMkpNbmlHTnFtUHE3VnFnZzFNZ0hkU3laNlRMRHNwRTh4cHJZdmRuNDRCeG96MjJtaUF3czJNT2tURFlXWTZXMlVveEw1dkpOenlrazdtczZXVXQxWkRkbVNCaDdtY3B3MHhTaURhbng0X3NkeDNPcnl4YU9OX1dhQnp1YmNORTk3Z1g5dHk2WmhUQmhGNS1LQnJWUdIBxwFBVV95cUxONzZhMTI5aEtDV0wxU0xnX3F5OHhCU2l4U3N5cjN4T3VhQTdCY2lFRFJ5Uy1acG1XRGUxY2g3NVdLT0R6aUVwWTZHTnNOTTJScXpBZnVzdTBiWkMyRWs1Ynk5VEJlc0x6VXZjLUk1RWxubFJqN24tNGdBSkhuNVFmNlNSekpRWmN0ZzlfSXdBRThPNnN2cDljeHJKNm1talhZc3NKMUJfWWQtNTBLU08xMVA2dkhxZUlwZDV0ZUtqSzhlTmRjUGxR?oc=5,homicidio,100
Pesquisadores da UFMA lançam documentário sobre a história de moradores do Itaqui-Bacanga,2026-06-17T12:43:17+00:00,MA / São Luís,https://g1.globo.com/ma/maranhao/noticia/2026/06/17/pesquisadores-da-ufma-lancam-documentario-sobre-a-historia-de-moradores-do-itaqui-bacanga.ghtml,outros,100
Primeiro réu pela morte do ativista político Jonas Soprani é condenado a 59 anos de prisão no ES,2026-06-17T12:41:56+00:00,ES / Vitória,https://g1.globo.com/es/espirito-santo/norte-noroeste-es/noticia/2026/06/17/primeiro-reu-pela-morte-do-ativista-politico-jonas-soprani-e-condenado-a-59-anos-de-prisao-no-es.ghtml,homicidio,100
Servidor público é preso suspeito de agredir companheira em Divinópolis,2026-06-17T12:37:26+00:00,MG / Divinópolis,https://g1.globo.com/mg/centro-oeste/noticia/2026/06/17/servidor-publico-e-preso-suspeito-de-agredir-companheira-em-divinopolis.ghtml,violencia,100
Roubo a supermercado termina com suspeito morto em confronto com a PM em Curitiba; comparsas fugiram - Banda B,2026-06-17T12:30:00+00:00,PR / Curitiba,https://news.google.com/rss/articles/CBMilgFBVV95cUxQc184RjU2VVVmcWd6aldwZS11elJrY0RzREFTQzBxZ1dPVS02ZXFfSnpCUEN5RWhXN253cTQ3Wkt2QmdDTDdhakQ3Y2lCQXFPNFBlMjFRWUNiTDRMWS1xdnU0WVNLdFZyRHRzMUxLYTRValpQU2tPdVBiVVY0Z3RVcnFzNml0TWgweHpaS0VCR0t2WF9qTkHSAZsBQVVfeXFMTnZ5UGY3azlCTW9uT3dmV0tWclBwcHhQa0JUY2RtRG1EeTQtSlFkVkV4TklTUjI5OEtUV0xWamxSNVR4ZW8wMkg0YXZkUWtOZWFQVXlqVnRBZlJKYjVnd3Nfa3lhR0Y2THgwcFpPTXhSMnV2Q2dmazI4U2tEdUN1c003MkVscGlVc0tUc2NWdG5lMUt4THYzQjRha2c?oc=5,homicidio,95
Caminhão com carga de 61 bois tomba na RJ-168 em Macaé; 18 animais morrem,2026-06-17T12:29:41+00:00,RJ / Campos dos Goytacazes,https://g1.globo.com/rj/norte-fluminense/noticia/2026/06/17/caminhao-com-carga-de-61-bois-tomba-na-rj-168-em-macae-18-animais-morrem.ghtml,outros,95
Operação afasta 142 adolescentes de trabalho infantil em fábricas de calçados no RS,2026-06-17T12:28:31+00:00,RS / Porto Alegre,https://g1.globo.com/rs/rio-grande-do-sul/noticia/2026/06/17/operacao-afasta-142-adolescentes-de-trabalho-infantil-em-fabricas-de-calcados-no-rs.ghtml,menor,95
FEMINICÍDIO CHOCA GOVERNADOR VALADARES - Diário de Caratinga,2026-06-17T12:28:00+00:00,MG / Governador Valadares,https://news.google.com/rss/articles/CBMihwFBVV95cUxNT1ZQTGNkTkw5MFpOcjl3c2N3cmFyWUVKWlZfdWhxZVhPZmo3dGxCU2NQRWN6cjBUajhpTFlGVUxMTHhsY214NlIxa1dGUzF1TlVuczJnS0pEQ2FJZW00bHBNMVNhSE5yVTA0T0FhVktpbzVvM0lSTHVjZ2d3WXBXVG02VzJSR0U?oc=5,homicidio,100
Foragido da Justiça por estupro de vulnerável é preso em Angra dos Reis,2026-06-17T12:26:07+00:00,RJ / Volta Redonda,https://g1.globo.com/rj/sul-do-rio-costa-verde/noticia/2026/06/17/foragido-da-justica-por-estupro-de-vulneravel-e-preso-em-angra-dos-reis.ghtml,policia,95
Foragido de Maringá por roubo é preso em Peabiru - Tribuna do Interior,2026-06-17T12:24:10+00:00,PR / Maringá,https://news.google.com/rss/articles/CBMimwFBVV95cUxORjVCelMyLWdTNFYtZE80WjAtUVEteVpKTEFodVFieWdpTGx5LVNzalZISWU4cy13RGhJNzduRFZSa1Jpanhkd2lzZ0RpTktOdmtZMXpoczdyTUE1U25kcVJTdVRHRnNhMC14eTBDbVc2SkxMLURQSFYxM3ZzbExoTHUyOEdTa2RoOFVPaVZvQ205QWVnR3cyTGVBWQ?oc=5,policia,95
Adolescente é apreendido e grande quantidade de drogas são encontradas em Angra dos Reis,2026-06-17T12:17:56+00:00,RJ / Volta Redonda,https://g1.globo.com/rj/sul-do-rio-costa-verde/noticia/2026/06/17/adolescente-e-apreendido-e-grande-quantidade-de-drogas-sao-encontradas-em-angra-dos-reis.ghtml,policia,85
Advogada morta pelo ex-marido em MG tinha medida protetiva e denunciou ameaças dias antes,2026-06-17T12:17:08+00:00,MG / Governador Valadares,https://g1.globo.com/mg/vales-mg/noticia/2026/06/17/advogada-morta-em-governador-valadares-tinha-medida-protetiva-e-denunciou-ameacas-dias-antes.ghtml,homicidio,100
Advogada morta pelo ex-marido em MG tinha medida protetiva e denunciou ameaças dias antes - G1,2026-06-17T12:17:08+00:00,MG / Governador Valadares,https://news.google.com/rss/articles/CBMi5AFBVV95cUxPWkpTY0owVUhDaURCQlk4QjBlaEZsdDhqVWpKYzAtTm14dGRnVHp3X1RtMTI2SENVZWd3bm02M1pEenZuZTdNZmZ1VmxrMWxKM00zbjNCdzVEdFJ5LXVMQ3ZiVkVmSnY3NUthdjVKSnNlT0lwY3VxbUhfcXdvZ1ItLWpwQlMxai10Y1BhcmxpeXRRdTg3MDB0YzBOek9NUlFPVEVIaUlfaTRlOHNRbXV2OFhlQ1BuMFFFNEx0SmpBLWF6a2NtLVZ5ZG8xXzA0MHFVUFk3V29Pb3pTZy1RaFU5LUJuanrSAfMBQVVfeXFMUFEwM3FQNXJnRUNNa1h5N3Q2NkpqVXVQbzJSWXJ6TnJ4TWxja09QRE5mTDd4YnE2aHVHT2EwSld1Z0h2U1ZyaGtlb3FqOUpwdTBXOTlkYVI5VlV6SkdHNnpNVVRkcEFfZTdwcEJtVHZCM2R5SlIzYm9CaXJ3cGhyeGJrOEplUFktWHBsTkZNNHg4a1dhLWFXS1FwNFptTG1LeWpnLWdIQVN6ZnY4WDZ5eUNTSDJZQXhPcDlNck1nclJGcVQ4QW51eEVDOUFnQ2luaTR4M0tUS21od3ZzdjJGYXNLOVJMRVliakZGY291NGlVZnM4?oc=5,homicidio,100
"Dois suspeitos são mortos pela PM durante abordagem em Osasco, na Grande SP; VÍDEO",2026-06-17T12:13:37+00:00,SP / Osasco,https://g1.globo.com/sp/sao-paulo/noticia/2026/06/17/dois-suspeitos-sao-mortos-pela-pm-durante-abordagem-em-osasco-na-grande-sp-video.ghtml,policia,90
Motorista que atropelou homem em posto de combustível no Amapá é preso,2026-06-17T12:11:57+00:00,AP / Macapá,https://g1.globo.com/ap/amapa/noticia/2026/06/17/motorista-que-atropelou-homem-em-posto-de-combustivel-no-amapa-e-preso.ghtml,policia,85
Operação contra agiotagem prende suspeito e apreende veículos de luxo avaliados em cerca de R$ 500 mil em Rio Preto,2026-06-17T12:00:48+00:00,SP / São José do Rio Preto,https://g1.globo.com/sp/sao-jose-do-rio-preto-aracatuba/noticia/2026/06/17/operacao-contra-agiotagem-prende-suspeito-e-apreende-veiculos-de-luxo-avaliados-em-cerca-de-r-500-mil-em-rio-preto.ghtml,policia,95
"Adolescentes são apreendidos por envolvimento no assassinato de uma mulher de 33 anos, em Petrolina; vítima estava dormindo no momento do crime | Preto no Branco - Preto no Branco | Com Sibelle Fonsec",2026-06-17T12:00:37+00:00,PE / Petrolina,https://news.google.com/rss/articles/CBMiiwJBVV95cUxPVWIwRUZGOE9SNzdLb0drUGFpaWNUazQzYlBiblpOa2VXTVRKOEdLd0tQT2s4Q3ZkSUN3YVRKYXFDeTlGYS12VmtqLXdvRS1aNjBvbHpzOWNwTDVIVWw3eXFyNjM5SXVobXVNcG5XdFJKajNHeHkyTzM3VEdfWDdTTkx0VTAtMGZ5bzRyWTBKc1dwa1VLQXJtWkdDazRZRzlWZWhOdDAxR2VlVE1UbWJRWUw2bU5ZVm10WDRicXhUOTlJbl9kZDNrOUFNdDF1TnVBUVNZTTBlUzJqNFEySi11cldxZ3RmaTB4cElDOUtmaTJUeVpKVGhzdUJqWjlIUlBxNTZyZkpWS1RiR00?oc=5,homicidio,100
Técnica de enfermagem é condenada a 24 anos de prisão por matar empresário após término e redução de 'auxílio mensal',2026-06-17T11:58:50+00:00,TO / Palmas,https://g1.globo.com/to/tocantins/noticia/2026/06/17/tecnica-de-enfermagem-e-condenada-a-24-anos-de-prisao-por-matar-empresario-apos-termino-e-reducao-de-auxilio-mensal.ghtml,homicidio,100
Familiares e amigos se despedem de pai e filho vítimas de acidente em Poço Redondo,2026-06-17T11:58:08+00:00,SE / Aracaju,https://g1.globo.com/se/sergipe/noticia/2026/06/17/familiares-e-amigos-se-despedem-de-vitimas-de-acidente-entre-carro-e-caminhao-em-poco-redondo.ghtml,homicidio,95
"Homem é alvo de operação da PF que investiga armazenamento de imagens contendo exploração sexual infantojuvenil, no Sertão",2026-06-17T11:57:24+00:00,PB / João Pessoa,https://g1.globo.com/pb/paraiba/noticia/2026/06/17/homem-e-alvo-de-operacao-da-pf-que-investiga-armazenamento-de-imagens-contendo-exploracao-sexual-infantojuvenil-no-sertao.ghtml,policia,95
PF investiga comércio ilegal de medicamentos distribuídos em João Pessoa e outros estados,2026-06-17T11:56:32+00:00,PE / João Pessoa,https://g1.globo.com/pb/paraiba/noticia/2026/06/17/pf-investiga-comercio-ilegal-de-medicamentos-distribuidos-em-joao-pessoa-e-outros-estados.ghtml,policia,90
Criança de 6 anos fica ferida após carro ser atingido na traseira  por carreta em Cariacica; motorista fugiu,2026-06-17T11:52:47+00:00,ES / Vitória,https://g1.globo.com/es/espirito-santo/noticia/2026/06/17/crianca-de-6-anos-fica-ferida-apos-carro-ser-atingido-na-traseira-por-carreta-em-cariacica-motorista-fugiu.ghtml,outros,100
VÍDEO: Carro de empresa de internet é incendiado ao lado de delegacia em Paracambi,2026-06-17T11:52:09+00:00,RJ / Volta Redonda,https://g1.globo.com/rj/sul-do-rio-costa-verde/noticia/2026/06/17/video-carro-de-empresa-de-internet-e-incendiado-ao-lado-de-delegacia-em-paracambi.ghtml,violencia,85
"Defesa de detento que morreu na Papuda, no DF, denuncia demora no atendimento médico",2026-06-17T11:48:21+00:00,DF / Brasília,https://g1.globo.com/df/distrito-federal/noticia/2026/06/17/defesa-de-detento-que-morreu-na-papuda-no-df-denuncia-demora-no-atendimento-medico.ghtml,homicidio,95
"Adolescente de 14 anos encontrada morta em área de mata no Paraná gritou por ajuda antes do crime, diz polícia",2026-06-17T11:45:09+00:00,PR / Curitiba,https://g1.globo.com/pr/oeste-sudoeste/noticia/2026/06/17/adolescente-de-14-anos-encontrada-morta-no-parana.ghtml,homicidio,100
Mulher morre e criança fica ferida após moto colidir com ônibus em Santa Luzia do Paruá; VÍDEO,2026-06-17T11:42:34+00:00,MA / São Luís,https://g1.globo.com/ma/maranhao/noticia/2026/06/17/mulher-morre-e-crianca-fica-ferida-apos-moto-colidir-com-onibus-em-santa-luzia-do-parua-video.ghtml,outros,95
Dois homens são presos suspeitos de participar de mega-assalto a bancos no Paraguai,2026-06-17T11:38:43+00:00,PR / Curitiba,https://g1.globo.com/pr/oeste-sudoeste/noticia/2026/06/17/dois-homens-sao-presos-suspeitos-de-participar-de-mega-assalto-no-paraguai.ghtml,roubo,95
Suspeito de matar companheira na frente das filhas em Jaboatão é transferido para o Cotel - Diario de Pernambuco,2026-06-17T11:38:06+00:00,PE / Jaboatão,https://news.google.com/rss/articles/CBMi-AFBVV95cUxPMVhVMTBmWWs1NWJOU1lSemd1YlJlNzh4RWdBVWF6Rng2bXNUaFpWY2pfV2hVMnozN3BZUTk3cml1TFBDVGhzTjF2VkN6MzgyLTFscEFtY3ZwTW1SSzJ6QUFWcTJYMWxEa29ZTEkxT2JYWWZibkIzdHJTaGczMEZ0eGdYN0k0TUVwZHdvazEyV09QWE5zdXMtRkZKRnJYcHQ4RjZEdHRqZlZpTXc5RXk2R2kzWlFZX2RWV0lwcWFhLU0tUjNKRzlHZWNMWWxjU0pfS0xYeFZFRVJudkFGZllHWjkyQjM0T1czbUZFODc2Z3Bocm5ROUJvWg?oc=5,homicidio,100
Mais de 15 pessoas são alvos de operação contra tráfico interestadual de drogas em Cuiabá,2026-06-17T11:35:28+00:00,MT / Cuiabá,https://g1.globo.com/mt/mato-grosso/noticia/2026/06/17/mais-de-15-pessoas-sao-alvos-de-operacao-contra-trafico-interestadual-de-drogas-em-cuiaba.ghtml,trafico,100
Homem de 35 anos é perseguido e executado com tiros na cabeça - Repórter PB,2026-06-17T11:30:00+00:00,PB / João Pessoa,https://news.google.com/rss/articles/CBMiywFBVV95cUxNaDFBaHJhWUcxdXgyYWlWM0Y5cl9XbmtQNGYzTUFEMlBPSzBPeXVrOWx2UW9mZThlZy1OQnJxS1N5V0h6MFI5NVNNR0tueTdjZ3RKMnoyRVNOd0lEXzI2TGlfMVg4d0tMRHVNUGo0dldFTWJrdVAwb3QyUkY5Q3FwbDVKQ0RCNmtqSnFULWJSUURYb3JqVmJVMzREbGh3MmhHOXhqVS1UdXdmTXRJb0dCcUVfWFM4bktqR0pXa2p3U01MZ0dPLXV0b1NERQ?oc=5,homicidio,100
Operação cumpre mandados de prisão contra chefes de facção no Amapá e São Paulo,2026-06-17T11:29:41+00:00,AP / São Paulo,https://g1.globo.com/ap/amapa/noticia/2026/06/17/operacao-cumpre-mandados-de-prisao-contra-liderancas-criminosas-no-amapa-e-sao-paulo.ghtml,faccao,95
Mulher e amante são condenados por tentarem matar o marido dela para ficar com os bens,2026-06-17T11:28:23+00:00,CE / Fortaleza,https://g1.globo.com/ce/ceara/noticia/2026/06/17/mulher-e-amante-sao-condenados-por-tentarem-matar-o-marido-dela-para-ficar-com-os-bens.ghtml,homicidio,100
"Moradores da Vila Planalto, no DF, recebem ligações de ameaças de morte e cobranças de dinheiro",2026-06-17T11:23:28+00:00,DF / Brasília,https://g1.globo.com/df/distrito-federal/noticia/2026/06/17/moradores-da-vila-planalto-no-df-recebem-ligacoes-de-ameacas-de-morte-e-cobrancas-de-dinheiro.ghtml,violencia,85
Homem é atingido por disparo de arma de fogo durante roubo em Maceió - O Alagoano,2026-06-17T11:23:00+00:00,AL / Maceió,https://news.google.com/rss/articles/CBMiuwFBVV95cUxORTloSmxneF9wVS00bjBGNUx5d0tFOUhEOHN2V3VfV09zeWhmYWlGWFlGbWVwQzFsaGJiUno5YU5QZHdpZnN1LWRxTEtlOWc4Z3dPV25SUWRvUU1DVUJoQlc1Y2dYcjhnUWl4RktmbGREd05DTG92Sm84YVZ0NndmQnpaWlBXRVRDT082TXhaSGJDR2kwN2M1N2R3ZEpwb2FiNTdPWFkzNjRGQWtsQm9LUmVWWTVUa0F2WkdJ?oc=5,roubo,100
"Homem é baleado por tentar fugir de motociclista durante assalto em ponto de ônibus, em Maceió - TNH1",2026-06-17T11:22:22+00:00,AL / Maceió,https://news.google.com/rss/articles/CBMiygFBVV95cUxPOWFreEk1ZjcwbEJGM2xtM002SWYxRUlUWkVSMEUzSjZzWjZYcGJTcTA4QkRSZEpiam9JODFMNDUxQjQ2QVZ0UXg2aWEtaHZQT1EtUEZndmhzT1AwUU9ubWFRcWNiUm50MEp6dnBTQV9faG55OTM0OVA4Z0tOdzloWmtISGJma295Z0JfSi1qcWJsR2EwX3l2d1NSVEFUcDktel8yc1pTQVJtRHhjV2RERzh0UmxIR3lvaFVMaEdDR2VVZTNzYnRDWlRR0gHEAUFVX3lxTFBJbEhnUUZPSWV0N2JCVm40ZFR2a1o3TFp2bFlpZTZwVm9XXzV4dUhmUWZEUFVSa2ZodXVwUHNrTVhVRWZKcnowS253WGJRY2IxaW05Q1c1aVI5bG9YZVFZcGRoTjFaalNHQU1fNG5UbzNsUkdZRGVxcGNJQTZUQ1lFeDUzTm9NWkVSODJpVmpyZEZFMUhteEF5NGI3TWNSMEtOaHVSYmpQQ1o2VC05eWRfUU0yX2pENjdleVBORUpDbVh5dkE?oc=5,roubo,95
O que se sabe sobre caso da mulher encontrada degolada dentro de casa no mesmo dia em que marido morreu em acidente,2026-06-17T11:16:05+00:00,SP / Itapetininga,https://g1.globo.com/sp/itapetininga-regiao/noticia/2026/06/17/o-que-se-sabe-casal-morto-itapetininga.ghtml,homicidio,100
Ruas ficam alagadas após chuvas em Natal,2026-06-17T11:11:52+00:00,RN / Natal,https://g1.globo.com/rn/rio-grande-do-norte/noticia/2026/06/17/alagamento-chuvas-natal.ghtml,outros,90
Suspeito reage a abordagem policial e morre durante operação em Moita Bonita,2026-06-17T11:08:59+00:00,SE / Aracaju,https://g1.globo.com/se/sergipe/noticia/2026/06/17/policia-civil-realiza-operacao-contra-o-trafico-de-drogas-em-moita-bonita.ghtml,policia,95
Troca de tiros com a PM deixa um morto e dois feridos no litoral de SP; VÍDEO,2026-06-17T11:05:49+00:00,SP / Santos,https://g1.globo.com/sp/santos-regiao/noticia/2026/06/17/tres-homens-sao-baleados-em-troca-de-tiros-com-a-pm-no-litoral-de-sp-video.ghtml,policia,90
"Mulheres resgatadas de tráfico sexual eram forçadas a fazer 20 programas por dia, aponta investigação",2026-06-17T11:04:04+00:00,CE / Fortaleza,https://g1.globo.com/ce/ceara/noticia/2026/06/17/cearenses-resgatadas-de-trafico-sexual-eram-forcadas-a-fazer-20-programas-por-dia-aponta-investigacao.ghtml,trafico,100
Jovem é preso por ameaçar companheira em Sapucaia,2026-06-17T11:02:53+00:00,RJ / Volta Redonda,https://g1.globo.com/rj/sul-do-rio-costa-verde/noticia/2026/06/17/jovem-e-preso-por-ameacar-companheira-em-sapucaia.ghtml,violencia,95
"Medo leva mais de 35 mil vítimas a não denunciar crimes cibernéticos no Acre, diz estudo",2026-06-17T11:00:15+00:00,AC / Rio Branco,https://g1.globo.com/ac/acre/noticia/2026/06/17/medo-leva-mais-de-35-mil-vitimas-a-nao-denunciar-crimes-ciberneticos-no-acre-diz-estudo.ghtml,fraude,95
Vítima é baleada durante assalto em ponto de ônibus - Alagoas 24 Horas,2026-06-17T10:58:00+00:00,AL / Maceió,https://news.google.com/rss/articles/CBMimgFBVV95cUxQaF95eTd3dlUxMWFxbTRqU1VYSVhGcVpKd3NVNjRrWERONk5sZ2lya3JRdVRBd21qWjlSd3FsMVNUdmdYTlVPaGFtZ09tSi1vbTlBcl9QcUZoekRuZXdzbUJhU3hRTlpjS0dsaE5FbVdRakt1cG05RjZjeGctOEhXT1MxY2RZTzNfdVAzRUtHSnlxeGhQSkhKaHNR0gGfAUFVX3lxTE96Mjd4M1Z6d0FOVHZjTkpPbHlZNTFncTYwWFMxbkdDVzFfWE8tdGx2bDRNbGJ0TFgyZmFUWVd2aXRHZ2lPV3pWRHhkbmt2SXlpLWtLNEpCd21KN0JLTEhhZ1lBWHRvV0EtOUFDWVlrSGFSbUY3dzJLUENzbjZZUU1FeS1EQlFuSFRIWVRZaU5MQmx5dFFOVkVDTHdPLWZlSQ?oc=5,roubo,95
Paraná amanhece com geadas e temperaturas negativas; veja imagens e previsão do tempo,2026-06-17T10:50:20+00:00,PR / Curitiba,https://g1.globo.com/pr/campos-gerais-sul/noticia/2026/06/17/parana-amanhece-com-geadas-e-temperaturas-negativas-veja-previsao-do-tempo.ghtml,outros,100
"Polícia apreende quase 50 kg de drogas em casa usada para o tráfico em Pindamonhangaba, SP",2026-06-17T10:48:21+00:00,SP / São José dos Campos,https://g1.globo.com/sp/vale-do-paraiba-regiao/noticia/2026/06/17/policia-apreende-quase-50-kg-de-drogas-em-casa-usada-para-o-trafico-em-pindamonhangaba-sp.ghtml,trafico,95
Homem é preso suspeito de agredir a própria mãe com golpes de capacete,2026-06-17T10:47:07+00:00,TO / Palmas,https://g1.globo.com/to/tocantins/noticia/2026/06/17/homem-e-preso-suspeito-de-agredir-a-propria-mae-com-golpes-de-capacete.ghtml,violencia,95
"Com -6,7°C, SC tem amanhecer mais frio do ano; VÍDEO",2026-06-17T10:44:30+00:00,SC / Florianópolis,https://g1.globo.com/sc/santa-catarina/noticia/2026/06/17/serra-sc-amanhecer-mais-frio-2026.ghtml,outros,100
Concurso do IBGE com salários de até R$ 4 mil tem vagas no Ceará,2026-06-17T10:43:02+00:00,CE / Fortaleza,https://g1.globo.com/ce/ceara/suachance/noticia/2026/06/17/concurso-do-ibge-com-salarios-de-ate-r-4-mil-tem-64-vagas-no-ceara.ghtml,outros,95
Mulher é morta a facadas pelo marido em Capela,2026-06-17T10:42:38+00:00,SE / Aracaju,https://g1.globo.com/se/sergipe/noticia/2026/06/17/mulher-e-esfaqueada-e-morta-pelo-marido-em-capela.ghtml,homicidio,100
Mulher é presa com quase 2 kg de drogas dentro de ônibus em Sapucaia,2026-06-17T10:42:16+00:00,RJ / Volta Redonda,https://g1.globo.com/rj/sul-do-rio-costa-verde/noticia/2026/06/17/mulher-e-presa-com-quase-2-kg-de-drogas-dentro-de-onibus-em-sapucaia.ghtml,trafico,95
Polícia prende suspeito de comprar fiação furtada de poste próximo ao Complexo de Delegacias em Maceió,2026-06-17T10:36:21+00:00,AL / Maceió,https://g1.globo.com/al/alagoas/noticia/2026/06/17/policia-prende-suspeito-de-comprar-fiacao-furtada-de-poste-proximo-ao-complexo-de-delegacias-em-maceio.ghtml,furto,90
Avião da Azul é esvaziado antes da decolagem no Aeroporto de Brasília; PF faz inspeção,2026-06-17T10:35:24+00:00,DF / Brasília,https://g1.globo.com/df/distrito-federal/noticia/2026/06/17/aviao-da-azul-e-esvaziado-antes-da-decolagem-no-aeroporto-de-brasilia-pf-faz-inspecao.ghtml,policia,85
Quadrilha é presa por suspeita de furtarem lojas em Resende,2026-06-17T10:33:31+00:00,RJ / Volta Redonda,https://g1.globo.com/rj/sul-do-rio-costa-verde/noticia/2026/06/17/quatro-pessoas-sao-presas-por-suspeita-de-furtarem-lojas-em-resende.ghtml,furto,95
Botão do pânico para motoristas de aplicativo e entregadores é lançado no Piauí; saiba como acessar,2026-06-17T10:33:08+00:00,PI / Teresina,https://g1.globo.com/pi/piaui/noticia/2026/06/17/botao-panico-motoristas-entregadores.ghtml,policia,95
Professora que largou cargo em escola pública após agressão de alunos diz conseguir dormir à base de remédio controlado: 'Às vezes choro',2026-06-17T10:28:08+00:00,SP / São José do Rio Preto,https://g1.globo.com/sp/sao-jose-do-rio-preto-aracatuba/noticia/2026/06/17/professora-que-largou-cargo-em-escola-publica-diz-conseguir-dormir-a-base-de-remedio-controlado-apos-agressao-de-alunos-as-vezes-choro.ghtml,violencia,95
Polícia investiga caso de estupro coletivo na Grande BH; suspeitos são menores,2026-06-17T10:23:45+00:00,MG / Belo Horizonte,https://g1.globo.com/mg/minas-gerais/noticia/2026/06/17/policia-investiga-caso-de-estupro-coletivo-na-grande-bh-suspeitos-sao-menores.ghtml,estupro,95
Câmeras registram suspeitos usando carro para invadir e roubar loja em Campina Grande,2026-06-17T10:22:44+00:00,PB / João Pessoa,https://g1.globo.com/pb/paraiba/noticia/2026/06/17/cameras-registram-suspeitos-usando-carro-para-invadir-e-roubar-loja-em-campina-grande.ghtml,furto,95
Homem é preso por perseguir e descumprir medida protetiva contra ex-companheira em Volta Redonda,2026-06-17T10:18:38+00:00,RJ / Volta Redonda,https://g1.globo.com/rj/sul-do-rio-costa-verde/noticia/2026/06/17/descumprimento-de-medida-protetiva-volta-redonda.ghtml,violencia,90
Adolescentes suspeitos de matar mulher a tiros em Petrolina são apreendidos,2026-06-17T10:08:49+00:00,PE / Petrolina,https://g1.globo.com/pe/petrolina-regiao/noticia/2026/06/17/adolescentes-suspeitos-de-matar-mulher-a-tiros-em-petrolina-sao-apreendidos.ghtml,homicidio,100
"Onze suspeitos de tráfico de drogas e comércio ilegal de armas são presos na BA; R$ 16,5 milhões em bens foram bloqueados - G1",2026-06-17T10:08:26+00:00,BA / Itabuna,https://news.google.com/rss/articles/CBMi9AFBVV95cUxPZ3d2eGg2XzlaNlhXeXhvOUkweEhfNExoRkdyZ2J2N2VHSlhWUDZHOU9nbTdXSEVCYWZSOFdPeDR5ajhKNC1zdG5sb2JITE1VZmhpbDMtVU15SGM3ZTR6Q0pYTk1zT0ZpQzhYY1hfY2pFenFOOTlzbjVZUl8wOFRvLUtwcDVISDlDNkxUVEQ0N0Y1Y2tsU3dlZ3F2Y0pvWkJ6LXY4YWMxbTNSVElNZ0xIbHdCd0dvVHJ3S21aWndrdG1yMjJ5cFVZd0JRUVBMMnhFY2xQQ2FpQjdnTF9nbXpfLUN6ejdlQ0V3VnlQY2l3eE9CNU9X0gGDAkFVX3lxTE9jVjBfbzRZX25STDZEX0RyMVVYVENmOG5Wc3o3Uk44ZXdPU3B2S29PQkpleVpDWm1RTnNnSVdwbVl5RmZiM2thNW5keDlXUFBiRWp0REd1LXgzbmFpNFhET1ZFZXR2aWdoYUIzOHByQXROS05RckFxTTRCbFhNanFPdUh3eTBDZU55azJJQktuTldjSFE3YjJ0U3RHcU1WY0UtRWg5aHJLSmNnVXpxdUxENVBiVjJybnZSYk9WamplM3oxYjRsTnFWdkdNbUdCbURTdHpmbWQ0Y1psTUJiZ0tMVTdlUkZVQS1VUHlnbGNGQWtLczlRX1FTZDZSczVsTkg2RDA?oc=5,trafico,95
Andradas define nova empresa responsável pelo saneamento básico pelos próximos 30 anos,2026-06-17T10:02:54+00:00,MG / Pouso Alegre,https://g1.globo.com/mg/sul-de-minas/noticia/2026/06/17/andradas-mg-define-nova-empresa-responsavel-pelo-saneamento-basico.ghtml,outros,80
Quase uma tonelada de maconha é encontrada enterrada dentro de tonéis no RS,2026-06-17T10:02:34+00:00,RS / Porto Alegre,https://g1.globo.com/rs/rio-grande-do-sul/noticia/2026/06/17/quase-uma-tonelada-de-maconha-e-encontrada-enterrada-dentro-de-toneis-no-rs.ghtml,trafico,100
"Tren de Aragua fornece armas dos Estados Unidos para CV, revela investigação em Roraima",2026-06-17T10:00:19+00:00,RR / Boa Vista,https://g1.globo.com/rr/roraima/noticia/2026/06/17/tren-de-aragua-fornece-armas-dos-estados-unidos-para-cv-revela-investigacao-em-roraima.ghtml,faccao,85
"VÍDEO: passageira agride quatro funcionárias da Latam no Aeroporto Internacional de SP, após discussão em check-in",2026-06-17T09:51:38+00:00,SP / Guarulhos / Aeroporto Internacional de São Paulo,https://g1.globo.com/sp/sao-paulo/noticia/2026/06/17/video-passageira-agride-quatro-funcionarias-da-latam-no-aeroporto-internacional-de-sp-apos-discussao-em-check-in.ghtml,violencia,95
"Homem é preso pelo crime de receptação, após polícia recuperar fiação elétrica roubada em Petrolina (PE) - Edenevaldo Alves",2026-06-17T09:31:26+00:00,PE / Petrolina,https://news.google.com/rss/articles/CBMizgFBVV95cUxNdTZtV21EN3dLWE5ZdmJsX2lET2ZSV1NXNlk4U1R3a3piRnFzZ0xUWWdXNVNoQzV0Z1VWMk91dWxTSzZLYW9yc0VDY24zYlVGR2hPclVtek9oYk9xS3NSR2FiZzU5NHp1RTlqcWFDaFFuR3h1cmVsN3B3amZGRTN2WWsyZnRpaDRYa0VpbWszdjNWVlJSbl9XT3RtSE9ha0JCb3ZXUFVCa042MXVDWElFWnV4WnRyZVhaWUNydk5QNXJETVpvYnZmMHpzTW5NZw?oc=5,outros,95
Condenado por homicídio é preso pela polícia após cair de muro durante fuga em Fortaleza; veja vídeo,2026-06-17T09:23:08+00:00,CE / Fortaleza,https://g1.globo.com/ce/ceara/noticia/2026/06/17/condenado-por-homicidio-e-preso-pela-policia-apos-cair-de-muro-durante-fuga-em-fortaleza-veja-video.ghtml,homicidio,95
Homem é preso após agredir cachorro com pedaço de madeira no Litoral Norte,2026-06-17T09:20:23+00:00,RS / Porto Alegre,https://g1.globo.com/rs/rio-grande-do-sul/noticia/2026/06/17/homem-e-preso-apos-agredir-cachorro-com-pedaco-de-madeira-no-litoral-norte.ghtml,outros,85
Motorista atropela pedestres e foge após briga em casa de eventos em Juiz de Fora; VÍDEO,2026-06-17T09:00:54+00:00,MG / Juiz de Fora,https://g1.globo.com/mg/zona-da-mata/noticia/2026/06/17/motorista-atropela-pedestres-e-foge-apos-briga-em-casa-de-eventos-em-juiz-de-fora-video.ghtml,violencia,85
Motorista atropela pedestres e foge após briga em casa de eventos em Juiz de Fora; VÍDEO - G1,2026-06-17T09:00:54+00:00,MG / Juiz de Fora,https://news.google.com/rss/articles/CBMi4wFBVV95cUxQSlNJS2U3M280NVdrMDk2Y1U4N0JTcS1rT3RKdFJYVjV1cTBzOVpVZGRjeDJzVHlHblNiU2xRSzRYRkVOX01BX2kyckp5TXVRZXc5N0Y0bjg5UThfZnE5cmR2TG9uLUQ5NGpxTDMtWUFFaVVIeW9iQVFVLVYwOUFiX01wUk40d1hYUnhHdHAtbHJnd3BmRk5BN0t2bW9rYjl6Z2pjZFpwU0pwOEZnUTU0Zk1LQU12d2dOajJpYUd1b2hKMFpBNTZQVnA0UkRyRzFDQzZSOXBLUndNTGNrTHIybHFRSdIB8gFBVV95cUxPVnFPblV1dVpWbEhfSEZwVjVkRlNleFF5LTdScTdUV0NiaXRqRDdnTXFiTXl4eDdQRlZHbVR3SExwRlZfNUZmMFNkTHpmWjAwVG51Tzl0ajVZQWhpbXIyQmJTaUZ5UzZkUmROcXQ0TjhSbm1DSThLLWRZdHBGNHF6M3plaEVZQmpkb1dua3Zrcmdkcnh4ekhXZ3ZYU2MzenJ4dFN0eG84LXZ0SnFIUHpvenQ2RmlXVlVoc2hJUXBYNWk3eGRvblNsMmx2dFR2NXQ5cDlPaUtHb2VST1VaLXlaQ1gyMlBUaktPRTZMYnN5VjZIQQ?oc=5,violencia,85
Trabalhadora com déficit cognitivo e TDAH tem justa causa revertida pela Justiça em MG,2026-06-17T09:00:47+00:00,MG / Divinópolis,https://g1.globo.com/mg/centro-oeste/noticia/2026/06/17/trabalhadora-com-deficit-cognitivo-e-tdah-tem-justa-causa-revertida-pela-justica-em-mg.ghtml,outros,90
"Preso por dar golpe de 130 mil em empresário matou outra vítima com ‘Boa noite, Cinderela’; entenda",2026-06-17T08:10:29+00:00,SP / Santos,https://g1.globo.com/sp/santos-regiao/noticia/2026/06/17/suspeito-de-dopar-empresario-e-roubar-mais-de-r-130-mil-ja-matou-homem-com-alta-dose-de-boa-noite-cinderela.ghtml,homicidio,95
Suspeito de matar campeão de vaquejada segue foragido há mais de uma semana,2026-06-17T08:02:56+00:00,CE / Fortaleza,https://g1.globo.com/ce/ceara/noticia/2026/06/17/suspeito-de-matar-campeao-de-vaquejada-segue-foragido-ha-mais-de-uma-semana.ghtml,homicidio,100
"Morcegos, insetos mortos e fezes: fiscalização descarta 4,2 toneladas de produtos e interdita setores de mercados em cidade do RS",2026-06-17T08:01:03+00:00,RS / Porto Alegre,https://g1.globo.com/rs/rio-grande-do-sul/noticia/2026/06/17/morcegos-insetos-mortos-fezes-fiscalizacao-descarta-42-toneladas-produtos-interdita-mercados-cidade-itaara-rs.ghtml,outros,100
Quebradeiras de coco babaçu do TO comemoram reconhecimento da atividade como manifestação cultural,2026-06-17T08:00:08+00:00,TO / Palmas,https://g1.globo.com/to/tocantins/noticia/2026/06/17/quebradeiras-de-coco-babacu-do-to-comemoram-reconhecimento-da-atividade-como-manifestacao-cultural.ghtml,outros,100
Mulher que não pôde participar da própria formatura no PR por medo do ex relata privações enquanto homem está foragido: 'Sinto falta de paz',2026-06-17T07:01:47+00:00,PR / Curitiba,https://g1.globo.com/pr/norte-noroeste/noticia/2026/06/17/mulher-que-nao-pode-participar-da-propria-formatura-no-pr-por-medo-do-ex-relata-privacoes-enquanto-homem-esta-foragido-sinto-falta-de-paz.ghtml,homicidio,95
"Tempo frio abre temporada de cerejeiras, lavandários e até girassóis gigantes no ES; veja como visitar",2026-06-17T07:01:24+00:00,ES / Vitória,https://g1.globo.com/es/espirito-santo/noticia/2026/06/17/tempo-frio-abre-temporada-de-cerejeiras-lavandarios-e-ate-girassois-gigantes-no-es-veja-como-visitar.ghtml,outros,99
"'Achei que era um pássaro', diz bailarino brasileiro surpreendido por gato que invadiu palco na Turquia; VÍDEO",2026-06-17T07:00:56+00:00,SC / Florianópolis,https://g1.globo.com/sc/santa-catarina/noticia/2026/06/17/-passaro-bailarino-brasileiro-surpreendido-gato-palco-turquia.ghtml,outros,95
Suspeito de tentar matar ex-noiva em BH já foi denunciado e preso por perseguir outras duas mulheres,2026-06-17T07:00:47+00:00,MG / Belo Horizonte,https://g1.globo.com/mg/minas-gerais/noticia/2026/06/17/suspeito-de-tentar-matar-ex-noiva-em-bh-ja-foi-denunciado-e-preso-por-perseguir-outras-duas-mulheres.ghtml,violencia,95
"Primas desaparecidas no PR: caminhonete usada por suspeito foi ocultada por ele nos três primeiros dias após o crime e pode estar em outro país, diz delegado",2026-06-17T06:00:32+00:00,PR / Curitiba,https://g1.globo.com/pr/norte-noroeste/noticia/2026/06/17/primas-desaparecidas-no-pr-caminhonete-usada-por-suspeito.ghtml,sequestro,90
Filha de mulher morta a facadas em SP cita perfil violento do cunhado suspeito e pede justiça: 'Muito cruel',2026-06-17T06:00:15+00:00,SP / Ribeirão Preto,https://g1.globo.com/sp/ribeirao-preto-franca/noticia/2026/06/17/filha-de-mulher-morta-a-facadas-em-sp-cita-perfil-violento-de-suspeito-e-pede-justica-muito-cruel.ghtml,homicidio,100
Polícia investiga participação de brasileiros em mega-assalto a bancos no Paraguai após testemunhas ouvirem criminosos falando português,2026-06-17T05:00:32+00:00,PR / Curitiba,https://g1.globo.com/pr/oeste-sudoeste/noticia/2026/06/17/policia-investiga-participacao-de-brasileiros-em-mega-assalto-a-bancos-no-paraguai-apos-testemunhas-ouvirem-criminosos-falando-portugues.ghtml,roubo,95
'Difícil confiar na Justiça': mulher arrastada por 4 km em 2020 lamenta adiamento do júri no DF,2026-06-17T05:00:17+00:00,DF / Brasília,https://g1.globo.com/df/distrito-federal/noticia/2026/06/17/dificil-confiar-na-justica-mulher-arrastada-por-4-km-em-2020-lamenta-adiamento-do-juri-no-df.ghtml,violencia,95
"'Morreu fazendo o que gostava', diz mãe de atleta de basquete morto em acidente de ônibus na volta de torneio",2026-06-17T05:00:15+00:00,CE / Fortaleza,https://g1.globo.com/ce/ceara/cariri/noticia/2026/06/17/morreu-fazendo-o-que-gostava-diz-mae-de-atleta-de-basquete-morto-em-acidente-de-onibus-na-volta-de-torneio.ghtml,veiculo,95
Menina de 11 anos é intubada em UTI no DF após ser picada por escorpião em tênis,2026-06-17T05:00:14+00:00,DF / Brasília,https://g1.globo.com/df/distrito-federal/noticia/2026/06/17/menina-de-11-anos-e-intubada-em-uti-no-df-apos-ser-picada-por-escorpiao-em-tenis.ghtml,outros,100
"Mulher encontrada degolada dentro de casa no mesmo dia em que marido morreu em acidente queria o divórcio, diz delegado",2026-06-17T03:00:51+00:00,SP / Itapetininga,https://g1.globo.com/sp/itapetininga-regiao/noticia/2026/06/17/mulher-encontrada-degolada-dentro-de-casa-no-mesmo-dia-em-que-marido-morreu-em-acidente-queria-o-divorcio-diz-delegado.ghtml,homicidio,100
Big techs são condenadas por falha na proteção de crianças em jogos eletrônicos,2026-06-17T03:00:48+00:00,DF / Brasília,https://g1.globo.com/df/distrito-federal/noticia/2026/06/17/big-techs-sao-condenadas-por-falha-na-protecao-de-criancas-em-jogos-eletronicos.ghtml,menor,85
"Cavalo corre solto dentro de supermercado no Recife e vídeo viraliza: 'Do nada, um barulho'",2026-06-17T03:00:42+00:00,PE / Recife,https://g1.globo.com/pe/pernambuco/noticia/2026/06/17/cavalo-corre-solto-dentro-de-supermercado-no-recife-e-video-viraliza-do-nada-um-barulho.ghtml,outros,90
DPE dá prazo de cinco dias para Sesma explicar falta de anestesistas em Belém,2026-06-17T01:50:46+00:00,PA / Belém,https://g1.globo.com/pa/para/noticia/2026/06/16/dpe-da-prazo-de-cinco-dias-para-sesma-explicar-falta-de-anestesistas-na-rede-municipal-em-belem.ghtml,outros,95
Homem é preso no TO suspeito de envolvimento em execução de guarda municipal no PA,2026-06-17T01:04:59+00:00,PA / Belém,https://g1.globo.com/pa/para/noticia/2026/06/16/homem-e-preso-no-to-suspeito-de-envolvimento-em-execucao-de-guarda-municipal-no-pa.ghtml,homicidio,100
Belém (PA): PM prende suspeitos de roubo e apreende adolescente no Jurunas - Diário do Estado,2026-06-17T00:51:58+00:00,PA / Belém,https://news.google.com/rss/articles/CBMipwFBVV95cUxNbkZUdF9Wdm9STU0xUllmTFdrMUZjQ3NnaFd6QkVOc25QYnBiQS1ZYXFjUUFnZDdDSkdxbE5mM1l1aUV1X0hEbF9tdXhrRjJJWjV4VEJUaWRDS2lPeTRHMnRQUEFJZGYzNTlOWHZJWldJWUI3NG9vM0lQaVByMWdXUWtSQ3IxN3BZdUtndXo3ekVuaEJpWC1SSXhPeWxRcUFmYlBXbmp0VQ?oc=5,policia,95
Operação Alvorada: Sete são presos por envolvimento com organização criminosa no AC,2026-06-17T00:43:56+00:00,AC / Rio Branco,https://g1.globo.com/ac/acre/noticia/2026/06/16/operacao-alvorada-sete-sao-presos-por-envolvimento-com-organizacao-criminosa-no-ac.ghtml,faccao,95
"De aviso prévio, funcionários de empresa de ônibus temem ficar sem pagamento em Rio Branco: 'Preocupados'",2026-06-17T00:15:07+00:00,AC / Rio Branco,https://g1.globo.com/ac/acre/noticia/2026/06/16/de-aviso-previo-funcionarios-de-empresa-de-onibus-temem-ficar-sem-pagamento-em-rio-branco-preocupados.ghtml,fraude,85
Suspeito de manter mulher sob tortura física e sexual por quase duas décadas é preso no AP,2026-06-16T23:53:59+00:00,AP / Macapá,https://g1.globo.com/ap/amapa/noticia/2026/06/16/suspeito-de-manter-mulher-sob-tortura-fisica-e-sexual-por-quase-duas-decadas-e-preso-no-ap.ghtml,violencia,90
PC-AM prende homem por roubo majorado de motocicleta em Manaus - A Crítica,2026-06-16T23:41:54+00:00,AM / Manaus,https://news.google.com/rss/articles/CBMipwFBVV95cUxPemlwUU9nejRQU3FGN0p0NHdmdG1adVd6Smt1cjBtS2JSa0RQQzVfcE1EdjhxWmtRanlvQ0plOGdQZS1ZN3djV0dHVkg2NXg0TGZELWpXR3Yybi1XRkg0MGI0SXF3bm5KcjYtaEFaNGFadGkwQ1dQVzdnODA1aWNTMkxRMk1KRUNzZDVNdW43S0czTWRGVW9jRFk4U0hsYmh5TjlPek9EMNIBpwFBVV95cUxPemlwUU9nejRQU3FGN0p0NHdmdG1adVd6Smt1cjBtS2JSa0RQQzVfcE1EdjhxWmtRanlvQ0plOGdQZS1ZN3djV0dHVkg2NXg0TGZELWpXR3Yybi1XRkg0MGI0SXF3bm5KcjYtaEFaNGFadGkwQ1dQVzdnODA1aWNTMkxRMk1KRUNzZDVNdW43S0czTWRGVW9jRFk4U0hsYmh5TjlPek9EMA?oc=5,roubo,95
Dois homens condenados por homicídio ocorrido no Campo do Salada são presos em Boa Vista - Roraima 1,2026-06-16T23:21:28+00:00,RR / Boa Vista,https://news.google.com/rss/articles/CBMiswFBVV95cUxQLWlmUmxpM2paWjRiaE53RnRYQjZyeUpkMGdjQUM2OF9aUXhuS01GZVhzYVJhN2o5V21fWFdqa2tnbGNwZEYyX3ZMRk54WUQxdmduSWxidko0bmVJUU11T09WWmF3a3NBSnFqTmdDeTRXUzJIa29abXlFV3lXdVZNWGtWZ0hDSXVDUUFFSUV0YmctdkJSbURiNVZEX3h5QzF4NTdpc3hlSDBiTzB4bzFINWhkdw?oc=5,homicidio,100
PM prende homem por tentativa de roubo em Santos; VÍDEO - Jornal da Orla,2026-06-16T23:08:23+00:00,SP / Santos,https://news.google.com/rss/articles/CBMilwFBVV95cUxNM2xvMjJXRXQ3UnFVeFBkbmI3cENSaWJhRnF3bGgwdDBMd0ZrVF9FZVV5TE1OLXhnaGJJbDZNU1JTRWJPOERHZ0ZMbEJyYWVPZUJCb0FNOXlKczRXVEFuSnpOX1JaeTJWUXV2d2xHMHktR3JTaXI4a21nLW55eG9KRWhlcmN6bDNsUTZ3Qm9qXzJJd0xDSEFN?oc=5,policia,95
Advogada criminalista é morta a tiros em estacionamento no Centro de Governador Valadares,2026-06-16T23:05:40+00:00,MG / Governador Valadares,https://g1.globo.com/mg/vales-mg/noticia/2026/06/16/mulher-e-morta-tiros-em-estacionamento-no-centro-de-governador-valadares.ghtml,homicidio,100
Advogada criminalista é morta a tiros em estacionamento no Centro de Governador Valadares - G1,2026-06-16T23:05:40+00:00,MG / Governador Valadares,https://news.google.com/rss/articles/CBMiygFBVV95cUxQemRpVmRYZU9Xb214TlRMYTNRMVFkMHZLelpWZURSWEFtNUtnYVlIRnZ6cTVaNDlhQlhIczVzeTc0b29lSkkyeFhzR1BWNmVnZ216THNZRHVLX0QwckJieG1BYlJaR1VjaFVjVmFqenFlcVNza1lJN3dsOS16Y2JhckRrZWRoSVhfZktZaWNCaGhOZ2gxREhVN09JcUVjMHVwX2x0M1JwUFRQajkxNnh3OE5KRlV3Wng5VkFIWEFRbG9TRndQd0xLUGxn0gHYAUFVX3lxTFByLVhUeXpzZmlhT1NOQkFua1I0UXRmVWRCc1BEZU9EbzVnX1VVMEdQSkVRZ0lVVjdLbWJTcjhFRnEyZkNxSUtHUDJLTU1CcFpPcUlDQnhyYVVWYk5EVU9wYU9xMTBudjFtSTBqaVFyV0lZczZlcUtmMlVpX29tUHpmSFBDQUh6VUJsMlJBQUtTY29UUU8tRGpoc3NoQWtsTVpyNVpJTGdYUmtjVHhsRUhzUVprTWV2VnlVSVZiM1BPaGp3YmZYaWJJdFZlUnBxSXl4MFdIemdpeQ?oc=5,homicidio,100
"Porco-espinho sobe em poste de 15 metros, fica preso e é resgatado em MT",2026-06-16T23:04:54+00:00,MT / Cuiabá,https://g1.globo.com/mt/mato-grosso/noticia/2026/06/16/porco-espinho-sobe-em-poste-de-15-metros-fica-preso-e-e-resgatado-em-mt.ghtml,outros,100
Idosa é sequestrada durante golpe do bilhete premiado em Campo Grande; homens são presos,2026-06-16T23:04:32+00:00,MS / Campo Grande,https://g1.globo.com/ms/mato-grosso-do-sul/noticia/2026/06/16/idosa-e-sequestrada-durante-golpe-do-bilhete-premiado-em-campo-grande-homens-sao-presos.ghtml,sequestro,95
Condenado por matar empresário “Coutinho das Petas” é preso em Teresina; crime foi motivado por dívida relacionada à negociação de imóvel - A10+,2026-06-16T23:00:00+00:00,PI / Teresina,https://news.google.com/rss/articles/CBMinwJBVV95cUxOcHVWcEVMY3loVDdCMkpaMVVIYUNJbG1oa05lSVZ3cERRZloyTkkzV2JHcEtwY1NaSENrX2VQZzZtOFowRmJLRkxjdkRjZTFQUlpXSTNjOEJsdHpCT1lzakVmdGY4YlNxdW90dXhlUm9xTEFxQ3ZXRGg3WkRSVHJaVHJZaGZkRG91ekVMNkxoSGVhbGwySUIyVE02TkJFQUkteV9UMzlMdW5TeHROazZQNUJfVEZvSzhtY05xWWU4Qm9JYlVyeUxOZEdiRXJZTjJSb1RBMXNvM3NqQ1gxeU1JTUVzTWRJMlhDdGdmRnZXbU1BUUh0UGxLYV9wVWkzNmJGcEx5cTV4bHNOMEtZQllucFVwSFE2MzhpZ1k1VGhrc9IBpAJBVV95cUxQQ3Nkc3QtWlNERGg3cEtJdDZtUXF3a1kxZVpVOWV0Zm55bjJLdlBMRzNMaWI1R2R5XzAxM1Yyd2QxRHFhb0RSQUUtTUJxUU1uMkNrbS1nRk5EZXN4T0V3anhlWVQxeFdRY2EzSGNCVktmZmxNazRtYkRaQTktS0NrdFVPcHA1TE9mSUNiTmlOc3BOaTVKLU5hcjNOUGZWTWxteGtpUzR6enVUbDYyMWRUSkMxOExmRGtoS1lLNWlWblh1ZXVkOURySzJTdVRiUkVfOHB2NW9GT0trWVJFTVQ4VzIwaEk2ZU1sTVBzOVdEb0cyWWFpSURGd2FMeTAybERMeVphUkk2cWM3VFJLZXJXS2ZSaGdRS2FDMU9NZlhyMUVGanF4?oc=5,homicidio,95
"Vídeo: PM prende homem e apreende adolescente por roubo, tráfico e arma de fogo em Porto Velho - Diário da Amazônia",2026-06-16T23:00:00+00:00,RO / Porto Velho,https://news.google.com/rss/articles/CBMi2AFBVV95cUxQX3F2bEdhTWdPN1JNTl9QRmhVQVliREV4RWhud21CbmdkY3E5Z2NlNUx3UWhwd2hUbDRwNU5sSGgzbktjZ2dwcnd6a0ZTZGJkWlNYX1dVM0JqZVdwbEpkLXdnQWdHX1Bsd1VNczFMQmpfMXlPUXlwZXhORzFOZWF4aV9fbVlZSW1wbnRqd3lUb2wxTGdWaUNGWmVUN2YzVFdHUVdmTk5NZ3Fib0ZTRGh3SmhUQlpnWUg2ZFNLRDY2akJtTWtLNW0zdGdXWXFkWkNsVUNsejU3TWw?oc=5,policia,95
Guia diz que se segurou em raiz para não cair de gruta ao tentar salvar mulher que escorregou ao passar repelente em Maricá,2026-06-16T22:58:43+00:00,RJ / Cabo Frio,https://g1.globo.com/rj/regiao-dos-lagos/noticia/2026/06/16/guia-diz-que-se-segurou-em-raiz-para-nao-cair-de-gruta-ao-tentar-salvar-mulher-que-escorreu-ao-passar-repelente-em-marica.ghtml,outros,100
Grupo neonazista que cobrava mensalidade e contava com policiais e advogado é denunciado em SC,2026-06-16T22:57:22+00:00,SC / Florianópolis,https://g1.globo.com/sc/santa-catarina/noticia/2026/06/16/grupo-neonazista-mensalidade-policiais-advogado-denunciado-sc.ghtml,violencia,85
Criança de três anos morre após se afogar em piscina de escola no RN,2026-06-16T22:52:18+00:00,RN / Natal,https://g1.globo.com/rn/rio-grande-do-norte/noticia/2026/06/16/crianca-de-tres-anos-morre-apos-se-afogar-em-piscina-de-escola-no-rn.ghtml,homicidio,95
Área técnica do TCU deve rejeitar competência da Corte para analisar empréstimo para salvar o BRB,2026-06-16T22:51:29+00:00,DF / Brasília,https://g1.globo.com/df/distrito-federal/noticia/2026/06/16/area-tecnica-do-tcu-deve-rejeitar-competencia-da-corte-para-analisar-emprestimo-para-salvar-o-brb.ghtml,fraude,85
"'Barbárie', diz tutor de cachorro baleado por sargento da PM em BH",2026-06-16T22:50:47+00:00,MG / Belo Horizonte,https://g1.globo.com/mg/minas-gerais/noticia/2026/06/16/barbarie-diz-tutor-de-cachorro-baleado-por-pm-em-bh.ghtml,policia,95
Fábrica de carros abre 104 vagas de emprego para moradores de Itaúna,2026-06-16T22:50:19+00:00,MG / Divinópolis,https://g1.globo.com/mg/centro-oeste/noticia/2026/06/16/fabrica-de-carros-abre-104-vagas-de-emprego-para-moradores-de-itauna.ghtml,outros,90
Caminhoneiro perde R$ 45 mil após cair no golpe do falso advogado; veja como evitar,2026-06-16T22:34:47+00:00,SP / Santos,https://g1.globo.com/sp/santos-regiao/noticia/2026/06/16/caminhoneiro-perde-r-45-mil-apos-cair-no-golpe-do-falso-advogado-veja-como-evitar.ghtml,fraude,100
VÍDEO: Jovem que perdeu movimentos após ser atingida por galho de árvore em Curitiba agradece orações antes de aplicação da polilaminina,2026-06-16T22:34:00+00:00,PR / Curitiba,https://g1.globo.com/pr/parana/noticia/2026/06/16/video-agradecimento-polilaminina.ghtml,outros,95
"Cinco pessoas são presas suspeitas de furtar energia com ligações irregulares, no Sertão da Paraíba",2026-06-16T22:32:43+00:00,PB / João Pessoa,https://g1.globo.com/pb/paraiba/noticia/2026/06/16/cinco-pessoas-sao-presas-pela-suspeita-de-desviar-energia-com-ligacoes-irregulares-no-sertao-da-paraiba.ghtml,furto,95
Idoso desaparecido é encontrado morto e esquartejado dentro de poço em RO; suspeito é preso,2026-06-16T22:32:29+00:00,RO / Porto Velho,https://g1.globo.com/ro/rondonia/noticia/2026/06/16/idoso-desaparecido-e-encontrado-morto-dentro-de-poco-em-ro.ghtml,homicidio,100
"'Finanças de MG estão em ruínas' e quem vencer eleições no estado 'terá que cortar gastos drasticamente', diz 'The Economist'",2026-06-16T22:28:10+00:00,MG / Belo Horizonte,https://g1.globo.com/mg/minas-gerais/noticia/2026/06/16/financas-de-mg-estao-em-ruinas-e-quem-vencer-eleicoes-no-estado-tera-que-cortar-gastos-drasticamente-diz-the-economist.ghtml,outros,95
Homem é preso após exigir dinheiro para deixar mulher sair de casa em Natal,2026-06-16T22:23:54+00:00,RN / Natal,https://g1.globo.com/rn/rio-grande-do-norte/noticia/2026/06/16/homem-e-preso-apos-exigir-dinheiro-para-deixar-mulher-sair-de-casa-em-natal.ghtml,violencia,95
Desabamento de ponte no AC afeta rotina de moradores e faz trajeto quadruplicar: 'Condições precárias',2026-06-16T22:21:22+00:00,AC / Rio Branco,https://g1.globo.com/ac/acre/noticia/2026/06/16/desabamento-de-ponte-no-ac-afeta-rotina-de-moradores-e-faz-trajeto-quadruplicar-condicoes-precarias.ghtml,outros,85
Homem de 58 anos é encontrado morto com hematomas no corpo e lesões nos olhos no interior de SP,2026-06-16T22:19:33+00:00,SP / São Carlos,https://g1.globo.com/sp/sao-carlos-regiao/noticia/2026/06/16/homem-de-58-anos-e-encontrado-morto-com-hematomas-no-corpo-e-lesoes-nos-olhos-no-interior-de-sp.ghtml,homicidio,100
Justiça determina prisão preventiva para genro suspeito de matar a sogra a facadas no interior de São Paulo,2026-06-16T22:15:41+00:00,SP / Sertãozinho,https://g1.globo.com/sp/ribeirao-preto-franca/noticia/2026/06/16/justica-determina-prisao-preventiva-para-genro-suspeito-de-matar-a-sogra-a-facadas-no-interior-de-sao-paulo.ghtml,homicidio,100
Contratos emergenciais após as chuvas somam mais de R$ 80 milhões em Juiz de Fora,2026-06-16T22:14:26+00:00,MG / Juiz de Fora,https://g1.globo.com/mg/zona-da-mata/noticia/2026/06/16/contratos-emergenciais-apos-as-chuvas-somam-mais-de-r-80-milhoes-em-juiz-de-fora.ghtml,fraude,85
Justiça decreta prisão preventiva de suspeito de agredir ex na rua e roubar carro dela para fugir,2026-06-16T22:14:16+00:00,MG / Belo Horizonte,https://g1.globo.com/mg/minas-gerais/noticia/2026/06/16/justica-prisao-preventiva-suspeito-agredir-ex-na-rua-e-roubar-carro-dela-santa-luzia.ghtml,roubo,95
Adolescente morto em Arapiraca pode ter sido alvo por engano,2026-06-16T22:12:39+00:00,AL / Maceió,https://g1.globo.com/al/alagoas/noticia/2026/06/16/adolescente-morto-em-arapiraca-pode-ter-sido-alvo-por-engano.ghtml,homicidio,100
Homem é preso por suspeita de matar servidora pública no interior do Ceará,2026-06-16T22:07:24+00:00,CE / Fortaleza,https://g1.globo.com/ce/ceara/noticia/2026/06/16/homem-e-preso-por-suspeita-de-matar-servidora-publica-no-interior-do-ceara.ghtml,homicidio,100
VÍDEO: casal destrói carro de motorista de aplicativo por engano durante briga em Sorocaba,2026-06-16T22:06:02+00:00,SP / Sorocaba,https://g1.globo.com/sp/sorocaba-jundiai/noticia/2026/06/16/destroi-carro-motorista-app-sorocaba.ghtml,violencia,90
Terceiro suspeito de matar mulher encontrada em canavial dentro do porta-malas de carro é preso,2026-06-16T22:03:06+00:00,SP / São José do Rio Preto,https://g1.globo.com/sp/sao-jose-do-rio-preto-aracatuba/noticia/2026/06/16/terceiro-suspeito-de-matar-mulher-encontrada-em-canavial-dentro-do-porta-malas-de-carro-e-preso.ghtml,homicidio,100
Adolescente embriagado e sem habilitação atropela ciclista em SP; vítima está na UTI,2026-06-16T22:01:55+00:00,SP / Santos,https://g1.globo.com/sp/santos-regiao/noticia/2026/06/16/adolescente-embriagado-e-sem-habilitacao-atropela-ciclista-em-sp-vitima-esta-na-uti.ghtml,menor,85
Juliano Wertheimer assume a presidência da Fecomércio-MS para mandato até 2030,2026-06-16T22:01:22+00:00,MS / Campo Grande,https://g1.globo.com/ms/mato-grosso-do-sul/noticia/2026/06/16/juliano-wertheimer-assume-a-presidencia-da-fecomercio-ms-para-mandato-ate-2030.ghtml,outros,95
Detento foge durante trabalho externo em presídio de Mossoró,2026-06-16T21:53:10+00:00,RN / Natal,https://g1.globo.com/rn/rio-grande-do-norte/noticia/2026/06/16/detento-foge-durante-trabalho-externo-em-presidio-de-mossoro.ghtml,outros,100
Corpo de jovem atropelado na Avenida Cardoso de Sá é velado em Petrolina,2026-06-16T21:52:22+00:00,PE / Petrolina,https://g1.globo.com/pe/petrolina-regiao/noticia/2026/06/16/jovem-atropelado-na-avenida-cardoso-de-sa-morre-apos-sete-dias-internado-em-petrolina.ghtml,homicidio,95
"Suspeitos de roubo são presos e adolescente é apreendido no bairro do Jurunas, em Belém - G1",2026-06-16T21:51:35+00:00,PA / Belém,https://news.google.com/rss/articles/CBMi1wFBVV95cUxOVGl0MTNLWUVTUXd1dkFYWGdrYTNxMjFSQkQwUnBqLUlrTGpocWRzQnZsTkVhLTZfUC1ndmVhdWs5cGFnX2NyNU1JcmcwX3Z0dzVYbjNSNHNNWnpyMkdNTkl4UHM3VlNrNFhOYWNDY0NfZGZUOWxOaHlpTE55ZTdjUFFHNUd1MVlhNnp3VHUwQnEyMG8xQ3M5aGlzNnduRTlzZmZtMWFuNGRpYUc3U2dQMmg1Ty1ENGpjNDdJcENYSDlzV0lId0UyR25xaDFNMnFzVnVTYWRZRdIB5gFBVV95cUxPQkJCSzlQamlKV1R4cENEYmRURjc3Z0xheF85R1pzWGRKcVZMcG9OUlFZNFkxM3ZEaVMtZG5uMk9jM1NScnFlV0NHV3NFcTEzc0p1N3QwclctWEpIVFJCeDVUVUJpSE5pNkc1a2VoVkhUeFpDbTZmSDBLejNtYVhVVnhpQ0Rna3NlMjRBR3JoTktuTkVtMnUxR1duZDRyUHUzWmZWcUF3QWFuel9Ic19zUUlaZDRXSWRwVElEcVhGaGxlY2ZUX2xZd3hxV24yb3NSZWRTRTlHSTVTQmJhNTh3YUxvT2hfUQ?oc=5,policia,90
"Acordo do Rio Doce: pacote de R$ 2,8 bilhões é anunciado em Governador Valadares",2026-06-16T21:50:08+00:00,MG / Governador Valadares,https://g1.globo.com/mg/vales-mg/noticia/2026/06/16/acordo-do-rio-doce-pacote-de-r-28-bilhoes-e-anunciado-em-governador-valadares.ghtml,outros,85
Casal é preso em flagrante com produtos de harmonização orofacial em MT,2026-06-16T21:45:22+00:00,MT / Cuiabá,https://g1.globo.com/mt/mato-grosso/noticia/2026/06/16/casal-e-preso-em-flagrante-com-produtos-de-harmonizacao-orofacial-em-mt.ghtml,fraude,95
Bebê é internado em estado grave após sofrer queimaduras em creche no Paraná,2026-06-16T21:43:32+00:00,PR / Curitiba,https://g1.globo.com/pr/norte-noroeste/noticia/2026/06/16/bebe-e-internado-em-estado-grave-apos-sofrer-queimaduras-em-creche-no-parana.ghtml,menor,85
VÍDEO: Comoção e aplausos marcam despedida de atletas de time de basquete mortos em acidente,2026-06-16T21:42:00+00:00,CE / Fortaleza,https://g1.globo.com/ce/ceara/cariri/noticia/2026/06/16/video-comocao-e-aplausos-marcam-despedida-de-atletas-de-time-de-basquete-mortos-em-acidente.ghtml,homicidio,95
"Em menos de seis meses, Samu recebe mais de mil trotes no Acre; maioria é da capital",2026-06-16T21:37:56+00:00,AC / Rio Branco,https://g1.globo.com/ac/acre/noticia/2026/06/16/em-menos-de-seis-meses-do-ano-samu-recebe-mais-de-mil-trotes-no-acre-maioria-e-da-capital.ghtml,fraude,85
Trabalhador é encontrado morto a bordo de plataforma na Bacia de Campos,2026-06-16T21:37:21+00:00,RJ / Campos dos Goytacazes,https://g1.globo.com/rj/norte-fluminense/noticia/2026/06/16/trabalhador-e-encontrado-morto-a-bordo-de-plataforma-na-bacia-de-campos.ghtml,homicidio,95
"Avanço do garimpo ilegal no Maranhão é de “extrema gravidade” e atrai trabalho escravo e tráfico de drogas, aponta MPF",2026-06-16T21:29:38+00:00,MA / São Luís,https://g1.globo.com/ma/maranhao/noticia/2026/06/16/avanco-do-garimpo-ilegal-no-maranhao-e-de-extrema-gravidade-e-atrai-trabalho-escravo-e-trafico-de-drogas-aponta-mpf.ghtml,trafico,85
Por que a gestão virou diferencial competitivo na medicina?,2026-06-16T21:14:22+00:00,PR / Curitiba,https://g1.globo.com/pr/parana/especial-publicitario/centro-universitario-integrado/noticia/2026/06/16/por-que-a-gestao-virou-diferencial-competitivo-na-medicina.ghtml,outros,100
Suspeito de assalto armado em Joinville é localizado e preso - ND Mais,2026-06-16T21:13:00+00:00,SC / Joinville,https://news.google.com/rss/articles/CBMikwFBVV95cUxNd3BIS1REcFc4ZEwzSmdaZWJXSEtSeVpfYUV4cFhIVVV2cExlaDZJaEVRNlVhRUpyeXlUNWc4TFJ4TGhheHBiUllwQXF0c21fZ2RZQ2o3RlFRQzNUcTNiVENjT3JHTVZSYXlNcnFTZzZ2M2lTejNibFczZTFsOURkbkx3RHpFRzJndVFiVWRiWE5lZDA?oc=5,roubo,100
"Empresário é morto a tiros dentro de loja no bairro Areia Branca, em Petrolina",2026-06-16T21:10:34+00:00,PE / Petrolina,https://g1.globo.com/pe/petrolina-regiao/noticia/2026/06/16/empresario-e-morto-a-tiros-dentro-de-loja-no-bairro-areia-branca-em-petrolina.ghtml,homicidio,100
Justiça absolve homens por uso de símbolo nazista durante Festa do Tiro em SC,2026-06-16T21:07:36+00:00,SC / Florianópolis,https://g1.globo.com/sc/santa-catarina/noticia/2026/06/16/justica-absolve-homens-presos-simbolo-nazista-festa-do-tiro-sc.ghtml,outros,90
Justiça manda afastar policial civil de MT condenado por estuprar colega em viagem a trabalho,2026-06-16T21:07:24+00:00,MT / Cuiabá,https://g1.globo.com/mt/mato-grosso/noticia/2026/06/16/justica-manda-afastar-policial-civil-de-mt-condenado-por-estuprar-colega-em-viagem-a-trabalho.ghtml,estupro,100
"Morte de homem dentro de barbearia em Araguari foi motivada por disputa entre facções, diz polícia",2026-06-16T21:00:29+00:00,MG / Uberlândia,https://g1.globo.com/mg/triangulo-mineiro/noticia/2026/06/16/morte-de-homem-dentro-de-barbearia-em-araguari-foi-motivada-por-disputa-entre-faccoes-diz-policia.ghtml,homicidio,100
Homem é condenado por matar ex-companheira a tiros durante festa de aniversário dela em Penápolis,2026-06-16T20:43:36+00:00,SP / São José do Rio Preto,https://g1.globo.com/sp/sao-jose-do-rio-preto-aracatuba/noticia/2026/06/16/homem-e-condenado-por-matar-ex-companheira-a-tiros-durante-festa-de-aniversario-dela-em-penapolis.ghtml,homicidio,100
Três adolescentes são apreendidos após roubo de moto e carro em Ipatinga,2026-06-16T20:43:12+00:00,MG / Governador Valadares,https://g1.globo.com/mg/vales-mg/noticia/2026/06/16/tres-adolescentes-sao-apreendidos-apos-roubo-de-moto-e-carro-em-ipatinga.ghtml,roubo,100
Polícia Civil cumpre mandado de apreensão por ato infracional análogo à tentativa de homicídio em Feira de Santana - :: Bahia Jornal ::,2026-06-16T20:42:02+00:00,BA / Feira de Santana,https://news.google.com/rss/articles/CBMi8gFBVV95cUxPZ1VoZnVsdWtfZFRtZVpiOFA2bmlEVk0tUWZSRFc0aThWTmFyaEtjTzZPZ3dVY0hmWlR0Zk9GeHZtYXFOY1JTNzlja2hyREdNTE1BQ2VtWExmMXd2Nk1aUXJKNjVWRzIyVVI5ZGVOdWY5ODdsMU5EZDNzODllYmk5ZzZ0LUhDa3cyZ1plbndXbXRhVWppcEZOMFNseGJKUzZLTjBMSzdrbVBfa3NVd2xRbUFBeFNhQUkzTERvWC1yMHFrQ29JVjVnNzFVd25JY2VzUG9IVXdyTHBNb1lnZmdBUkRjbGNSaXQ1dmlRUmdwR3BsUQ?oc=5,policia,95
Ransomware: sua empresa está preparada para quando o ataque acontecer?,2026-06-16T20:39:15+00:00,PR / Curitiba,https://g1.globo.com/pr/parana/especial-publicitario/ligga-telecom-conectando-negocios-cidades-e-pessoas/noticia/2026/06/16/ransomware-sua-empresa-esta-preparada-para-quando-o-ataque-acontecer.ghtml,fraude,95
Mais de uma tonelada de barbatanas de tubarão é apreendida em Sergipe,2026-06-16T20:35:48+00:00,SE / Aracaju,https://g1.globo.com/se/sergipe/noticia/2026/06/16/mais-de-uma-tonelada-de-barbatanas-de-tubarao-e-apreendida-em-sergipe.ghtml,policia,95
Secretário de Bocaiúva do Sul é preso suspeito de extorquir empresário que prestava serviços ao município,2026-06-16T20:34:28+00:00,PR / Curitiba,https://g1.globo.com/pr/parana/noticia/2026/06/16/bocaiuva-do-sul-extorsao-empresario-que-prestava-servicos-ao-municipio.ghtml,fraude,90
Jovem morre em acidente na BR-364 em Porto Velho,2026-06-16T20:33:45+00:00,RO / Porto Velho,https://g1.globo.com/ro/rondonia/noticia/2026/06/16/jovem-morre-em-acidente-na-br-364-em-porto-velho.ghtml,outros,90
Preso pelo ICE e apontado como ex PCC e CV respondeu processos por estelionato e pensão alimentícia em SC,2026-06-16T20:33:18+00:00,SC / Florianópolis,https://g1.globo.com/sc/santa-catarina/noticia/2026/06/16/preso-ice-respondeu-processos-estelionato-pensao-alimenticia-em-santa-catarina.ghtml,fraude,95
Coreia do Sul: viagens imersivas para conhecer o país,2026-06-16T20:30:31+00:00,PR / Curitiba,https://g1.globo.com/pr/parana/especial-publicitario/maeum-global-agency/noticia/2026/06/16/coreia-do-sul-viagens-imersivas-para-conhecer-o-pais.ghtml,outros,90
Operação Rapina prende investigado por roubo de motocicleta em Goiânia – Policia Civil - goias.gov,2026-06-16T20:21:46+00:00,GO / Goiânia,https://news.google.com/rss/articles/CBMiqAFBVV95cUxNVnVqN0dDbDdoZVlIcE8yUnp6MEE2NFpPcVhzNk9PTDZkLUw5MnI2TVUwM29tYlZ2TWlRRnRfTi1kNklyNlloWnNZajhYa2RDczQ0MExtcm1hNmxuQWNRMjFVcUx4aHZzTGl4VVZWOFNDSnJFYS1naUNDQ0N2RE9xT3FnUVdUbjJNYTFRRkJ4MXZaMGdHbGdFejJLSXRFdHhqVnY0M2p6bXk?oc=5,policia,95
PM recupera 18 baterias avaliadas em R$ 180 mil em Caruaru,2026-06-16T20:18:34+00:00,PE / Caruaru,https://g1.globo.com/pe/caruaru-regiao/noticia/2026/06/16/pm-recupera-18-baterias-avaliadas-em-r-180-mil-em-caruaru.ghtml,policia,90
VÍDEO: Idosa é atropelada por moto enquanto atravessa a faixa de pedestre em MG,2026-06-16T20:16:32+00:00,MG / Juiz de Fora,https://g1.globo.com/mg/zona-da-mata/noticia/2026/06/16/video-idosa-e-atropelada-por-moto-enquanto-atravessa-a-faixa-de-pedestre-em-mg.ghtml,veiculo,90
Suspeito de matar homem com tiro na cabeça durante jogo do Brasil é considerado foragido pela polícia,2026-06-16T20:12:45+00:00,SP / São José do Rio Preto,https://g1.globo.com/sp/sao-jose-do-rio-preto-aracatuba/noticia/2026/06/16/autor-do-disparo-que-levou-a-morte-de-homem-durante-jogo-do-brasil-e-considerado-foragido-pela-policia.ghtml,homicidio,100
Pai e madrasta mortos a facadas enquanto dormiam estavam juntos havia mais de três anos; veja quem eram as vítimas,2026-06-16T20:12:40+00:00,SP / Sorocaba,https://g1.globo.com/sp/sorocaba-jundiai/noticia/2026/06/16/quem-eram-as-vitimas-do-duplo-homicidio-em-salto.ghtml,homicidio,100
Operação contra roubo de motos prende quatro suspeitos na Grande Aracaju; um deles confessou mais de 45 crimes,2026-06-16T20:12:01+00:00,SE / Aracaju,https://g1.globo.com/se/sergipe/noticia/2026/06/16/operacao-contra-roubo-de-motos-prende-quatro-suspeitos-na-grande-aracaju-um-deles-confessou-mais-de-45-crimes.ghtml,roubo,95
Operação contra roubo de motos prende quatro suspeitos na Grande Aracaju; um deles confessou mais de 45 crimes - G1,2026-06-16T20:12:01+00:00,SE / Aracaju,https://news.google.com/rss/articles/CBMi-gFBVV95cUxNblBfY3hldEVTUFFLaEh0ZHF2MkxqaDZmX1g0QklWVHV2dnRhNUpGS0VGR1ZNdHR2eWN0eDNRc0pINHY5TnpSazM3aVZhSTVjWWt5RWI5eHAxYjNDNWpreU4wVTBTN1VJZFZOMWRJWTQ5Uml0N0Y3UEtOWkFSTDBYemZhNEJBekJKQ3JLNUVVa0VSakdnXy1QY09WOS1LOFd1X2owT2l2UDh3SDNXdWRmeDJ0cjVhc1ZkVkNOOGJqUkN1OTY4ZFV6dWtrUVNITGZHdzA3dF83VkVOMlBYMjdzdVZjS29QdEpWOWdtVGMwcHU4Nk9UdS1uUUdB0gGIAkFVX3lxTE9zVjhROG8yY3lSYlEtZlh1OHdKbi1mY2pMUDRSZ1VzWlpxb1JheW1SVER5MEFQQTZXN0J5dHYwWERiZEFEWWdIejkyT2dNVk14SDY4d2s5TFd2emZVS0tqSEtIY0lWME5CdlpxS3VzaWtDVWVzVW5YdXZMTnF1Tl9rV2p6cEs5LS1xTHpoRVVpZ3JPd05IZE0wYlk5bTM4SXFaQnN5Qk1RWlpfVDczMk9NLWZDVHdEQzZET3VYR3RfcTBaWlVUZnBxUVp0OUNlZlJvYUJ6bW04WjVCOTVaeGd6dEpjckg5aU90bVRIb1Vlc2syVzJuR0ZXakdEa3VSM1ZhT05PUFFCRg?oc=5,roubo,95
Vídeo de animais gravados por ciclista viraliza e revela riqueza da fauna no Tocantins,2026-06-16T20:06:48+00:00,TO / Palmas,https://g1.globo.com/to/tocantins/noticia/2026/06/16/ciclista-que-faz-trilhas-e-monitora-animais-com-cameras-no-cerrado-viraliza-com-videos-noturnos.ghtml,outros,100
Polícia Federal encerra atuação de rádio clandestina em Vassouras,2026-06-16T20:04:11+00:00,RJ / Volta Redonda,https://g1.globo.com/rj/sul-do-rio-costa-verde/noticia/2026/06/16/policia-federal-encerra-atuacao-de-radio-clandestina-em-vassouras.ghtml,policia,90
"Queijo de 3,2 toneladas produzido em MT bate recorde nacional",2026-06-16T20:03:39+00:00,MT / Cuiabá,https://g1.globo.com/mt/mato-grosso/noticia/2026/06/16/queijo-de-32-toneladas-produzido-em-mt-bate-recorde-nacional.ghtml,outros,100
Quatro mulheres são resgatadas de casa de prostituição em Goiana por situação análoga à escravização,2026-06-16T20:02:50+00:00,PE / Recife,https://g1.globo.com/pe/pernambuco/noticia/2026/06/16/quatro-mulheres-sao-resgatadas-de-casa-de-prostituicao-em-goiana-por-situacao-analoga-a-escravidao.ghtml,trafico,95
Líder religioso é preso por suspeita de estuprar adolescente de 14 anos no RS,2026-06-16T20:00:50+00:00,RS / Porto Alegre,https://g1.globo.com/rs/rio-grande-do-sul/noticia/2026/06/16/lider-religioso-preso-suspeita-estuprar-adolescente-rio-grande-rs.ghtml,estupro,95
Cuiabá tem 260 vagas para curso gratuito de controle de qualidade e oportunidades de emprego,2026-06-16T20:00:00+00:00,MT / Cuiabá,https://g1.globo.com/mt/mato-grosso/noticia/2026/06/16/cuiaba-tem-260-vagas-para-curso-gratuito-de-controle-de-qualidade-e-oportunidades-de-emprego.ghtml,outros,90
Engavetamento entre cinco veículos deixa um morto e três feridos em AL; VÍDEO,2026-06-16T19:51:57+00:00,AL / Maceió,https://g1.globo.com/al/alagoas/noticia/2026/06/16/acidente-entre-carro-e-van-deixa-um-morto-e-tres-feridos-em-al.ghtml,homicidio,90
Porto a Porto traz ao Brasil os melhores vinhos das principais regiões produtoras,2026-06-16T19:44:49+00:00,PR / Curitiba,https://g1.globo.com/pr/parana/especial-publicitario/porto-a-porto/guia-do-vinho-e-da-gastronomia/noticia/2026/06/16/porto-a-porto-traz-ao-brasil-os-melhores-vinhos-das-principais-regioes-produtoras.ghtml,outros,85
Família vai até a esposa de homem que morreu em acidente para avisá-la e a encontra degolada dentro de casa no interior de SP,2026-06-16T19:26:25+00:00,SP / Itapetininga,https://g1.globo.com/sp/itapetininga-regiao/noticia/2026/06/16/esposa-de-homem-que-morreu-em-acidente-e-encontrada-morta-dentro-de-casa-em-itapetininga.ghtml,homicidio,100
"VÍDEO: Caminhão sem freio quase atropela trabalhador em empilhadeira, bate em carro e atinge fachada de loja em MG",2026-06-16T19:18:59+00:00,MG / Divinópolis,https://g1.globo.com/mg/centro-oeste/noticia/2026/06/16/video-caminhao-fica-sem-freios-bate-em-carro-e-atinge-fachada-de-loja-em-mg.ghtml,veiculo,90
Governo do ES abre mais de 3.200 vagas de estágio para estudantes e bolsa de até R$ 1 mil; veja como se inscrever,2026-06-16T19:15:53+00:00,ES / Vitória,https://g1.globo.com/es/espirito-santo/noticia/2026/06/16/governo-do-es-abre-mais-de-3200-vagas-de-estagio-para-estudantes-e-bolsa-de-ate-r-1-mil-veja-como-se-inscrever.ghtml,outros,100
VÍDEO: Filhote de baleia-franca nada ao lado da mãe após 1º nascimento da temporada em SC,2026-06-16T19:11:30+00:00,SC / Florianópolis,https://g1.globo.com/sc/santa-catarina/noticia/2026/06/16/video-filhote-baleia-franca-nada-mae-1o-nascimento-temporada-sc.ghtml,outros,100
Operação prende quatro suspeitos de roubo de motos na Grande Aracaju; investigado admite mais de 45 crimes - Fan F1,2026-06-16T19:10:00+00:00,SE / Aracaju,https://news.google.com/rss/articles/CBMi1AFBVV95cUxOTV9iblRydGs1eEdTanRRcFRtN2VVV3ZQMW5QMjVEeTZMeWkzNEdCcmdWTzRkUk1YN0RpaFVfbXJLakVFQTVxSjBUMkxfNTY5NGMxeVQxeEdLTkx4aVBQVUFJY2cxSXk5OEZBeG9zdWlPT25CV1pCaFVIeS05QzhwRFpLdXRIRVNPWjU3V3B3STNRUGw2ekZWaFZ6UURXSUFTcVp1Y2R5b0xwUnVGSnhRREZ0NVZ6VXlBUmphMWdFaDNiQThQUHk0UV9EVTBFcjNfNjRvZQ?oc=5,policia,95
Prefeito veta projeto que daria nome de Isadora à Unidade de Urgência e Emergência de Lumiar,2026-06-16T19:07:36+00:00,RJ / Petrópolis,https://g1.globo.com/rj/regiao-serrana/noticia/2026/06/16/prefeito-veta-projeto-que-daria-nome-de-isadora-a-unidade-de-urgencia-e-emergencia-de-lumiar.ghtml,homicidio,95
Mãe denuncia à polícia que filha teve costelas quebradas após ser agredida por alunas em escola estadual,2026-06-16T19:03:05+00:00,SP / São José do Rio Preto,https://g1.globo.com/sp/sao-jose-do-rio-preto-aracatuba/noticia/2026/06/16/mae-denuncia-a-policia-que-filha-teve-costelas-quebradas-apos-ser-agredida-por-alunas-em-escola-estadual.ghtml,violencia,95
Homem é preso por feminicídio cinco dias após morte de ex-esposa em Tamandaré,2026-06-16T19:02:41+00:00,PE / Recife,https://g1.globo.com/pe/pernambuco/noticia/2026/06/16/homem-e-preso-cinco-dias-apos-morte-de-mulher-em-tamandare.ghtml,homicidio,100
Anvisa autoriza aplicação de polilaminina em jovem que perdeu movimentos após ser atingida por galho de árvore em Curitiba: 'Mais uma chance',2026-06-16T19:00:31+00:00,PR / Curitiba,https://g1.globo.com/pr/parana/noticia/2026/06/16/aplicacao-polilaminina-jovem-curitiba.ghtml,outros,95
"‘Eu daria a minha vida pela dos meninos’, diz treinador sobre mortos em acidente com time de basquete",2026-06-16T18:54:02+00:00,CE / Fortaleza,https://g1.globo.com/ce/ceara/cariri/noticia/2026/06/16/eu-daria-a-minha-vida-pela-dos-meninos-diz-treinador-sobre-mortos-em-acidente-com-time-de-basquete.ghtml,homicidio,95
Operação correios do crime - G1,2026-06-16T18:53:51+00:00,SC / Blumenau,https://news.google.com/rss/articles/CBMivwFBVV95cUxOT0ZOTl9xWHVKUmp0RGNmVFlOcDY0TTc3dnVrUC1nNHlYVThfZU53MDhVeHB4ck5KLWltSlBGaGt3dU1WaUthRFZJRnpDaEt6QUhqLTE5NEFIT2plSXJKVkF4ckFEblFOclNrSllmbWdNVUJ5VjZ0YXJlZXVPbXJPNWRsOGl1S0tlN1czSnFOMDZTREswc2JIT2lralRzUF90SzBKWXhtdEJkNFJOTEZvSHozVWYzOEhlUVk2TUJtNNIBzgFBVV95cUxNMldNeC1qUjFnRjlsNVpMX19EZmd6TGwtVXZEOF9UWTdCU1pDNW84TGtTR2UxaTNreEFWTXVhcEdMX3FlRlduUWlObFBKcmw3S1JpbU8yWkJ1bkFGbEc1S1ZNVVV5bE9fUG43cmFNS0tKeG1aaFA3TFViOXJEczkzZkZ2M2doTTRZX1A1aHJlU1hrdWpScm1uYUFMZlNYVE91c0J3OUZpV0hqNXY3Mk1vSnJDWExFZnNXMWE3RFdVSEtEOHBzUGpfZWVhU2tGdw?oc=5,policia,85
"Homem é suspeito de atirar em gato de vizinho e deixar animal paraplégico em Lambari, MG",2026-06-16T18:53:23+00:00,MG / Pouso Alegre,https://g1.globo.com/mg/sul-de-minas/noticia/2026/06/16/maus-tratos-animais-sul-de-minas.ghtml,outros,100
"Médico suspeito de fraude de R$ 6,5 milhões em neurocirurgias guardava R$ 200 mil em casa",2026-06-16T18:53:13+00:00,MS / Campo Grande,https://g1.globo.com/ms/mato-grosso-do-sul/noticia/2026/06/16/policia-apreende-mais-de-r-200-mil-na-casa-de-medico-suspeito-de-superfaturar-neurocirurgias-em-ms.ghtml,fraude,100
Mulher vítima de agressão ajuda polícia a encontrar suspeito de violência doméstica em São Luís,2026-06-16T18:50:08+00:00,MA / São Luís,https://g1.globo.com/ma/maranhao/noticia/2026/06/16/mulher-vitima-de-agressao-ajuda-policia-a-encontrar-suspeito-de-violencia-domestica-em-sao-luis.ghtml,violencia,95
"Jovem matou pai e madrasta durante crise de abstinência, diz polícia",2026-06-16T18:46:30+00:00,SP / Sorocaba,https://g1.globo.com/sp/sorocaba-jundiai/noticia/2026/06/16/jovem-duplo-homicidio-crise-abstinencia-salto.ghtml,homicidio,100
PCES prende foragido da Justiça de São Paulo por crime de estupro em Barra de São Francisco - PCES,2026-06-16T18:46:00+00:00,ES / Barra de São Francisco,https://news.google.com/rss/articles/CBMiwwFBVV95cUxQR0k1QXBCaFQ2aUlXOGFTWTNaQW95eHJJRXpNYUJ6Sm9CcnZqUmZFaDgtcXVvbGJHVWFmTGpCbkJLVlJxc1Z6Y2EyTU9OVzRGMEl2U3BPVHQzSjFLcWp0YjRVWG1VWXFlRGgxbUJaTHBpZ1BBRm1ZYWE5NDUtTFU1b0x3OVFCRkkzTUpuTnpLbFN3OWw3TlhPNjJZcWtzWUd1SGg4U1FFZWMxdmk0VzZEcXAtQS1qNnZqb05UQkZpM3VFZlE?oc=5,policia,95
PF prende investigado por armazenar e compartilhar material de abuso sexual infantil no RN,2026-06-16T18:40:07+00:00,RN / Natal,https://g1.globo.com/rn/rio-grande-do-norte/noticia/2026/06/16/pf-prende-investigado-por-armazenar-e-compartilhar-material-de-abuso-sexual-infantil-no-rn.ghtml,estupro,85
Brumadinho: STJ nega pedidos de réus e mantém ação penal sobre rompimento da barragem,2026-06-16T18:36:24+00:00,MG / Belo Horizonte,https://g1.globo.com/mg/minas-gerais/noticia/2026/06/16/stj-nega-pedidos-reus-acao-penal-rompimento-barragem-brumadinho.ghtml,homicidio,90
Guarda Municipal prende quatro suspeitos de roubo de carro em Florianópolis - ND Mais,2026-06-16T18:31:50+00:00,SC / Florianópolis,https://news.google.com/rss/articles/CBMipwFBVV95cUxPeXFYbnVGSUhPTmR1TjZ2bnlUeHJKQUJlZ3ZqakxRRnEyVkJZaURacjFESHIwUG9TNGZ2RTN6ZjdwTENwellUdU1feU9UZU12SENyRjFaY2lrTmFmV3JJdHVVN0hOaDJJU3VaQ2dtX0JIaUpxTm5zb2pFajhWLXFMNjg3eTJCcUlMUGV2ZWRvOWtHSkdtd3JkLUpNYkVERXpnS09WdEExNA?oc=5,roubo,95
Mulher é encontrada morta ao lado de rodovia e ex-companheiro é preso,2026-06-16T18:23:36+00:00,TO / Palmas,https://g1.globo.com/to/tocantins/noticia/2026/06/16/mulher-e-encontrada-morta-ao-lado-de-rodovia-e-ex-companheiro-e-preso.ghtml,homicidio,100
"Polícia investiga suposto estelionato após corredores relatarem prejuízo em inscrições para prova de rua em Varginha, MG",2026-06-16T18:22:26+00:00,MG / Pouso Alegre,https://g1.globo.com/mg/sul-de-minas/noticia/2026/06/16/policia-investiga-suposto-estelionato-apos-corredores-relatarem-prejuizo-em-inscricoes-para-prova-de-rua-em-varginha-mg.ghtml,fraude,100
"Polícia recaptura em Novo Progresso, no Pará, foragida acusada de tráfico e ligação com o PCC em Roraima",2026-06-16T18:20:40+00:00,RR / Boa Vista,https://g1.globo.com/pa/para/noticia/2026/06/16/policia-recaptura-em-novo-progresso-no-para-foragida-acusada-de-trafico-e-ligacao-com-o-pcc-em-roraima.ghtml,trafico,85
Parto de leitoa que bateu recorde com 33 filhotes durou 5 horas em granja de MS,2026-06-16T18:19:24+00:00,MS / Campo Grande,https://g1.globo.com/ms/mato-grosso-do-sul/noticia/2026/06/16/parto-de-leitoa-que-bateu-recorde-com-33-filhotes-durou-5-horas-em-granja-de-ms.ghtml,outros,100
Suspeitos de balear vereador de Mossoró e matar assessor são presos no Ceará,2026-06-16T18:07:52+00:00,CE / Fortaleza,https://g1.globo.com/ce/ceara/noticia/2026/06/16/suspeitos-de-balear-vereador-de-mossoro-e-matar-assessor-sao-presos-no-ceara.ghtml,homicidio,100
Família relata medo após condenado por matar avô fugir de instituto psiquiátrico no RS: 'Até hoje não sei o que foi feito',2026-06-16T18:06:37+00:00,RS / Porto Alegre,https://g1.globo.com/rs/rio-grande-do-sul/noticia/2026/06/16/familia-medo-condenado-matar-avo-fugir-de-instituto-psiquiatrico-rs.ghtml,homicidio,95
Ciclista de 18 anos morre após bater em moto e cair em rio no Vale do Mucuri,2026-06-16T18:05:09+00:00,MG / Governador Valadares,https://g1.globo.com/mg/vales-mg/noticia/2026/06/16/ciclista-de-18-anos-morre-apos-bater-em-moto-e-cair-em-rio-no-vale-do-mucuri.ghtml,veiculo,95
Homem é preso por agredir ex-companheira e descumprir medida protetiva em Timon,2026-06-16T18:03:55+00:00,MA / São Luís,https://g1.globo.com/ma/maranhao/noticia/2026/06/16/homem-e-preso-por-agredir-ex-companheira-e-descumprir-medida-protetiva-em-timon.ghtml,violencia,95
Servidoras mortas em ataque são homenageadas com Ordem da Estrela do Acre: 'Gostaria que fosse em vida',2026-06-16T18:02:50+00:00,AC / Rio Branco,https://g1.globo.com/ac/acre/noticia/2026/06/16/servidoras-mortas-em-ataque-sao-homenageadas-com-ordem-da-estrela-do-acre-gostaria-que-fosse-em-vida.ghtml,homicidio,100
"Mulher dada como desaparecida em MG foi morta pelo próprio marido, conclui polícia",2026-06-16T18:01:03+00:00,MG / Belo Horizonte,https://g1.globo.com/mg/minas-gerais/noticia/2026/06/16/mulher-dada-como-desaparecida-em-mg-foi-morta-pelo-proprio-marido-conclui-policia.ghtml,homicidio,100
Trabalhador cai em vala e morre soterrado durante obra no centro de Brasília,2026-06-16T18:00:37+00:00,DF / Brasília,https://g1.globo.com/df/distrito-federal/noticia/2026/06/16/trabalhador-morre-soterrado-no-centro-de-brasilia.ghtml,homicidio,85
"Após idoso perder R$ 29 mil em golpe, polícia desarticula esquema interestadual de fraudes eletrônicas",2026-06-16T18:00:08+00:00,SP / São José do Rio Preto,https://g1.globo.com/sp/sao-jose-do-rio-preto-aracatuba/noticia/2026/06/16/apos-idoso-perder-r-29-mil-em-golpe-policia-desarticula-esquema-interestadual-de-fraudes-eletronicas.ghtml,fraude,95
Buracos na BR-135 danificam veículos e causam transtornos em Bacabeira,2026-06-16T17:55:50+00:00,MA / São Luís,https://g1.globo.com/ma/maranhao/noticia/2026/06/16/buracos-na-br-135-danificam-veiculos-e-causam-transtornos-em-bacabeira.ghtml,outros,100
"Batida entre caminhão e trem faz motorista ser arremessado para fora de cabine, no PR",2026-06-16T17:54:41+00:00,PR / Curitiba,https://g1.globo.com/pr/norte-noroeste/noticia/2026/06/16/batida-entre-caminhao-e-trem-no-pr.ghtml,homicidio,95
PF prende chefes de quadrilha suspeita de movimentar quase R$ 500 milhões em contrabando de cigarros em MS,2026-06-16T17:49:50+00:00,MS / Campo Grande,https://g1.globo.com/ms/mato-grosso-do-sul/noticia/2026/06/16/pf-prende-chefes-de-quadrilha-suspeita-de-movimentar-quase-r-500-milhoes-em-contrabando-de-cigarros-em-ms.ghtml,policia,95
Câmara aceita dois pedidos de impeachment contra prefeita afastada de Praia Norte,2026-06-16T17:47:17+00:00,TO / Palmas,https://g1.globo.com/to/tocantins/noticia/2026/06/16/camara-aceita-dois-pedidos-de-impeachment-contra-prefeita-afastada-de-praia-norte.ghtml,fraude,100
'Amapá em Campo': grafite e cultura regional ganham destaque nas obras de Nazareno Senn,2026-06-16T17:38:52+00:00,AP / Macapá,https://g1.globo.com/ap/amapa/noticia/2026/06/16/amapa-em-campo-grafite-e-cultura-regional-ganham-destaque-nas-obras-de-nazareno-senn.ghtml,outros,100
Como está o caso? Dois são condenados por morte de 4 jovens dentro de BMW por inalação de monóxido de carbono em SC,2026-06-16T17:38:43+00:00,SC / Florianópolis,https://g1.globo.com/sc/santa-catarina/noticia/2026/06/16/condenados-morte-quatro-jovens-dentro-de-bmw-monoxido-de-carbono-balneario-camboriu.ghtml,homicidio,100
Homem é morto a facadas e esposa confessa crime em Salvador - Tribuna da Bahia,2026-06-16T17:35:00+00:00,BA / Salvador,https://news.google.com/rss/articles/CBMioAFBVV95cUxPQl9nTndQWXBHZUhsX0otNTl4VDVjMnRMejdzNm5wQ0lxYnRjQk9Bb1V0RHN6WjFfTjRIcG5INXB2VnNKMlFCb2ctQmh6VTRoTW85el9VR2VjcFRqRV9QMnJLU1UxNVFSN0E2QjRZeDdnOXFtRG5Ebi0yMmVuTzN3by1UaTdRVm5zcHhzZ3daam9jZUdxMkk5M3B0QkNpaW90?oc=5,homicidio,100
"Cartas de presos expõem ordens, cobranças, finanças e provocam megaoperação em Blumenau - NSC Total",2026-06-16T17:27:00+00:00,SC / Blumenau,https://news.google.com/rss/articles/CBMivwFBVV95cUxPSUtxeUdRa0oxcXRCRF9yZXhwNXBoclFUa29taldPMTNzTzVDNF9CLTlaRk5qZzJQRWtTUXNiVzBmZndKZncwVjJXZTdyQmJKS3EwMk9ESUtsdGl5R0tzbTJQVk9EeDhZemc2YnVwVFRTZXNQNW1OWk10dmhBREkybjZ5ZzZVREctVjhOVDRqVHFWRk9oS1BvSC0xZHZFdFhJRXVleW1XU0V4VDhYaFVYTFQwM211cjVWeGx0NDNjUQ?oc=5,policia,85
"Advogado e outras oito pessoas são presas por tráfico de drogas; R$ 8,8 milhões em bens são bloqueados",2026-06-16T17:25:38+00:00,RN / Natal,https://g1.globo.com/rn/rio-grande-do-norte/noticia/2026/06/16/advogado-e-outras-oito-pessoas-sao-presas-por-trafico-de-drogas-r-88-milhoes-em-bens-sao-bloqueados.ghtml,trafico,95
"Suspeitos de furtar loja em Americana são presos com R$ 4,8 mil em mercadorias",2026-06-16T17:22:08+00:00,SP / Campinas,https://g1.globo.com/sp/campinas-regiao/noticia/2026/06/16/suspeitos-de-furtar-loja-em-americana-sao-presos-com-r-48-mil-em-mercadorias.ghtml,furto,95
"VÍDEO: Jiboia invade casa, sobe em estante e moradora pensa que gato de estimação fazia bagunça no ES",2026-06-16T17:20:46+00:00,ES / Vitória,https://g1.globo.com/es/espirito-santo/noticia/2026/06/16/video-jiboia-invade-casa-sobe-em-estante-e-moradora-pensa-que-gato-de-estimacao-fazia-bagunca-no-es.ghtml,outros,95
Operação 'Black Route' cumpre mandados contra furto de cargas e mira empresa de cereais em Assis,2026-06-16T17:16:33+00:00,SP / Bauru,https://g1.globo.com/sp/bauru-marilia/noticia/2026/06/16/operacao-black-route-cumpre-mandados-contra-furto-de-cargas-e-mira-empresa-de-cereais-em-assis.ghtml,policia,95
"Motorista sem CNH é preso após acidente com morte de trabalhadora rural em Delfinópolis, MG",2026-06-16T17:10:14+00:00,MG / Pouso Alegre,https://g1.globo.com/mg/sul-de-minas/noticia/2026/06/16/ocorrencias-transito.ghtml,homicidio,85
Homem suspeito de vender drogas em posto de combustíveis é preso em Peritoró,2026-06-16T17:07:51+00:00,MA / São Luís,https://g1.globo.com/ma/maranhao/noticia/2026/06/16/homem-suspeito-de-vender-drogas-em-posto-de-combustiveis-e-preso-em-peritoro.ghtml,trafico,100
"Conflitos entre facções criminosas são principal motivação de homicídios no Acre, revela estudo",2026-06-16T17:04:40+00:00,AC / Rio Branco,https://g1.globo.com/ac/acre/noticia/2026/06/16/conflitos-entre-faccoes-criminosas-sao-principal-motivacao-de-homicidios-no-acre-revela-estudo.ghtml,homicidio,100
Adolescente é encontrado morto com sinais de violência em Pacaraima,2026-06-16T17:02:22+00:00,RR / Boa Vista,https://g1.globo.com/rr/roraima/noticia/2026/06/16/adolescente-e-encontrado-morto-com-sinais-de-violencia-em-pacaraima.ghtml,homicidio,95
Cenipa divulga relatório final sobre acidente com foguete Hanbit-Nano em Alcântara,2026-06-16T16:59:37+00:00,MA / São Luís,https://g1.globo.com/ma/maranhao/noticia/2026/06/16/cenipa-divulga-relatorio-final-sobre-acidente-com-foguete-hanbit-nano-em-alcantara.ghtml,outros,95
Mulher espancada por ex em BH divulga vídeo de ameaça recebida após romper noivado,2026-06-16T16:55:01+00:00,MG / Belo Horizonte,https://g1.globo.com/mg/minas-gerais/noticia/2026/06/16/mulher-espancada-por-ex-em-bh-divulga-video-de-ameaca-recebida-apos-romper-noivado.ghtml,homicidio,90
Prefeitura compra cestas básicas sem licitação para atender famílias atingidas por temporal em janeiro,2026-06-16T16:52:51+00:00,TO / Palmas,https://g1.globo.com/to/tocantins/noticia/2026/06/16/prefeitura-compra-cestas-basicas-sem-licitacao-para-atender-familias-atingidas-por-temporal-em-janeiro.ghtml,fraude,90
Justiça realiza audiência de caso de grávida encontrada morta após ficar desaparecida em Campos,2026-06-16T16:44:54+00:00,RJ / Campos dos Goytacazes,https://g1.globo.com/rj/norte-fluminense/noticia/2026/06/16/justica-realiza-audiencia-de-caso-de-gravida-desaparecida-e-morta-em-campos.ghtml,homicidio,100
"Intervenção no Consórcio Guaicurus tem integrantes de MT, AL, RJ e um de Campo Grande",2026-06-16T16:44:33+00:00,MS / Campo Grande,https://g1.globo.com/ms/mato-grosso-do-sul/noticia/2026/06/16/intervencao-no-consorcio-guaicurus-tem-integrantes-de-mt-al-rj-e-um-de-campo-grande.ghtml,fraude,75
Homem inventa roubo para esconder que foi esfaqueado pela esposa em SC - Visor Notícias,2026-06-16T16:42:40+00:00,SC / Blumenau,https://news.google.com/rss/articles/CBMiogFBVV95cUxNUnJLTl9QWUNmS3YxS1pTWEJ6ZEpvdzh4U1BMVDM3ay1veGF4TzZFUDFSQlNMZWJud3BEWGwwZWpiY3RXazJ5TkFORnE0eTlrZTM4UDNZWEwwZ0hDZm04QXluSFVuTU9sT2xXeHNTdUlMa0RzWmRkNmtqclVQUTVZLXVFZWV1ak8zWXltbkgtaUVVVERaX25fanhxRDN3Z2xCbUE?oc=5,violencia,90
Motociclista flagrado em passarela de pedestre ameaça equipe da TV Verdes Mares: 'Vou quebrar essa câmera',2026-06-16T16:36:08+00:00,CE / Fortaleza,https://g1.globo.com/ce/ceara/noticia/2026/06/16/motociclista-flagrado-em-passarela-de-pedestre-ameaca-equipe-da-tv-verdes-mares-vou-quebrar-essa-camera.ghtml,outros,85
Estudantes de 12 anos são atropeladas por caminhão ao atravessar rodovia na frente de escola em SC; VÍDEO,2026-06-16T16:34:42+00:00,SC / Florianópolis,https://g1.globo.com/sc/santa-catarina/noticia/2026/06/16/estudantes-12-anos-atropeladas-caminhao-escola-rodovia-sao-jose-video.ghtml,veiculo,95
"Empresário cai em golpe 'Boa noite, Cinderela' e perde mais de R$ 130 mil; suspeito é preso",2026-06-16T16:32:51+00:00,SP / Santos,https://g1.globo.com/sp/santos-regiao/noticia/2026/06/16/empresario-cai-em-golpe-boa-noite-cinderela-e-perde-r-100-mil-suspeito-e-preso.ghtml,fraude,95
Brigou com a mulher: homem mente ao simular que foi esfaqueado em assalto em Blumenau - ND Mais,2026-06-16T16:32:25+00:00,SC / Blumenau,https://news.google.com/rss/articles/CBMiswFBVV95cUxPRGd3Vi12am1ka0tNdW5YdmlSSGlOQzg5d3VNM01aNU9aaDdiZGpfd19RVDg5dGxZRGpnU2pDN1hkQzVVQXkwZzJoelZVU0xWX25QTXMwdGoyVWhnZ0FRd3h2TGZ0VWdVQkVnTWRPTU1MT1VwTXBZUDhGVU5ET1QwZXlYblY4M1BLSnRSV1NGS0wyVmxvdnlJakVjR2VveFJNNnFMeVBlX0VkR3dnU2lnalZSTQ?oc=5,fraude,95
Jovens são presos com drogas em Paraty,2026-06-16T16:30:08+00:00,RJ / Volta Redonda,https://g1.globo.com/rj/sul-do-rio-costa-verde/noticia/2026/06/16/jovens-sao-presos-com-drogas-em-paraty.ghtml,trafico,100
Sobrevivente de acidente com time de basquete lamenta morte dos amigos: 'Estou com saudades',2026-06-16T16:24:45+00:00,CE / Fortaleza,https://g1.globo.com/ce/ceara/cariri/noticia/2026/06/16/sobrevivente-de-acidente-com-time-de-basquete-lamenta-morte-dos-amigos-estou-com-saudades.ghtml,veiculo,95
"VÍDEO: Pai, filhos e sobrinho são presos com emagrecedores escondidos em meias e cuecas no Paraná",2026-06-16T16:15:25+00:00,PR / Curitiba,https://g1.globo.com/pr/oeste-sudoeste/noticia/2026/06/16/pai-filhos-e-sobrinho-sao-presos-com-emagrecedores.ghtml,fraude,85
De pitaya a bolo de churros: o que tem no cardápio de R$ 600 mil do café da manhã dos deputados de MS,2026-06-16T16:13:06+00:00,MS / Campo Grande,https://g1.globo.com/ms/mato-grosso-do-sul/noticia/2026/06/16/de-pitaya-a-bolo-de-churros-o-que-tem-no-cardapio-de-r-600-mil-do-cafe-da-manha-dos-deputados-de-ms.ghtml,fraude,85
Grupo suspeito de se passar por parentes para aplicar golpes em vítimas é identificado pela polícia,2026-06-16T16:04:35+00:00,TO / Palmas,https://g1.globo.com/to/tocantins/noticia/2026/06/16/grupo-suspeito-de-se-passar-por-parentes-para-aplicar-golpes-em-vitimas-e-identificado-pela-policia.ghtml,fraude,100
Blumenau (SC): Homem inventa roubo para esconder que foi esfaqueado pela própria esposa - Diário do Estado,2026-06-16T16:01:35+00:00,SC / Blumenau,https://news.google.com/rss/articles/CBMiuAFBVV95cUxNNzBVTFdYbTUyazJGRm1mOWdjdkJvMVY3Q0tBd2NHVWM1eFdPZzFjVzVvZjNHZ3VvNnM0alF2bXdOOWthT1A4My05NWNFUmlMajRmX1VKdUpuYXljMklzX0FOdG42QlVvLW9ER1dtYkU4WC1fLUs2R1Q4N25qeTZRdUlVWmZCbkFDYXZZcTlWc3cxRllHUU9nQ05nMkNNaE5BcE5OekE4THZSM0cyZGFuaVQ0aWc4MEFT?oc=5,violencia,95
Sicoob Credisul integra resultado de R$ 600 milhões prospectados na Rondônia Rural Show,2026-06-16T16:01:10+00:00,RO / Porto Velho,https://g1.globo.com/ro/rondonia/especial-publicitario/sicoob-credisul/noticia/2026/06/16/sicoob-credisul-integra-resultado-de-r-600-milhoes-prospectados-na-rondonia-rural-show.ghtml,outros,90
"Tren de Aragua usa Roraima como corredor para tráfico internacional de armas, diz polícia",2026-06-16T15:59:19+00:00,RR / Boa Vista,https://g1.globo.com/rr/roraima/noticia/2026/06/16/tren-de-aragua-usa-roraima-como-corredor-para-trafico-internacional-de-armas-diz-policia.ghtml,faccao,95
"Execução em Divinópolis deixa um morto, dois feridos e termina com veículo incendiado encontrado na zona rural - DiviNews",2026-06-16T15:56:16+00:00,MG / Divinópolis,https://news.google.com/rss/articles/CBMi2gFBVV95cUxPMUZ1VzR4RURJMmRtSmlMOGF0aWpjRmxVZndhUXlkOEpuQkZmMUM1QnZvbWlJOFBMYTYxTEs1a0dQeUtNNGpNbDdRYVEtUkpacmxhRzB6ZnhGVFU2RzlHSFVSNWdpOVpCUVJMRC1WclhxWVFmQ3pXNnJJT3E5NVBLTnl5aEdaQnNxWUVJaDN6bUkxRVRnUVM3WHp3SHBEUWlfSWJpX05QYmZ1dFd2VGM5ZWhBcDFwY051Skc0c3VmWHRMcWN1YjNxNDBxeTlkalJIUnJzZzlXYkw2dw?oc=5,homicidio,100
Inquérito aponta falha de projeto como causa de rompimento de reservatório que destruiu casas e matou idosa em Campina Grande,2026-06-16T15:51:59+00:00,PB / João Pessoa,https://g1.globo.com/pb/paraiba/noticia/2026/06/16/inquerito-aponta-falha-de-projeto-como-causa-de-rompimento-de-reservatorio-que-destruiu-casas-e-matou-idosa-em-campina-grande.ghtml,homicidio,95
Inimiga do povo de São Luís: nem todo crime da Câmara de Vereadores está na página policial - Agência Tambor,2026-06-16T15:51:49+00:00,MA / São Luís,https://news.google.com/rss/articles/CBMi3AFBVV95cUxQOHJkX2JRVXl1ZjlXMHNDVFIwdzFIa2YzTWFYUFZpUGtZdW9JVDdiV2t4bXlMOE1XTUp2Q0lubV9oNzN3Z3o4blJtbjJqRC1OcEt0S2FfdG1aSE9sY2ZfeHlVaHlxcnpOaXR6VTBKcU5jYUV6UUtPYzdLWUduOFhxbFVCcjBxMUpIcFkxZFZTc2xrbm1hM2NVaUtHS0dIMFhjSTNjVHlfdUZjY0RUZkRYUDNSc1JLbGlMMmFPUHV0YW9aN0U1N0sxNDliOVd4QVNmaUJ6a2dZd0lRdjlX?oc=5,fraude,90
Empresário do ramo automotivo morre após bater na traseira de caminhão em rodovia de SC,2026-06-16T15:50:08+00:00,SC / Florianópolis,https://g1.globo.com/sc/santa-catarina/noticia/2026/06/16/empresario-automotivo-morre-batida-traseira-caminhao-icara.ghtml,homicidio,95
"Homem é executado a tiros em Nova Andradina, e polícia investiga possível acerto de contas",2026-06-16T15:50:03+00:00,MS / Campo Grande,https://g1.globo.com/ms/mato-grosso-do-sul/noticia/2026/06/16/homem-e-executado-a-tiros-em-nova-andradina-e-policia-investiga-possivel-acerto-de-contas.ghtml,homicidio,100
Duas pernas humanas são encontradas dentro de sacola em valão de Vila Velha durante limpeza,2026-06-16T15:48:29+00:00,ES / Vitória,https://g1.globo.com/es/espirito-santo/noticia/2026/06/16/duas-pernas-sao-encontradas-dentro-de-sacola-em-valao-de-vila-velha-durante-limpeza.ghtml,homicidio,100
Zoonoses confirma raiva em morcego encontrado morto dentro de apartamento em Uberlândia,2026-06-16T15:47:31+00:00,MG / Uberlândia,https://g1.globo.com/mg/triangulo-mineiro/noticia/2026/06/16/zoonoses-confirma-raiva-em-morcego-encontrado-morto-dentro-de-apartamento-em-uberlandia.ghtml,outros,100
Motociclista morre atropelado por caminhão após cair na pista da BR-101; VÍDEO,2026-06-16T15:47:18+00:00,PE / Recife,https://g1.globo.com/pe/pernambuco/noticia/2026/06/16/motociclista-morre-atropelado-por-caminhao-apos-cair-na-pista-da-br-101-video.ghtml,veiculo,85
Governador Valadares será a nova capital de Minas Gerais nesta semana,2026-06-16T15:44:50+00:00,MG / Governador Valadares,https://g1.globo.com/mg/vales-mg/noticia/2026/06/16/governador-valadares-sera-a-nova-capital-de-minas-gerais-nesta-semana.ghtml,outros,100
Acidente entre carro e caminhão provoca mortes em rodovia de Poço Redondo,2026-06-16T15:42:48+00:00,SE / Aracaju,https://g1.globo.com/se/sergipe/noticia/2026/06/16/acidente-carro-caminhao-rodovia-sergipe.ghtml,veiculo,95
"Municípios do Amapá perdem 15 mil hectares de água em 40 anos, aponta estudo",2026-06-16T15:41:15+00:00,AP / Macapá,https://g1.globo.com/ap/amapa/noticia/2026/06/16/municipios-do-amapa-perdem-15-mil-hectares-de-agua-em-40-anos-aponta-estudo.ghtml,outros,95
"'Ele vivia o melhor momento da vida dele', diz padrasto sobre jogador de 17 anos que morreu em acidente com ônibus de time de basquete",2026-06-16T15:40:05+00:00,CE / Fortaleza,https://g1.globo.com/ce/ceara/cariri/noticia/2026/06/16/ele-vivia-o-melhor-momento-da-vida-dele-diz-padrasto-sobre-jogador-de-17-anos-que-morreu-em-acidente-com-onibus-de-time-de-basquete.ghtml,homicidio,95
"Motorista bêbada atropela grávida, foge e é perseguida por moradores até ser presa no Recife; VÍDEO",2026-06-16T15:36:02+00:00,PE / Recife,https://g1.globo.com/pe/pernambuco/noticia/2026/06/16/motorista-bebada-atropela-gravida-foge-e-e-perseguida-por-moradores-ate-ser-presa-no-recife-video.ghtml,outros,85
Mulher é esfaqueada pelo ex-companheiro em Colinas; suspeito está foragido,2026-06-16T15:24:33+00:00,MA / São Luís,https://g1.globo.com/ma/maranhao/noticia/2026/06/16/mulher-e-esfaqueada-pelo-ex-companheiro-em-colinas-suspeito-esta-foragido.ghtml,violencia,95
Morte de peixes em duas lagoas de São Gonçalo do Pará é investigada,2026-06-16T15:22:56+00:00,MG / São Gonçalo,https://g1.globo.com/mg/centro-oeste/noticia/2026/06/16/morte-de-peixes-em-duas-lagoas-de-sao-goncalo-do-para-e-investigada.ghtml,outros,100
Homem inventa roubo em SC para esconder que levou facadas da esposa por causa de ciúmes,2026-06-16T15:20:11+00:00,SC / Florianópolis,https://g1.globo.com/sc/santa-catarina/noticia/2026/06/16/homem-inventa-roubo-para-esconder-facadas-da-esposa-blumenau.ghtml,violencia,95
Homem inventa roubo em SC para esconder que levou facadas da esposa por causa de ciúmes - G1,2026-06-16T15:20:11+00:00,SC / Blumenau,https://news.google.com/rss/articles/CBMiwgFBVV95cUxPSTkwbjhuekNab3EwanhIakZ0WWM4a1QxWW5XNFV4MWNwVFlHS2kxSE1KZjN1M3pLczh5TGdCOU5lQWlJZFBRUDUwTnJKV3pILV9kNGUzemRyYURUWlp3aGlxRW5WQUZwdDEzNWZ2UEF5eFYwMXJRRU5GTVhzTl9ERm1mcFk4R0FSVkdOQlcyQW01cUlsSkFCdnRRYlhCaVlTeTY1NXE0VjRnb0Q5NDBDWHA2Zm5ORkN2cVJ4RkJ5b3lkd9IB0AFBVV95cUxQTkZJWGtXUVQzX0gwOUVxbm01YVIzVy16blRDcXdheWRnSThFN1dQcDNQeWo5eTctT0FHcldza0ltQzhYV090V3BKWmFfQ1NTazlYcW5XS2NQRFhmRnJMa19rdUhxTkJLNGhKNEt6UnllV0dhcy13S1pRWUtlM2xlNFJ6Q25GOEVlMnl2dk9VRUtsVU1tMmEwY0lGcGRMc0d0eDFTUWt2NmdrNzJob25abFU5c2Y2ZFQ5eUx4VE1OYnlmejlsRU9JRTZmbVk3Zkh5?oc=5,violencia,90
Acidente entre viatura dos bombeiros e carro deixa dois mortos no RS,2026-06-16T15:18:14+00:00,RS / Porto Alegre,https://g1.globo.com/rs/rio-grande-do-sul/noticia/2026/06/16/acidente-entre-viatura-dos-bombeiros-e-carro-deixa-dois-mortos-no-rs.ghtml,homicidio,95
Brasileiro morre em acidente nos EUA pouco tempo depois de conquistar o green card,2026-06-16T15:17:07+00:00,RO / Porto Velho,https://g1.globo.com/ro/rondonia/noticia/2026/06/16/brasileiro-morre-em-acidente-nos-eua-pouco-tempo-depois-de-conquistar-o-green-card.ghtml,homicidio,95
"Caminhão se solta de plataforma, esmaga cabine de veículo que realizava o transporte dele e passageiro morre, no Paraná",2026-06-16T15:17:04+00:00,PR / Curitiba,https://g1.globo.com/pr/norte-noroeste/noticia/2026/06/16/acidente-bela-vista-do-paraiso-warta-caminhao.ghtml,homicidio,95
Morre uma das vítimas de atropelamento na Orla de Petrolina,2026-06-16T15:15:31+00:00,PE / Petrolina,https://g1.globo.com/pe/petrolina-regiao/noticia/2026/06/16/morre-uma-das-vitimas-de-atropelamento-na-orla-de-petrolina.ghtml,homicidio,95
"Vereador vítima de atentado foi atingido por dois tiros e ficou com bala alojada na perna, diz polícia",2026-06-16T15:15:14+00:00,RN / Natal,https://g1.globo.com/rn/rio-grande-do-norte/noticia/2026/06/16/vereador-baleado-mossoro-investigacao.ghtml,violencia,90
Dupla é presa suspeita de roubar carro de motorista de aplicativo em São Luís,2026-06-16T15:07:03+00:00,MA / São Luís,https://g1.globo.com/ma/maranhao/noticia/2026/06/16/dupla-e-presa-suspeita-de-roubar-carro-de-motorista-de-aplicativo-em-sao-luis.ghtml,roubo,95
Médico psiquiatra acusado de estupro e importunação sexual contra pacientes é condenado a 24 anos de prisão,2026-06-16T15:04:16+00:00,SP / Bauru,https://g1.globo.com/sp/bauru-marilia/noticia/2026/06/16/medico-psiquiatra-acusado-de-estupro-e-importunacao-sexual-contra-pacientes-e-condenado-a-24-anos-de-prisao.ghtml,estupro,100
Operação da Polícia Civil prende mais de 10 pessoas por diversos crimes em João Pessoa,2026-06-16T15:01:30+00:00,PB / João Pessoa,https://g1.globo.com/pb/paraiba/noticia/2026/06/16/operacao-da-policia-civil-prende-mais-de-10-pessoas-por-diversos-crimes-em-joao-pessoa.ghtml,policia,95
"Ciclista morre após ser atropelado por carro na rodovia Duca Serra, no Amapá",2026-06-16T14:59:17+00:00,AP / Macapá,https://g1.globo.com/ap/amapa/noticia/2026/06/16/ciclista-morre-apos-ser-atropelado-por-carro-na-rodovia-duca-serra-no-amapa.ghtml,homicidio,95
Hospitais públicos de Campos e Petrópolis vão receber novos equipamentos para cirurgias,2026-06-16T14:58:15+00:00,RJ / Petrópolis,https://g1.globo.com/rj/norte-fluminense/noticia/2026/06/16/hospitais-publicos-de-campos-e-petropolis-vao-receber-novos-equipamentos-para-cirurgias.ghtml,outros,85
Homem que atirou em cachorro é sargento da PM e vai à polícia prestar depoimento,2026-06-16T14:57:01+00:00,MG / Belo Horizonte,https://g1.globo.com/mg/minas-gerais/noticia/2026/06/16/homem-suspeito-de-atirar-em-cachorro-em-bh-e-sargento-da-policia-militar.ghtml,violencia,90
Mulher espancada pelo ex-noivo em BH recebe alta de hospital,2026-06-16T14:55:41+00:00,MG / Belo Horizonte,https://g1.globo.com/mg/minas-gerais/noticia/2026/06/16/mulher-espancada-pelo-ex-noivo-em-bh-recebe-de-hospital.ghtml,violencia,95
Exposição gratuita celebra o Dia Internacional das Tartarugas Marinhas em Natal,2026-06-16T14:51:32+00:00,RN / Natal,https://g1.globo.com/rn/rio-grande-do-norte/noticia/2026/06/16/exposicao-gratuita-celebra-o-dia-internacional-das-tartarugas-marinhas-em-natal.ghtml,outros,100
"Mecânico do Paraná é preso suspeito de 'inventar problemas' para cobrar mais caro de mulheres e idosos, diz delegado",2026-06-16T14:50:38+00:00,PR / Maringá,https://g1.globo.com/pr/norte-noroeste/noticia/2026/06/16/mecanico-investigado-londrina.ghtml,fraude,100
VÍDEO: Tutor dá chineladas em cão e diz ter se irritado após animal fugir e voltar com mau cheiro em MG,2026-06-16T14:47:26+00:00,MG / Uberlândia,https://g1.globo.com/mg/triangulo-mineiro/noticia/2026/06/16/video-tutor-da-chineladas-em-cao-e-diz-ter-se-irritado-apos-animal-fugir-e-voltar-com-mau-cheiro-em-mg.ghtml,outros,95
Homem é preso por matar companheira na frente dos filhos em aldeia indígena de SC,2026-06-16T14:46:43+00:00,SC / Florianópolis,https://g1.globo.com/sc/santa-catarina/noticia/2026/06/16/homem-preso-feminicidio-companheira-na-frente-dos-filhos-aldeia-indigena-sc.ghtml,homicidio,100
"Ossada encontrada em casa comprada em MG é humana, confirma Civil",2026-06-16T14:46:43+00:00,MG / Divinópolis,https://g1.globo.com/mg/centro-oeste/noticia/2026/06/16/ossada-encontrada-em-casa-comprada-em-mg-e-humana-confirma-civil.ghtml,homicidio,95
Roupas sujas de sangue e ferimento na mão levaram a polícia a prender genro por morte da sogra em SP; entenda,2026-06-16T14:45:07+00:00,SP / Ribeirão Preto,https://g1.globo.com/sp/ribeirao-preto-franca/noticia/2026/06/16/roupas-sujas-de-sangue-e-ferimento-na-mao-levaram-a-policia-a-prender-genro-por-morte-da-sogra-em-sp-entenda.ghtml,homicidio,100
Homem morre após ser baleado e outras duas pessoas ficam feridas em Divinópolis,2026-06-16T14:34:10+00:00,MG / Divinópolis,https://g1.globo.com/mg/centro-oeste/noticia/2026/06/16/homem-morre-apos-ser-baleado-e-outras-duas-pessoas-ficam-feridas-em-divinopolis.ghtml,homicidio,100
Homem morre após ser baleado e outras duas pessoas ficam feridas em Divinópolis - G1,2026-06-16T14:34:10+00:00,MG / Divinópolis,https://news.google.com/rss/articles/CBMi2AFBVV95cUxPUVJ0UDJMd1liZ0Y0WlZJQnQ3bS02T1Q1VWo0YmtUOGdiWVZuT1NNcjJaU1B2dkhCa0pVYVJ4dFdlLVFnR2RYWjV2WVZTWUk1MUx2WTU3OFN6RElad2ZaWjBRdFVka1lqZGNVNGNVZENjTFV3X1lGMzd1R2JlRTVNZGlOQldOblZzQmdldFdEaXNIckc2R1NxVjNxQUJQQ3oyR0ZodmlIU09Hc3h3a3QtNEo3Z3BjNE1GdFVaZjRVQ3hCazh0TUNpTzRKZnV1cHliMjl1MmhpQVTSAecBQVVfeXFMT3J2OFlWM0h4dWJwTXZkdkEyT1dKS3lNX1FPak5iS0lDZXlKT2docUI2SGhNdWRncjVyT2c5M2dnWmw0U1RSX3FZVkI0MlQ4TFNjUm9vTjBEUk5IdlNUaFVEQThxZ1QtbU1WbURtR0FiZ0w1M3FlYUlzS2lJeDd5ckZVLVVDNkZ3ZjZpNWVjYi10T2RTSUgtUXluMzkwWnJHNzY1T2ZqRkZBbUZRMWpkbDhEMlFzNWFmczA3R0dnWUxsTGk4SE1wclY5LWlHLTVnYWVJNmlzS3QyeTFZWDc3dG50TXE2eS13?oc=5,homicidio,100
Henrique e Juliano participam de vaquejada em Goiás e surpreendem fãs; VÍDEO,2026-06-16T14:31:41+00:00,TO / Palmas,https://g1.globo.com/to/tocantins/noticia/2026/06/16/henrique-e-juliano-participam-de-vaquejada-em-goias-e-surpreendem-fas-video.ghtml,outros,100
Bancos são alvo de mega-assalto no Paraguai em ação orquestrada com mais de 20 criminosos; polícia investiga participação de brasileiros,2026-06-16T14:31:24+00:00,PR / Maringá,https://g1.globo.com/pr/oeste-sudoeste/noticia/2026/06/16/mega-assalto-paraguai.ghtml,roubo,100
Justiça suspende processo de homem suspeito de importunação sexual contra adolescente em mercado de condomínio,2026-06-16T14:23:18+00:00,SP / Sorocaba,https://g1.globo.com/sp/sorocaba-jundiai/noticia/2026/06/16/justica-suspende-processo-de-homem-suspeito-de-importunacao-sexual-contra-adolescente-em-mercado-de-condominio.ghtml,menor,95
POLÍCIA CIVIL DEFLAGRA OPERAÇÃO EM COMBATE AO CRIME ORGANIZADO. AS DILIGÊNCIAS ACONTECERAM TAMBÉM NA PENITENCIÁRIA E NO PRESÍDIO DE BLUMENAU. - Blog do Jaime,2026-06-16T14:15:00+00:00,SC / Blumenau,https://news.google.com/rss/articles/CBMi-wFBVV95cUxOcFNIMTh1VDdnaDJyZUt3Rzg5TzNUaTRzUG95Ujh6SkdxZUtPTnBhYjZUd1hianptSWhRQkxxZFlzT29RMmJlN2txT1FNYVFhdm9CNVVYOWRic3RhZkV5U2htOVVicm0xX0NTajlJVjlOUWZtYWJrVFZHX1pLVGpaNTZHSXMzOGg1Yi1BZEFDemU1R25XWXVzcFRMbng2dkNsNHpRdG8tS1Y5ZjB5SC05Y1lleTZsVnpRb01qYTdYTnpmMUNrVGVzdXpNLUdaaHVqY1d3LXZRd2hTR3liQWJaaG9nWFgwUlpIeGxpcThQSHBuVU43Tkd5cjNpOA?oc=5,policia,95
Depoimento de amigas investigadas por homicídio culposo de ciclista após fotos em ciclofaixa é marcado,2026-06-16T14:14:39+00:00,RS / Porto Alegre,https://g1.globo.com/rs/rio-grande-do-sul/noticia/2026/06/16/depoimento-de-amigas-investigadas-por-homicidio-culposo-de-ciclista-apos-fotos-em-ciclofaixa-e-marcado.ghtml,homicidio,100
"Homens roubam carro de aplicativo, batem durante fuga e são presos no interior de SP",2026-06-16T14:14:26+00:00,SP / São José do Rio Preto,https://g1.globo.com/sp/sao-jose-do-rio-preto-aracatuba/noticia/2026/06/16/homens-roubam-carro-de-aplicativo-batem-durante-fuga-e-sao-presos-no-interior-de-sp.ghtml,roubo,95
Mulher é esfaqueada no pescoço por ex-companheiro; suspeito é encontrado morto no MA,2026-06-16T14:10:01+00:00,MA / São Luís,https://g1.globo.com/ma/maranhao/noticia/2026/06/16/mulher-e-esfaqueada-no-pescoco-por-ex-companheiro-suspeito-e-encontrado-morto-no-ma.ghtml,homicidio,100
"Sob investigação, contrato de terceirização das UPAs de Palmas por R$ 139 milhões segue valendo",2026-06-16T14:03:17+00:00,TO / Palmas,https://g1.globo.com/to/tocantins/noticia/2026/06/16/sob-investigacao-contrato-de-terceirizacao-das-upas-de-palmas-por-r-139-milhoes-segue-valendo.ghtml,fraude,95
Operação interdita lar de idosos em BH por falta de acessibilidade e irregularidades sanitárias,2026-06-16T13:58:22+00:00,MG / Belo Horizonte,https://g1.globo.com/mg/minas-gerais/noticia/2026/06/16/operacao-interdita-lar-de-idosos-em-bh-por-falta-de-acessibilidade-e-irregularidades-sanitarias.ghtml,policia,90
Operação contra o tráfico cumpre 27 mandados de prisão preventiva em Resende; 16 pessoas foram presas,2026-06-16T13:55:30+00:00,RJ / Volta Redonda,https://g1.globo.com/rj/sul-do-rio-costa-verde/noticia/2026/06/16/operacao-contra-o-trafico-cumpre-27-mandados-de-prisao-preventiva-em-resende-13-pessoas-foram-presas.ghtml,policia,95
"Motorista de aplicativo é morto durante assalto na BR-459, em Santa Rita do Sapucaí, MG",2026-06-16T13:53:05+00:00,MG / Pouso Alegre,https://g1.globo.com/mg/sul-de-minas/noticia/2026/06/16/motorista-de-aplicativo-e-encontrado-morto-na-br-459-em-santa-rita-do-sapucai-mg.ghtml,homicidio,95
Prefeitura de Ipatinga está com seleção aberta para Orientadores Sociais; veja como participar,2026-06-16T13:51:00+00:00,MG / Governador Valadares,https://g1.globo.com/mg/vales-mg/noticia/2026/06/16/prefeitura-de-ipatinga-esta-com-selecao-aberta-para-orientadores-sociais-veja-como-participar.ghtml,outros,100
Morre representante comercial atropelado na contramão por motorista que fugiu sem prestar socorro no ES,2026-06-16T13:50:27+00:00,ES / Vitória,https://g1.globo.com/es/espirito-santo/noticia/2026/06/16/morre-representante-comercial-atropelado-por-motorista-que-invadiu-a-contramao-e-fugiu-sem-prestar-socorro-em-cariacica.ghtml,homicidio,95
Cinco suspeitos são detidos em nova fase de operação contra clonagem de cartões em Juiz de Fora e região,2026-06-16T13:44:14+00:00,MG / Juiz de Fora,https://g1.globo.com/mg/zona-da-mata/noticia/2026/06/16/cinco-suspeitos-sao-detidos-em-nova-fase-de-operacao-contra-clonagem-de-cartoes-em-juiz-de-fora-e-regiao.ghtml,fraude,95
Funcionário de loja é preso por usar dados de clientes em golpe com contas e cartões em Búzios,2026-06-16T13:39:52+00:00,RJ / Cabo Frio,https://g1.globo.com/rj/regiao-dos-lagos/noticia/2026/06/16/funcionario-de-loja-e-preso-por-usar-dados-de-clientes-em-golpe-com-contas-e-cartoes-em-buzios.ghtml,fraude,100
Polícia Civil esclarece falso roubo em Blumenau e aponta tentativa de ocultar agressão ocorrida após discussão - Jornal de Pomerode,2026-06-16T13:39:27+00:00,SC / Blumenau,https://news.google.com/rss/articles/CBMi4AFBVV95cUxQNEw3cVY4cmJLdFgzUjNTclA4cEtmUEJPbGN2bjJyTl9lTGt2cDN4eEJJMFhPQ21rNlRjVGRXeGQyWHRhRzhWUHhTQ285YTBNX3lSS3dJLXliaE9ja1lmY1RZLVVnR002aGxKNl9UbUNIQlhMdmZiSlU4dkdTdzhyZFJoRTlocnpFTmdjUXdCMF8wbjgzb3M0aEVPV21tTnpHb1ZvSkw1QmFqcWoxS3hlOFAyTm1FdUNnRUVyYWZzMjBqSnVMU0l2Yk9HdFROZnVuVzdHWFRlRHY0a2Vsc3B0Vw?oc=5,policia,90
Médico rondoniense morre em acidente em Minas Gerais; veja quem ele era,2026-06-16T13:33:33+00:00,RO / Porto Velho,https://g1.globo.com/ro/rondonia/noticia/2026/06/16/medico-rondoniense-morre-em-acidente-em-minas-gerais-veja-quem-ele-era.ghtml,veiculo,95
"Ônibus tombou na BR-232 após motorista tentar desviar de objetos na pista, diz empresa",2026-06-16T13:28:17+00:00,PE / Caruaru,https://g1.globo.com/pe/caruaru-regiao/noticia/2026/06/16/onibus-tombou-na-br-232-apos-motorista-tentar-desviar-de-objetos-na-pista-diz-empresa.ghtml,outros,85
Operação prende suspeitos de causar prejuízo de R$ 10 milhões com golpe do falso advogado no CE e em SC,2026-06-16T13:27:27+00:00,SC / Florianópolis,https://g1.globo.com/ce/ceara/noticia/2026/06/16/operacao-mira-grupo-suspeito-de-aplicar-golpe-do-falso-advogado-no-ce-e-em-sc.ghtml,fraude,100
Homem é preso em flagrante por receptação de fios e equipamentos furtados em Petrolina,2026-06-16T13:19:11+00:00,PE / Petrolina,https://g1.globo.com/pe/petrolina-regiao/noticia/2026/06/16/homem-e-preso-em-flagrante-por-receptacao-de-fios-e-equipamentos-furtados-em-petrolina.ghtml,furto,90
Mais de 20 mulheres são resgatadas em operação contra tráfico humano interestadual,2026-06-16T13:18:44+00:00,PE / Recife,https://g1.globo.com/pb/paraiba/noticia/2026/06/16/mais-de-20-mulheres-sao-resgatadas-em-operacao-contra-trafico-humano-interestadual.ghtml,policia,95
Como servidores fora do expediente se beneficiavam de escala fake do Samu para receber sem trabalhar no AP; entenda,2026-06-16T13:14:14+00:00,AP / Macapá,https://g1.globo.com/ap/amapa/noticia/2026/06/16/como-servidores-fora-do-expediente-se-beneficiavam-de-escala-fake-do-samu-para-receber-sem-trabalhar-no-ap-entenda.ghtml,fraude,99
Acidente deixa moradores quase 10 horas sem luz e expõe alta de colisões contra postes em Campos,2026-06-16T13:09:43+00:00,RJ / Campos dos Goytacazes,https://g1.globo.com/rj/norte-fluminense/noticia/2026/06/16/acidente-deixa-moradores-quase-10-horas-sem-luz-e-expoe-alta-de-colisoes-contra-postes-em-campos.ghtml,outros,95
VÍDEO: Cavalo morre durante vaquejada no interior do RN,2026-06-16T13:08:05+00:00,RN / Natal,https://g1.globo.com/rn/rio-grande-do-norte/noticia/2026/06/16/cavalo-morte-vaquejada-caico.ghtml,outros,95
Operação prende quatro pessoas por furto de energia elétrica no Maranhão,2026-06-16T13:04:47+00:00,MA / São Luís,https://g1.globo.com/ma/maranhao/noticia/2026/06/16/operacao-prende-quatro-pessoas-por-furto-de-energia-eletrica-no-maranhao.ghtml,policia,95
Jovem desaparecido é encontrado morto dentro do próprio carro com ajuda de drone da família no ES,2026-06-16T13:01:38+00:00,ES / Vitória,https://g1.globo.com/es/espirito-santo/sul-es/noticia/2026/06/16/jovem-desaparecido-e-encontrado-morto-dentro-do-proprio-carro-com-ajuda-de-drone-da-familia-no-es-a.ghtml,homicidio,100
Prefeitura decreta intervenção no Consórcio Guaicurus em Campo Grande,2026-06-16T12:51:52+00:00,MS / Campo Grande,https://g1.globo.com/ms/mato-grosso-do-sul/noticia/2026/06/16/prefeitura-decreta-intervencao-no-consorcio-guaicurus-em-campo-grande.ghtml,outros,85
Corpo é encontrado carbonizado dentro de carro em estrada rural de Alpercata,2026-06-16T12:48:51+00:00,MG / Governador Valadares,https://g1.globo.com/mg/vales-mg/noticia/2026/06/16/corpo-e-encontrado-carbonizado-dentro-de-carro-em-estrada-rural-de-alpercata.ghtml,homicidio,100
Aluna denuncia professor da Uema por importunação sexual e injúria em Caxias no MA,2026-06-16T12:44:15+00:00,MA / São Luís,https://g1.globo.com/ma/maranhao/noticia/2026/06/16/aluna-denuncia-professor-da-uema-por-importunacao-sexual-e-injuria-em-caxias-no-ma.ghtml,estupro,85
Dupla é presa com arma e drogas em Paraty,2026-06-16T12:43:04+00:00,RJ / Volta Redonda,https://g1.globo.com/rj/sul-do-rio-costa-verde/noticia/2026/06/16/dupla-e-presa-com-arma-e-drogas-em-paraty.ghtml,trafico,90
VÍDEO: homem incendeia carro por engano ao tentar atingir veículo de ex-companheiro em MG,2026-06-16T12:39:28+00:00,MG / Pouso Alegre,https://g1.globo.com/mg/sul-de-minas/noticia/2026/06/16/ocorrencias-policiais.ghtml,furto,90
Juros elevados impactam decisões de compra em Foz do Iguaçu,2026-06-16T12:33:13+00:00,PR / Cascavel,https://g1.globo.com/pr/oeste-sudoeste/especial-publicitario/consorcio-uniao-plano-credito-em-dobro-foz/noticia/2026/06/16/juros-elevados-impactam-decisoes-de-compra-em-foz-do-iguacu.ghtml,outros,100
Cachorro fica preso em motor de carro e é salvo pelos bombeiros em Araguari; FOTOS,2026-06-16T12:30:24+00:00,MG / Uberlândia,https://g1.globo.com/mg/triangulo-mineiro/noticia/2026/06/16/cachorro-fica-preso-em-motor-de-carro-e-e-salvo-pelos-bombeiros-em-araguari-fotos.ghtml,outros,90
Freiras que vivem atrás de grades no Paraná se revezam para rezar 24 horas por dia: 'Adoração perpétua',2026-06-16T12:25:11+00:00,PR / Maringá,https://g1.globo.com/pr/campos-gerais-sul/noticia/2026/06/16/freiras-que-vivem-atras-de-grades-no-parana-se-revezam-para-rezar-24-horas-por-dia-adoracao-perpetua.ghtml,outros,100
"Dupla é presa e adolescente apreendido suspeitos de assaltar idoso no bairro do Jurunas, em Belém | Polícia | O Liberal - O Liberal",2026-06-16T12:21:00+00:00,PA / Belém,https://news.google.com/rss/articles/CBMi1gFBVV95cUxONTZHdGFlMkZGNXlodVd0Zm94eGFnSXdzY0pYTWFlZWphV0tkQ0R1SEctTG9LNzZ4d3NraWF0akFUaG9ublpId3RlUkFnb3NjTGU0WDFYSi1RMFJLdXBmclpkNnhGV0dYalFDdUFVclZDSENIdnhqbmw5Uk42TnNMNElRSXJaeXVyWmFaay1xbFZ6YVdRN2dabVk2ei0ybU5fdDQtOUxJdXU2VWRSTTN3Yy1HR3dMV2NEQXJrWUY3bzV4bzVteU1uLW5vTlY3X2JNdW9EWXBn0gHbAUFVX3lxTFBpWDJOWV94VVB3SWRESDU2YzVuX1UtV053bC0yUkN6YzRzU2RyeVRHZXBhWVdQUHJ4blczSnE0b1pMSHlzYzNUaTRVRExKbktUc2s5WmtCRzVhR2JRYVpqWWF3bngtdnVCSUlZTW5IUGROems1UEd0R1FFZzR5bWgzMWEtRWZvS0tHNGFuVXp6UjBsWWE4NHNScWlyaHVOUWdoS3NhcHFSYmI2Tng0Z1FmanRwVV9HOW9FUHZxaEt2MDFhdThPTmZYUFA5N296eDl5bGZiakM3MnhfRQ?oc=5,policia,85
"VÍDEO: Grupo invade loja, furta 13 bicicletas elétricas e deixa prejuízo de R$ 100 mil em Vila Velha",2026-06-16T12:20:59+00:00,ES / Vitória,https://g1.globo.com/es/espirito-santo/noticia/2026/06/16/video-grupo-invade-loja-furta-13-bicicletas-eletricas-e-deixa-prejuizo-de-r-100-mil-em-vila-velha.ghtml,furto,95
Polícia Civil conclui investigação sobre roubos a adolescentes em São José dos Campos - CBN São José dos Campos e Vale,2026-06-16T12:18:24+00:00,SP / São José dos Campos,https://news.google.com/rss/articles/CBMiswFBVV95cUxNS3BtdnlBZ2NCYkdfbFoyc3ZGZU5LSURlUV94NWdVRjFCQkdKZFFBT2p2bnBNTHRBbThXOVh4VlUyTXh4cHBJNFhfSGZqb0tMd3U5clJPbjZOUWlqZTZxSW1rU3RvaUU0ZnVZemNNNHJwQ3FNYXRTYzZvYThqczYtd2huY2ZJYzZOVTlsSlRjLVZzaWJqQUU5SWFDT01UWHV1bDNPMXlrYkhLT2xDR2IwTGtJYw?oc=5,policia,90
Homem é preso em flagrante com mais de 6 kg de drogas em Boa Vista,2026-06-16T12:15:33+00:00,RR / Boa Vista,https://g1.globo.com/rr/roraima/noticia/2026/06/16/homem-e-preso-em-flagrante-com-mais-de-6-kg-de-drogas-em-boa-vista.ghtml,trafico,95
"Empresário condenado por aplicar golpe de R$ 20 milhões em agricultores no Paraná vai para prisão domiciliar, decide Justiça",2026-06-16T12:14:55+00:00,PR / Maringá,https://g1.globo.com/pr/oeste-sudoeste/noticia/2026/06/16/empresario-condenado-golpe-vai-para-prisao-domiciliar.ghtml,fraude,100
"Câmera filma tentativa de feminicídio em posto de combustíveis em Jaboticabal, SP",2026-06-16T12:06:29+00:00,SP / Ribeirão Preto,https://g1.globo.com/sp/ribeirao-preto-franca/noticia/2026/06/16/camera-filma-tentativa-de-feminicidio-em-posto-de-combustiveis-em-jaboticabal-sp.ghtml,homicidio,95
Jovem é preso após tentar roubar estabelecimento comercial em Três Rios,2026-06-16T12:04:05+00:00,RJ / Volta Redonda,https://g1.globo.com/rj/sul-do-rio-costa-verde/noticia/2026/06/16/jovem-e-preso-apos-tentar-roubar-estabelecimento-comercial-em-tres-rios.ghtml,roubo,95
"Mães, babás e dono de motel são presos suspeitos de produzir e divulgar conteúdos de abuso sexual infantil",2026-06-16T12:03:36+00:00,SP / São José do Rio Preto,https://g1.globo.com/sp/sao-jose-do-rio-preto-aracatuba/noticia/2026/06/16/maes-babas-e-dono-de-motel-sao-presos-suspeitos-de-produzir-e-divulgar-conteudos-de-abuso-sexual-infantil.ghtml,estupro,95
"Motociclista morre após ser arremessado em colisão com carro na BR-316, em Bacabal",2026-06-16T12:00:38+00:00,MA / São Luís,https://g1.globo.com/ma/maranhao/noticia/2026/06/16/motociclista-morre-apos-colisao-com-carro-na-br-316-em-bacabal.ghtml,homicidio,90
Padrasto é preso suspeito de dopar e estuprar enteada de 16 anos em Caruaru,2026-06-16T12:00:28+00:00,PE / Caruaru,https://g1.globo.com/pe/caruaru-regiao/noticia/2026/06/16/padrasto-e-preso-suspeito-de-dopar-e-estuprar-enteada-de-16-anos-em-caruaru.ghtml,estupro,100
Operação contra crime organizado em Sorocaba prende casal por tráfico de drogas - G1,2026-06-16T11:57:30+00:00,SP / Sorocaba,https://news.google.com/rss/articles/CBMi-gFBVV95cUxNY0xiSDI5cmdnN3pESE1fZHZNR0JyWVlyU0p4Ykl2MHNCWVZPX3JOdkE0RHVGS0k2akQ2UE1VWkNRbGNIRkpkVUZDTFhHWVhXbWZpUFZtbzMyTUFLU1Y0cmZKMDhXb3I5SDJnR2pXWWt4czBJYXZGekdvMnBzNnNZb3hybUNZZ1pQZG8wMlZoRW5oX2JHaHc1bVFQNWI1NWhxTDVHWVpsdGE1UEZ0V2VrOExTMFgxczZhQ1AtN25rSHZ6UThHeVpvb2dIYUZpc2ozbW41VVd0TlFkV19oOWFWTXJESGRWM0NmY1ZPMlJVLUFPQmlhdUNFc0Zn0gGIAkFVX3lxTE1CMDdCRFJBR2pUZFd1YVcwSEYxWDIxbUFCQ2NORmRVU2p5YnhhSEd3YlpxWGpVdHNtZUZBVk9LOFI3djZ0Y2xhQ0swS1JuQ2U3YlJWSTJfYjQ3RUlKSjZ2TVBpS2JaSVIzR1ktVDBwajVTT1BqTkNqa0xQOUlfa1pwaVAxZE41cmJPcGhiS3BoV1ZKc1FncWFod3VFb2tJQTZZUndhbkUtekF4cEptYTBoY1VySGVoYUVEZnI1WUVYeW9obU9wWkxwcTJ4dWRsdzR2VkRyUGxJMGhIdHVVaXozMUxISHlDOHFOeWdkOFd3N1JxaGdSdGh1TFZWZF9Oa2FUWjZYSkdQdA?oc=5,policia,85
Tronco de árvore na pista provoca acidente e deixa um morto e quatro feridos na MG-060,2026-06-16T11:57:03+00:00,MG / Divinópolis,https://g1.globo.com/mg/centro-oeste/noticia/2026/06/16/tronco-de-arvore-na-pista-provoca-acidente-e-deixa-um-morto-e-quatro-feridos-na-mg-060.ghtml,homicidio,90
Cachorro é resgatado após ficar com a cabeça presa em parede no RS,2026-06-16T11:54:20+00:00,RS / Porto Alegre,https://g1.globo.com/rs/rio-grande-do-sul/noticia/2026/06/16/cachorro-e-resgatado-apos-ficar-com-a-cabeca-presa-em-parede-no-rs.ghtml,outros,95
PF investiga fraude em escalas de plantão e desvio de recursos do Samu no Amapá,2026-06-16T11:45:31+00:00,AP / Macapá,https://g1.globo.com/ap/amapa/noticia/2026/06/16/pf-investiga-fraude-em-escalas-de-plantao-e-desvio-de-recursos-do-samu-em-macapa.ghtml,fraude,95
Mulher é encontrada morta dentro do porta-malas de carro em canavial no interior de SP,2026-06-16T11:43:31+00:00,SP / São José do Rio Preto,https://g1.globo.com/sp/sao-jose-do-rio-preto-aracatuba/noticia/2026/06/16/mulher-e-encontrada-morta-dentro-do-porta-malas-de-carro-em-canavial-no-interior-de-sp.ghtml,homicidio,100
Mulher é encontrada morta dentro do porta-malas de carro em canavial no interior de SP - G1,2026-06-16T11:43:31+00:00,SP / São José do Rio Preto,https://news.google.com/rss/articles/CBMi-wFBVV95cUxPSTBUd296RUIySVpiZ0p2MFBSc19yUFctSjU1ZF9BLXRQbVRVR2JQSHpVRGpOYjJJV05Mc1BPSnY3Z0cwdDBXMVVfWVFfaWE3cE9vdFloVjNRZ1E2VFBGVW5MdnhKZ3FTTFhnYkJkSG1pQ3dvUDVzOGFuVHhsNU12TkpmZloxdkVLVG1TQ0Fob3U0ZWdIVlY2Wmc2aTFVV2xEbTIwNnRMSTVzVmozX3hCLXJSV1p5RWdwckFTck5EUlVKZHFXZHFlM2JPXzctVE5ZaFprNnhBQ3VjVkxyXzdsU2wwUVRsWjJ3X3U3RmR4Z2ZrYnhVcXNaOHk5QdIBigJBVV95cUxOSmVVV2o5WmJjdWNWQ0UwYTd1Z0VkUnRFU1BBWld1aUNkME1IZEJkWGFFVXYxNVduTHp5elJuUlR0QzZzY1FfRmhwRThXVy1XZzFtaDhOTmxkS2MxcmVaTkozMXVNRFFfUjdvY0o3eWNKR3FlM1pfM01ZMFBvWldPQ0wyUF9RTS05MWRiLUNkOHhWeDlFVTduUkx4RjR2azJ4Z0VFZlduRm1EMHJpZXpUVUF5ZkNaRXlJZzJkNlRGZ2ZUbWFCbGNoRjlaVkhrNnEzcG1uNmxSckJOOVNYZklwZC1qQVNyTDVScWpiVlRJQ2RRc1JBNE9WdlhpbkMzUVZTNktuekNPNTFHQQ?oc=5,homicidio,100
Famílias de 10 potiguares mortos na ditadura recebem certidões corrigidas em Natal,2026-06-16T11:39:45+00:00,RN / Natal,https://g1.globo.com/rn/rio-grande-do-norte/noticia/2026/06/16/familias-potiguares-mortos-ditadura-certidoes-corrigidas.ghtml,homicidio,95
Homem é preso após matar ex-companheira a facadas na frente do filho em MG,2026-06-16T11:33:27+00:00,MG / Juiz de Fora,https://g1.globo.com/mg/zona-da-mata/noticia/2026/06/16/homem-e-preso-apos-matar-ex-companheira-a-facadas-na-frente-do-filho-em-mg.ghtml,homicidio,100
Homem é preso em Valinhos por porte ilegal de arma durante operação contra tráfico de drogas e lavagem de dinheiro,2026-06-16T11:10:58+00:00,SP / Campinas,https://g1.globo.com/sp/campinas-regiao/noticia/2026/06/16/homem-e-preso-em-valinhos-por-porte-ilegal-de-arma-durante-operacao-contra-trafico-de-drogas-e-lavagem-de-dinheiro.ghtml,policia,95
Preso suspeito de matar homem a tiros de espingarda na zona rural de Coelho Neto no MA,2026-06-16T11:07:57+00:00,MA / São Luís,https://g1.globo.com/ma/maranhao/noticia/2026/06/16/preso-suspeito-de-matar-homem-a-tiros-de-espingarda-na-zona-rural-de-coelho-neto-no-ma.ghtml,homicidio,100
Suspeitos de usar dados de consumidores para fazer cobranças falsas via mensagem são presos em SP,2026-06-16T11:06:03+00:00,RS / Porto Alegre,https://g1.globo.com/rs/rio-grande-do-sul/noticia/2026/06/16/operacao-cobrancas-falsas-via-mensagem-presos-em-sp.ghtml,fraude,95
Homem atira em cachorro na porta de loja em BH; VÍDEOS,2026-06-16T11:05:44+00:00,MG / Belo Horizonte,https://g1.globo.com/mg/minas-gerais/noticia/2026/06/16/homem-atira-em-cachorro-na-porta-de-loja-em-bh-videos.ghtml,violencia,85
Operação mira esquema de lavagem de dinheiro e tráfico ligado ao PCC e cumpre mandados no interior de SP,2026-06-16T11:05:00+00:00,SP / Campinas,https://g1.globo.com/sp/sao-jose-do-rio-preto-aracatuba/noticia/2026/06/16/operacao-mira-esquema-de-lavagem-de-dinheiro-e-trafico-ligado-ao-pcc-e-cumpre-mandados-no-interior-de-sp.ghtml,policia,90
Ação policial apreende mais de mil munições e armas de fogo em Macapá,2026-06-16T11:02:55+00:00,AP / Macapá,https://g1.globo.com/ap/amapa/noticia/2026/06/16/acao-policial-apreende-mais-de-mil-municoes-e-armas-de-fogo-em-macapa.ghtml,policia,95
Grupo alvo da PF usava depósitos em Campo Grande para distribuir cigarros ilegais pelo país,2026-06-16T11:01:21+00:00,MG / Campo Grande,https://g1.globo.com/ms/mato-grosso-do-sul/noticia/2026/06/16/grupo-alvo-da-pf-usava-depositos-em-campo-grande-para-distribuir-cigarros-ilegais-pelo-pais.ghtml,policia,95
Júri de servidor acusado de arrastar mulher por 4 km em acidente entre carro e moto é cancelado,2026-06-16T10:56:57+00:00,DF / Brasília,https://g1.globo.com/df/distrito-federal/noticia/2026/06/16/servidor-acusado-de-arrastar-mulher-por-4-km-em-acidente-entre-carro-e-moto-deve-ser-julgado-nesta-terca-feira-16.ghtml,violencia,85
Vereador é baleado durante transmissão ao vivo em frente a UPA de Mossoró; assessor morre,2026-06-16T10:53:30+00:00,RN / Natal,https://g1.globo.com/rn/rio-grande-do-norte/noticia/2026/06/16/vereador-e-baleado-durante-live-em-frente-a-upa-de-mossoro-assessor-que-fazia-transmissao-ao-vivo-morre.ghtml,homicidio,100
Casal desaparecido é encontrado morto dentro de carro submerso em represa de Uberlândia,2026-06-16T10:48:18+00:00,MG / Uberlândia,https://g1.globo.com/mg/triangulo-mineiro/noticia/2026/06/16/casal-desaparecido-e-encontrado-morto-dentro-de-carro-submerso-em-represa-de-uberlandia.ghtml,homicidio,100
Homem é preso suspeito de mandar confeccionar carimbo para forjar atestados médicos em AL,2026-06-16T10:47:24+00:00,AL / Maceió,https://g1.globo.com/al/alagoas/noticia/2026/06/16/homem-e-preso-suspeito-de-mandar-confeccionar-carimbo-para-forjar-atestados-medicos-em-al.ghtml,fraude,100
Polícia Federal realiza operação de combate a corrupção e falsificação de documentos em Sergipe,2026-06-16T10:46:40+00:00,SE / Aracaju,https://g1.globo.com/se/sergipe/noticia/2026/06/16/policia-federal-realiza-operacao-de-combate-a-corrupcao-e-falsificacao-de-documentos-em-sergipe.ghtml,policia,95
Homem é preso por ameaçar e perseguir ex-companheira grávida em Piraí,2026-06-16T10:43:18+00:00,RJ / Volta Redonda,https://g1.globo.com/rj/sul-do-rio-costa-verde/noticia/2026/06/16/homem-e-preso-por-ameacar-e-perseguir-ex-companheira-gravida-em-pirai.ghtml,violencia,95
"Acidente entre carreta e ônibus deixa um morto e dois feridos na Fernão Dias, em MG",2026-06-16T10:35:20+00:00,MG / Pouso Alegre,https://g1.globo.com/mg/sul-de-minas/noticia/2026/06/16/acidente-carreta-onibus-br-381-fernao-dias-pouso-alegre-mg.ghtml,homicidio,95
Polícia Civil deflagra operação contra facção Tren de Aragua em Roraima e mais 5 estados,2026-06-16T10:26:47+00:00,RR / Boa Vista,https://g1.globo.com/rr/roraima/noticia/2026/06/16/policia-deflagra-operacao-contra-faccao-tren-de-aragua-em-roraima-e-mais-5-estados.ghtml,policia,95
Homem apontado como uma das principais lideranças do tráfico de drogas é preso em Angra dos Reis,2026-06-16T10:26:02+00:00,RJ / Volta Redonda,https://g1.globo.com/rj/sul-do-rio-costa-verde/noticia/2026/06/16/prisao-em-angra-dos-reis.ghtml,trafico,95
Pai e madrasta mortos a facadas dormiam quando foram atacados por jovem em Salto,2026-06-16T10:20:19+00:00,SP / Sorocaba,https://g1.globo.com/sp/sorocaba-jundiai/noticia/2026/06/16/pai-e-madrasta-mortos-a-facadas-dormiam-quando-foram-atacados-por-jovem-em-salto.ghtml,homicidio,100
"'Ele me enforcou tanto que me desmaiou duas vezes', diz mulher espancada pelo ex-noivo em BH; VÍDEO",2026-06-16T10:18:48+00:00,MG / Belo Horizonte,https://g1.globo.com/mg/minas-gerais/noticia/2026/06/16/ele-me-enforcou-tanto-que-me-desmaiou-duas-vezes-diz-mulher-espancada-pelo-ex-noivo-em-bh-video.ghtml,violencia,95
Queda de energia provoca desabastecimento em cerca de 2.300 imóveis em Aracaju,2026-06-16T10:03:40+00:00,SE / Aracaju,https://g1.globo.com/se/sergipe/noticia/2026/06/16/queda-de-energia-e-registrada-em-dois-bairros-de-aracaju.ghtml,outros,95
Júri condena homem a 21 anos de prisão por assassinato de namorada em Holambra,2026-06-16T10:01:00+00:00,SP / Campinas,https://g1.globo.com/sp/campinas-regiao/noticia/2026/06/16/juri-condena-homem-anos-prisao-assassinato-namorada-holambra.ghtml,homicidio,100
"Antes de ser preso, suspeito de matar sogra a facadas em Sertãozinho deu entrevista e disse não saber de nada",2026-06-16T10:00:12+00:00,SP / Ribeirão Preto,https://g1.globo.com/sp/ribeirao-preto-franca/noticia/2026/06/16/antes-de-ser-preso-suspeito-de-matar-sogra-a-facadas-em-sertaozinho-deu-entrevista-e-disse-nao-saber-de-nada.ghtml,homicidio,100
Recém-nascida de 29 dias morre asfixiada em Pariconha; polícia investiga o caso,2026-06-16T09:42:24+00:00,AL / Maceió,https://g1.globo.com/al/alagoas/noticia/2026/06/16/recem-nascida-de-29-dias-morre-asfixiada-em-pariconha-policia-investiga-o-caso.ghtml,homicidio,95
Quinze pessoas são presas e duas morrem em operação contra facção suspeita de cometer pelo menos 15 homicídios em Salvador,2026-06-16T09:29:51+00:00,SC / Salvador,https://g1.globo.com/ba/bahia/noticia/2026/06/16/operacao-na-bahia-rio-de-janeiro-e-santa-catarina-mira-faccao-suspeita-de-envolvimento-em-pelo-menos-15-homicidios-em-salvador.ghtml,homicidio,90
Família de jovem assassinada em Sertãozinho lamenta anulação de júri pelo STJ: 'Voltou toda a dor',2026-06-16T08:03:22+00:00,SP / Ribeirão Preto,https://g1.globo.com/sp/ribeirao-preto-franca/noticia/2026/06/16/familia-de-jovem-assassinada-em-sertaozinho-lamenta-anulacao-de-juri-pelo-stj-voltou-toda-a-dor.ghtml,homicidio,100
Obstetra suspeito de ignorar chamados e não ir ao hospital para atender grávida que morreu é impedido de atuar no SUS,2026-06-16T08:02:18+00:00,MG / Uberlândia,https://g1.globo.com/mg/triangulo-mineiro/noticia/2026/06/16/obstetra-suspeito-de-ignorar-chamados-e-nao-ir-ao-hospital-para-atender-gravida-que-morreu-e-impedido-de-atuar-no-sus.ghtml,homicidio,100
Mulher que ficou 3h abraçada em poste durante enxurrada reabre restaurante em MG,2026-06-16T08:00:08+00:00,MG / Juiz de Fora,https://g1.globo.com/mg/zona-da-mata/noticia/2026/06/16/mulher-que-ficou-3h-abracada-em-poste-durante-enxurrada-reabre-restaurante-em-mg.ghtml,outros,95
MPTO detalha como empresário impediu defesa de vigia em crime por vaga de luxo em Palmas - Jornal do Tocantins,2026-06-16T08:00:00+00:00,TO / Palmas,https://news.google.com/rss/articles/CBMi2wFBVV95cUxQUzhMMktmZU1tQ1FiMkl4LXFzV0xkczNsZTBCdDduazdvUUs1bWIyNGwzR01YOFZCdXdXc3poSG54ak5FOXR3MjlZTVNzb2lWSl9OaVphQXRYNkdCQnFBamUxby1hdjd4STJXN1ZyeWN3bk9DZWpEc25FeEg2WDFLb3VpVXB5OFo2bFlSZkV5bEVwdkFtdXN0TFMwRGdlOF95X2xXM1FjMnVINGpWQWVLM1VwSDhxSl9NZDhqaWpyMUoxY3V2cVdUeGZuMGIwN0VyQkViVlZYOUhxRjQ?oc=5,fraude,75
"Avó de menina que pediu ajuda em bar também sofria agressões da filha em MG, diz polícia",2026-06-16T07:01:03+00:00,MG / Divinópolis,https://g1.globo.com/mg/centro-oeste/noticia/2026/06/16/avo-de-menina-que-pediu-ajuda-em-bar-tambem-sofria-agressoes-da-filha-em-mg-diz-policia.ghtml,menor,85
Primeira tamanduá-bandeira nascida em cativeiro no RS completa 1 ano e ganha tronco recheado de cupins; veja ANTES e DEPOIS,2026-06-16T06:00:13+00:00,RS / Porto Alegre,https://g1.globo.com/rs/rio-grande-do-sul/noticia/2026/06/16/primeira-tamandua-bandeira-nascida-cativeiro-rs-1-ano-veja-antes-depois.ghtml,outros,100
"Câmara do Recife aprova título de cidadã recifense para atriz Tânia Maria, de 'O Agente Secreto'",2026-06-16T05:00:14+00:00,PE / Recife,https://g1.globo.com/pe/pernambuco/noticia/2026/06/16/camara-do-recife-aprova-titulo-de-cidada-recifense-para-atriz-tania-maria-de-o-agente-secreto.ghtml,outros,100
